drug_name,cui,mesh_term,papers
(4r)-limonene,C0950252,"Air Pollution, Indoor",6
"(all-Z)-4,7,10,13,16-docosapentaenoic acid",C3527640,Pregnancy,15
(r)-gossypol,C0018096,Gossypol,31
(r)-praziquantel,C4477199,Praziquantel,4
(s)-warfarin,C4688338,Warfarin,6
.delta.-tocopherol,C4721403,Vitamin E,13
.gamma.-tocopherol,C0017054,Vitamin E,80
"1,1,1-trichloroethane",C0043697,Pregnancy,74
"1,10-phenanthroline",C0087870,Phenanthrolines,5
"1,2,3,4-dibenzopyrene",C0057769,Aryl Hydrocarbon Hydroxylases,2
"1,2-Dimethylhydrazine",C0043833,Adenocarcinoma,1
"1,2-bis(2,4,6-tribromophenoxy)ethane",C0658753,Flame Retardants,6
"1,2-dibromo-3-chloropropane",C0043801,Propane,27
"1,2-dichlorobenzene",C0046078,Environmental Exposure,3
"1,2-dipalmitoylphosphatidylcholine",C0000039,Pulmonary Surfactants,76
"1,25-dihydroxyvitamin D",C0370232,Vitamin D,349
"1,3,5-trinitrobenzene",C0075681,"Milk, Human",7
"1,3-butadiene",C0043902,Air Pollutants,38
"1,3-dichloro-2-propanol",C0043920,Gas Chromatography-Mass Spectrometry,2
"1,4-DEHT",C0245175,Environmental Exposure,2
"1,4-benzoquinone",C1096793,NAD(P)H Dehydrogenase (Quinone),27
"1,4-butanediol",C0043992,Butylene Glycols,2
"1,4-dioxane",C0044018,Pregnancy,10
1-bromopropane,C0443370,Volatile Organic Compounds,9
1-dodecanol,C0023142,Time Factors,3
1-hexene,C0443406,"Administration, Oral",2
1-hydroxyphenanthrene,C0294418,Polycyclic Aromatic Hydrocarbons,21
1-kestose,C0089445,Allergens,1
1-methylhistidine,C0044470,Amino Acids,8
1-methylimidazole,C0044472,Graves Disease,2
1-methylphenanthrene,C0621403,New York City,4
1-nitronaphthalene,C0044506,Dust,1
1-nitropyrene,C0044508,Mice,12
1-octene,C0044554,Breath Tests,3
1-propanol,C0001964,1-Propanol,48
1-testosterone,C1957374,Case-Control Studies,1
10-hydroxycamptothecin,C0044680,"Antineoplastic Agents, Phytogenic",1
15-Mt-PGF2alpha,C0072282,Pregnancy,24
"16, 16-dimethyl prostaglandin E2",C0000139,"16,16-Dimethylprostaglandin E2",44
17-alpha-hydroxyprogesterone,C0045010,17-alpha-Hydroxyprogesterone,1200
17alpha-Methyltestosterone,C1449554,Blood Proteins,2
19-norandrostenedione,C0045071,Androstenedione,2
2'-fucosyllactose,C0045214,Oligosaccharides,128
"2,2',3,3',6,6'-hexachlorobiphenyl",C0045331,Kinetics,1
"2,2-bis(4-glycidyloxyphenyl)propane",C0045287,Benzhydryl Compounds,8
"2,2-dimethylbutyrate",C5814349,"Administration, Oral",2
"2,3',4,4',5-pentachlorobiphenyl",C0091291,Polychlorinated Biphenyls,14
"2,3-dimercapto-1-propanesulfonic acid",C0041738,DNA Methylation,27
"2,3-dimethoxy-1,4-naphthoquinone",C0045384,Autistic Disorder,2
"2,4,5-T",C0000215,"2,4,5-Trichlorophenoxyacetic Acid",55
"2,4-D",C0000220,"2,4-Dichlorophenoxyacetic Acid",101
"2,4-diaminotoluene",C0045479,Biomarkers,1
"2,4-dichlorophenol",C0045488,Phenols,49
"2,4-dihydroxybenzophenone",C0909131,Benzophenones,13
"2,4-dinitrophenol",C0045511,Mice,12
"2,4-dinitrotoluene",C0045525,Arsenic,1
"2,4-thiazolidinedione",C0289779,Thiazolidinediones,13
"2,5-dichlorophenol",C0045552,Phenols,65
"2,5-hexanedione",C0045574,Hexanes,12
"2,6-dinitrotoluene",C0045622,Brain Neoplasms,32
"2-Amino-1-Methyl-6-Phenylimidazo[4,5-b]Pyridine",C0045811,Imidazoles,15
2-Mercaptoethanesulfonate,C0085721,Ifosfamide,3
2-amino-2-methylpropanol,C0045818,Pregnancy,4
2-aminoanthracene,C0045907,Anthracenes,3
2-aminoisobutyric acid,C0045888,Aminoisobutyric Acids,13
"2-bromo-4,6-dinitroaniline",C0626850,Azo Compounds,2
2-butanol,C0045967,Butanols,2
2-deoxyglucose,C4049845,Deoxyglucose,194
2-ethylhexanoic acid,C0046095,Caproates,4
2-ethylhexanol,C0046096,"Air Pollution, Indoor",4
2-hydroxybutyric acid,C0046188,Pregnancy,13
2-hydroxyestradiol,C0046196,Pregnancy,10
2-hydroxynaphthalene,C0046413,Polycyclic Aromatic Hydrocarbons,66
2-iminobiotin,C0046252,Biotin,4
2-isopropoxyphenol,C0163353,Pregnancy,8
2-mercaptobenzothiazole,C0054631,Breath Tests,13
2-mercaptoethanesulfonic acid,C0206008,Pregnancy,608
2-methoxyestradiol,C0046319,Pregnancy,36
2-methoxyethanol,C0066234,Ethylene Glycols,21
2-methyl-4-isothiazolin-3-one,C0046343,"Dermatitis, Allergic Contact",19
2-methylbutanoic acid,C0093410,"Amino Acid Metabolism, Inborn Errors",3
2-octyl cyanoacrylate,C0391770,Tissue Adhesives,19
2-phenylphenol,C0046525,Phenols,8
2-pyrrolidone,C0046547,Pyrrolidinones,7
20-hydroxyecdysone,C0013495,Ecdysteroids,2
"24,25-dihydroxycholecalciferol",C0000334,"24,25-Dihydroxyvitamin D 3",112
24-hydroxycholesterol,C0208133,Hydroxycholesterols,19
25-desacetylrifapentine,C0163703,Rifampin,5
25-hydroxycholesterol,C0046699,Hydroxycholesterols,8
25-hydroxyvitamin D,C0006657,Vitamin D,3929
25-hydroxyvitamin D,C0535968,Vitamin D,3598
25B-NBOMe,C4042448,Anisoles,1
25C-NBOMe,C4077577,Designer Drugs,2
25I-NBOMe,C2975812,Dimethoxyphenylethylamine,3
"3,3'-diindolylmethane",C0163151,Anticarcinogenic Agents,1
"3,4-Methylenedioxypyrovalerone",C2974592,Poison Control Centers,2
"3,4-benzfluoranthene",C0053199,Polycyclic Aromatic Hydrocarbons,41
"3,4-dichloroaniline",C0046952,Aniline Compounds,3
"3,4-didehydroretinyl acetate",C0538421,Vitamin A,6
"3,4-dihydroxybenzoic acid",C0072489,Parabens,8
"3,5,6-trichloro-2-pyridinol",C0047013,Pesticides,64
"3,5-diiodothyropropionic acid",C0218166,Monocarboxylic Acid Transporters,2
3-PBA,C0047689,Pyrethrins,132
3-hydroxyanthranilic acid,C0000407,Tryptophan,30
3-hydroxyglutaric acid,C0667581,Glutarates,29
3-hydroxyquinidine,C0047494,Quinidine,4
3-indolepropionic acid,C0381099,Metabolomics,2
3-iodobenzylguanidine,C0047506,Neuroblastoma,398
3-methyl-4-nitrophenol,C0048548,Japan,5
3-methylfentanyl,C0047589,"Analgesics, Opioid",1
3-nitropropionic acid,C0047640,Neurotoxins,4
3-o-methyl-d-glucose,C0047666,3-O-Methylglucose,26
3-phenyl propionic acid,C0047696,Phenylpropionates,5
3-tyrosine,C0047729,Oxidative Stress,9
4'-deoxydoxorubicin,C0047760,Antineoplastic Agents,1
4-HNE cpd,C0048297,Aldehydes,90
4-Hydroxyphenylpyruvate Dioxygenase,C0000507,4-Hydroxyphenylpyruvate Dioxygenase,40
4-Hydroxyphenylpyruvate Dioxygenase,C5444083,4-Hydroxyphenylpyruvate Dioxygenase,40
4-N-octylphenol,C5402070,Pregnancy,12
4-Nitroquinoline-1-oxide,C0000511,"Cells, Cultured",1
4-aminobenzoate,C1703206,Amidohydrolases,4
4-aminobenzoic acid,C0000473,4-Aminobenzoic Acid,66
4-aminohippuric acid,C0030123,Polycyclic Aromatic Hydrocarbons,789
4-aminophenol,C0048047,Acetaminophen,12
4-aminoquinoline,C0048060,Antimalarials,15
4-chloroaniline,C0048181,Amines,2
4-hydroxybenzoic acid,C0048323,Parabens,36
4-hydroxybenzophenone,C0609978,Benzophenones,16
4-hydroxycoumarin,C0097101,Acids,1
4-hydroxyestradiol,C0097109,"Estrogens, Catechol",6
4-hydroxyphenylpyruvic acid,C0048392,4-Hydroxyphenylpyruvate Dioxygenase,2
4-methoxyamphetamine,C0048451,"Infant, Premature",564
4-methylethcathinone,C3711219,Amphetamines,2
4-methylimidazole,C0048498,Imidazoles,2
4-nitrocatechol,C0048571,Amniotic Fluid,2
4-nitrocatechol sulfate,C0048572,Cerebroside-Sulfatase,2
4-nitrophenyl phosphate,C0134796,Alkaline Phosphatase,8
4-nonylphenol,C0097405,Phenols,35
4-phenylenediamine,C0048678,Pregnancy,401
4-tert-octylphenol,C0537565,Phenols,24
4-vinylcyclohexene diepoxide,C0048737,Cyclohexenes,4
5-Aminosalicylate,C0098148,Mesalamine,15
5-HT3 receptor antagonist,C0360055,Antiemetics,25
5-HT3 receptor antagonist,C3536755,Antiemetics,27
5-androstenedione,C0049063,Estradiol,1
5-chloro-2-methyl-4-isothiazolin-3-one,C0049104,Thiazoles,16
5-hydroxymethylfurfural,C0049244,Furaldehyde,8
5-hydroxythiabendazole,C0049254,Asthma,2
5-methyl-1H-benzotriazole,C4042718,Amniotic Fluid,2
5-methyltetrahydrofolic acid,C3498054,Tetrahydrofolates,10
5alpha-DHP,C0525097,Pregnancy,27
"5alpha-androstane-3alpha,17beta-diol",C4305756,Testosterone,13
6-MeO-BDE-47,C1566070,Age Factors,1
6-OH-BDE-47,C3659707,Halogenated Diphenyl Ethers,10
6-OHDA,C0085196,Rats,50
6-aminocaproic acid,C0000608,Aminocaproic Acid,94
6-chloronicotinic acid,C0617121,China,5
6-diazo-5-oxo-l-norleucine,C0012020,Africa South of the Sahara,1
6-hydroxymethylpterin,C0049620,Pterins,2
6-methyltetrahydropterin,C0049666,Pterins,5
6-monoacetylmorphine,C0049689,Pregnancy,25
6-o-benzylguanine,C0083812,Guanine,10
6PPD,C0283173,Quinones,5
"7,12-Dimethylbenzanthracene",C0000677,Pregnancy,39
"7,8-dihydroneopterin",C0049776,Biopterins,4
"7,8-dihydroxyflavone",C2350853,Energy Metabolism,1
7-hydroxymethotrexate,C0049910,Methotrexate,33
7beta-hydroxycholesterol,C0099513,Cholesterol,6
8-anilinonaphthalene-1-sulfonic acid,C1872594,Anemia,1
8-azaguanine,C0004476,Adenine Phosphoribosyltransferase,2
8-chlorotheophylline,C0772197,Caffeine,2
8-sulfophenyltheophylline,C0050010,Adenosine,2
9-aminocamptothecin,C0214192,Precursor Cell Lymphoblastic Leukemia-Lymphoma,5
9-fluorocortisone,C0050233,17-alpha-Hydroxyprogesterone,1
AB 132,C0609937,Aziridines,1
ACE inhibitor,C0003015,Angiotensin-Converting Enzyme Inhibitors,709
ADA Inhibitors,C2746041,Adenosine Deaminase Inhibitors,12
ADENOSINE DEAMINASE,C0001457,Adenosine Deaminase,694
ADENOSINE DEAMINASE,C2933084,Adenosine Deaminase,694
AG1478,C4721501,Pregnancy,4
AHPrBP,C0043603,Diphosphonates,327
ALCOHOL 70 mL in 100 mL TOPICAL LIQUID [Ethyl Rubbing Alcohol],C1612975,Ethanol,34
ALGLUCOSIDASE,C1815634,alpha-Glucosidases,4
AMPA,C0051318,"Receptors, AMPA",74
ANTIARRHYTHMICS,C0003195,Anti-Arrhythmia Agents,1197
AP1903,C0965498,Caspase 9,4
AZD1222,C5383286,COVID-19,37
Abilify,C1170019,Antipsychotic Agents,5
Absolute Alcohol,C0085733,Pregnancy,145
Accutane,C0699581,Isotretinoin,30
Acetaminophen Tablets,C1243102,Cross-Sectional Studies,3
Acetylsalicylate,C0304348,Aspirin,5
Acid,C0001128,Pregnancy,5897
Acrolein,C0001204,Biomarkers,33
Acrylonitrile,C0001223,Biomarkers,26
Acticoat,C0763683,Burns,15
Activated prothrombin complex concentrate,C0358606,Hemophilia A,50
Ad26.COV2.S,C5416833,COVID-19,42
Adderall,C0290795,Central Nervous System Stimulants,32
Addiphos,C0081466,Buffers,3
Adiponectin,C0389071,Adiponectin,2240
Adiponectin,C1438411,Adiponectin,2240
Adrenal hormone,C1445654,Hydrocortisone,57
Adrenalin,C0014563,Epinephrine,2457
Adrenalin,C1963284,Epinephrine,68
Adrenergic Agonist,C0001648,Adrenergic Agonists,98
Adrenergic beta-2 Receptor Agonists,C2936789,Adrenergic beta-2 Receptor Agonists,271
Adrenergics,C0001637,Pregnancy,409
Adriamycin,C0085752,Doxorubicin,569
Aflatoxin,C0001734,Aflatoxins,323
Aflatoxin B,C0085754,Food Contamination,29
Aflatoxin M1,C0085181,Aflatoxin M1,164
Airborne Particulate Matter,C1510837,Particulate Matter,303
Albumin,C0001924,Serum Albumin,1999
Alcian Blue,C0001933,Glycosaminoglycans,51
Alcohol,C0001962,Alcohol Drinking,14717
Alcohol,C0001975,Alcohol Drinking,14717
Aldicarb,C0001994,Pesticides,12
Aldrin,C0002011,"Hydrocarbons, Chlorinated",78
Alfatesine,C0878402,Alfaxalone Alfadolone Mixture,6
Alfathesin,C0917831,Alfaxalone Alfadolone Mixture,7
Algopyrin,C0917932,Drug Eruptions,1
Alizarin Red S,C0051165,Fetus,4
Alkeran,C0591063,Melphalan,3
Alkylators,C0002073,Alkylating Agents,185
Alloferin,C0877917,Alcuronium,1
Allopregnanolone,C0086244,Pregnanolone,98
Alpha-Amanitin,C0002241,Amanita,2
Althesin,C0002348,Alfaxalone Alfadolone Mixture,59
Aluminium chloride hexahydrate,C0051512,Aluminum,6
Alveofact,C0210638,Pulmonary Surfactants,39
AmBisome,C0591076,Amphotericin B,95
Amines,C0002508,Amines,289
Aminopenicillin,C0304324,Anti-Bacterial Agents,41
Aminosyn,C0103040,Amino Acids,10
Amipaque,C0733478,Metrizamide,17
Amosite,C0051740,Mesothelioma,5
Amyloid beta,C0078939,Amyloid beta-Peptides,302
Anabasine,C0002743,Anabasine,9
Anabolic Steroids,C0002845,Anabolic Agents,115
Anabolic Steroids,C5671313,Anabolic Agents,91
Analgesic,C0002771,Pregnancy,2980
Analgesic,C0728960,Pregnancy,1931
Androcur,C0699709,Cyproterone Acetate,9
Androgen,C0002844,Testosterone,2378
Androgen,C0603280,Testosterone,2373
Androgen,C3536949,Testosterone,1748
Anesthetic,C0002932,Pregnancy,2502
Anesthetic,C5399725,Pregnancy,1247
Angiotensin,C0003018,Pregnancy,679
Angiotensin,C4521302,Pregnancy,734
Angiotensin II Type 1 Receptor Blockers,C1449680,Angiotensin II Type 1 Receptor Blockers,154
Angiotensin Receptor Blockers,C0521942,Angiotensin-Converting Enzyme Inhibitors,88
Angiotensin Receptor Blockers,C0815017,Angiotensin Receptor Antagonists,128
Anorectics,C0003620,Anorexia Nervosa,151
Anovlar,C0103413,"Contraceptives, Oral",16
Antacid,C0003138,Antacids,261
Antacid,C0003216,Anti-Ulcer Agents,374
Anteovin,C0733738,Ethinyl Estradiol-Norgestrel Combination,19
Anthocyanins,C0003161,Anthocyanins,35
Anthracycline,C0003234,Anthracyclines,434
Anthraquinone,C0003174,Anthraquinones,35
Anthraquinone,C0050133,Anthraquinones,3
Anthraquinone,C0303858,Pregnancy,4
Anthraquinone laxatives,C0360063,Anthraquinones,2
Anthrax Vaccine Adsorbed,C1329979,Anthrax Vaccines,28
Anti-infective,C0003204,Anti-Infective Agents,2142
Anti-infective,C5399722,Pregnancy,53
Anti-inflammatory,C0003209,Anti-Inflammatory Agents,4889
Antibodies,C0003241,Pregnancy,21870
Antibodies,C3495458,"Antibodies, Viral",19867
Anticholinergic,C0242896,Retrospective Studies,176
Anticholinergic,C3537004,Cholinergic Antagonists,126
Anticholinesterase,C0001046,Cholinesterase Inhibitors,68
Anticholinesterase,C0008425,Cholinesterase Inhibitors,344
Anticonvulsant,C0003286,Anticonvulsants,10509
Antidiarrheals,C0003292,Antidiarrheals,129
Antiemetic,C0003297,Antiemetics,1142
Antiemetic,C3536993,Antiemetics,434
Antiepileptic,C0003299,Anticonvulsants,4393
Antifibrinolytics,C0003304,Antifibrinolytic Agents,605
Antifolates,C0016411,Folic Acid Antagonists,173
Antifungal,C0003308,Antifungal Agents,3402
Antifungal,C1442872,Antifungal Agents,1162
Antifungal,C5399711,Antifungal Agents,1162
Antihypertensive,C0003364,Antihypertensive Agents,2433
Antilymphocyte Globulin,C0003370,Antilymphocyte Serum,111
Antilymphocyte Globulin,C0003372,Antilymphocyte Serum,1464
Antilysin,C0699429,Aprotinin,1
Antimalarials,C0003374,Antimalarials,4456
Antimanic Agents,C0242911,Antimanic Agents,293
Antimicrobial,C1136254,Anti-Bacterial Agents,3230
Antimicrobial,C5399717,Anti-Bacterial Agents,2787
Antimitotic Agents,C0003379,Pregnancy,17
Antimuscarinics,C0003385,Muscarinic Antagonists,285
Antimycobacterial agent,C0360390,BCG Vaccine,31
Antioxidants,C0003402,Antioxidants,4190
Antiplatelet Drugs,C0085826,Platelet Aggregation Inhibitors,61
Antipyretics,C0003419,Fever,309
Antiretroviral,C0599685,HIV Infections,9944
Antiseptic,C0003205,"Anti-Infective Agents, Local",1083
Antiseptic,C3536839,"Anti-Infective Agents, Local",135
Antithrombotic Agent,C0016018,Fibrinolytic Agents,1019
Antithrombotic Agent,C1704311,Fibrinolytic Agents,23
Antitubercular Agents,C0003448,Antitubercular Agents,2755
Antitussive,C0003449,Antitussive Agents,131
Antitussive,C1154227,Antitussive Agents,26
Apitoxin,C0003574,Insect Bites and Stings,15
Aplidin,C3160737,Antineoplastic Agents,2
Ara-C,C0733521,Cytarabine,425
Aracytine,C0733524,Cytarabine,8
Areca nut,C0684282,Areca,72
Aristolochic acid,C0052377,Aristolochic Acids,4
Aroclor-1254,C0052391,Pregnancy,59
Aromatase inhibitor,C0593802,Aromatase Inhibitors,328
Aromatase inhibitor,C3536820,Aromatase Inhibitors,163
Asacol,C0678172,Mesalamine,9
Asbestos,C0003947,Asbestos,199
Aserbine,C0052481,"Anti-Infective Agents, Local",2
Astragalus propinquus root extract,C0696679,"Drugs, Chinese Herbal",7
Atractylodes rhizome,C0874069,"Drugs, Chinese Herbal",2
Atypical antipsychotic,C1276996,Antipsychotic Agents,292
Atypical antipsychotic,C3537043,Antipsychotic Agents,290
Augmentin,C0591132,Amoxicillin-Potassium Clavulanate Combination,52
Autologous fat,C4076692,Adipose Tissue,3
Azinphosmethyl,C0004494,Agriculture,18
Azole antifungal,C0360363,Antifungal Agents,22
Azole antifungal,C3536759,Antifungal Agents,19
B-Raf inhibitor,C3838813,Proto-Oncogene Proteins B-raf,17
BAPTA,C0043775,Calcium,3
BAY 94-9027,C4045418,Factor VIII,9
BBOEP,C4742097,Organophosphates,40
BBP,C0914447,Phthalic Acids,78
BCIPP,C4742098,Organophosphates,44
BDE 49,C3492633,Halogenated Diphenyl Ethers,6
BDE-100,C1872385,Halogenated Diphenyl Ethers,72
BDE-153,C1872386,Halogenated Diphenyl Ethers,199
BDE-209,C1454121,Halogenated Diphenyl Ethers,164
BDE-47,C1722788,Halogenated Diphenyl Ethers,337
BDE-99,C1311972,Halogenated Diphenyl Ethers,141
BIBP vaccine,C5690603,COVID-19,11
BMP-15,C0905649,Bone Morphogenetic Protein 15,20
BMP-15,C1664710,Bone Morphogenetic Protein 15,20
BPDE,C0000641,"7,8-Dihydro-7,8-dihydroxybenzo(a)pyrene 9,10-oxide",25
BRL 25000,C0729068,Amoxicillin,18
BUTYROLACTONE,C0178525,Aryldialkylphosphatase,3
Bacitracin Ointment,C1245016,Bacitracin,5
Bacterial Vaccine,C0004632,Bacterial Vaccines,1722
Bactrim,C0591139,"Trimethoprim, Sulfamethoxazole Drug Combination",9
Baking powder,C0453390,Pica,3
Barbiturate,C0004745,Barbiturates,182
Barbiturate,C0220791,Barbiturates,68
Barbiturate,C3536849,Barbiturates,68
Benadryl,C0700899,Diphenhydramine,4
Benzene Derivatives,C0005037,Benzene Derivatives,93
Benzo[k]fluoranthene,C0053207,Polycyclic Aromatic Hydrocarbons,28
Benzodiazepines,C0005064,Benzodiazepines,1199
Benzodiazepines,C4048284,Benzodiazepines,1199
Benzonal,C0105650,Anticonvulsants,4
Beta-lactoglobulin,C0005248,Lactoglobulins,256
Betadine,C0699524,Povidone-Iodine,40
Betaine Anhydrous,C1166065,Betaine,2
Bicarbonate,C0005367,Bicarbonates,1006
Bicarbonate,C2722820,Bicarbonates,572
Bicarnesine,C0005368,Carnitine,1
Bicillin,C0729074,Penicillin G Benzathine,4
"Bicyclic antidepressant, NOS",C0304364,"Affective Disorders, Psychotic",1
Bile acid,C0005390,Bile Acids and Salts,1330
Bile acid,C2917673,Bile Acids and Salts,1013
Bilirubin,C0005437,Bilirubin,4802
Bilirubin,C5241078,Bilirubin,4802
Bint al Zahab,C0377974,Lead,2
Biocides,C0444414,Pregnancy,21
Biologics,C4553887,Pregnancy,9115
Biphenyl,C0058372,Pregnancy,165
Bisecurin,C0106541,"Contraceptives, Oral",17
Bivalent Vaccine,C5392193,Papillomavirus Vaccines,98
Blood products,C0456388,Retrospective Studies,569
BoNT-A,C2930113,"Botulinum Toxins, Type A",146
Botox,C0700702,"Botulinum Toxins, Type A",146
Botulinum Toxin,C0006055,"Botulinum Toxins, Type A",987
Bouin's fluid,C0053963,Immunohistochemistry,5
Brietal,C0733445,Methohexital,5
Brodifacoum,C0054095,4-Hydroxycoumarins,14
Bromelain-POS,C1449925,Acute Disease,1
Brucella abortus strain RB51 vaccine,C1268849,"Abortion, Veterinary",3
Bt Toxin,C5392104,Aminobutyrates,2
Bufadienolides,C0006349,Atropine Derivatives,1
Bufferin,C0719034,Acute Disease,1
Butylone,C4068098,"3,4-Methylenedioxyamphetamine",1
C1 esterase inhibitor,C0009500,Complement C1 Inactivator Proteins,236
C1 esterase inhibitor,C0540301,Complement C1 Inhibitor Protein,141
C1 esterase inhibitor,C2366367,Complement C1 Inhibitor Protein,121
CALAMINE LOTION,C1251857,Israel,4
CARALLUMA FIMBRIATA EXTRACT,C2718449,Apocynaceae,2
CB-154,C0701351,Pregnancy,28
CCNU,C0687700,Lomustine,76
CN 3123,C0950320,Drug Combinations,3
CNQX,C0099122,Aging,6
CORAL SNAKE (MICRURUS FULVIUS) IMMUNE GLOBULIN ANTIVENIN (EQUINE),C0302236,Antivenins,1
COVID-19 vaccine,C5387588,COVID-19,4335
COVID-19 vaccine,C5400806,COVID-19,4317
COX inhibitor,C0085387,Cyclooxygenase Inhibitors,593
COX-2 Inhibitor,C1257954,Cyclooxygenase 2 Inhibitors,112
"CP-55,940",C0110893,Cannabinoids,4
CPG-ODN,C0914671,Oligodeoxyribonucleotides,37
CS-1170,C0728975,Bacterial Infections,12
CU 32-085,C0056457,Chemical Phenomena,2
Cafergot,C0054430,"Abnormalities, Drug-Induced",2
Calcineurin inhibitor,C1453118,Immunosuppressive Agents,266
Calcineurin inhibitor,C1562036,Immunosuppressive Agents,487
Calcium antacid,C0304542,Antacids,4
Camellia oil,C1879986,"Injections, Intramuscular",3
Campath 1G,C0289523,Bone Marrow Transplantation,24
Candida antigen,C0982054,"Antigens, Fungal",35
Cannabis oil,C0556617,Anticonvulsants,4
Carbamate,C0006948,Carbamates,219
Carbamate,C4551663,Insecticides,42
Carbamate insecticide,C0021578,Insecticides,7
Carbapenem,C0006968,Anti-Bacterial Agents,388
Carbodiimides,C0006993,Mice,5
Carbofuran,C0006995,Carbofuran,14
Carbon,C0007009,Carbon Isotopes,906
Carbonates,C0007026,Carbonated Beverages,657
Carbonic Anhydrase Inhibitors,C0007036,Carbonic Anhydrase Inhibitors,131
Carbonic Anhydrase Inhibitors,C3541961,Carbonic Anhydrase Inhibitors,131
Carcinogens,C0007090,Carcinogens,934
Cardiotonics,C0007209,Cardiotonic Agents,699
Cardiovascular Agents,C0007220,Cardiovascular Agents,313
Carmine,C0007250,"Infant, Premature",21
Carmoisine,C0052799,Pregnancy,18
Carmoisine,C3503768,Naphthalenesulfonates,4
Carotene,C0007269,Vitamin A,290
Catapres,C0699881,Clonidine,5
Catecholamine,C0007412,Catecholamines,1265
Catecholamine,C3536742,Catecholamines,699
Celestolide,C0377473,Benzopyrans,2
Central Nervous System Depressants,C0007681,Central Nervous System Depressants,843
Cephalosporin,C3536856,Cephalosporins,1846
Cephalosporin,C4706514,Anti-Bacterial Agents,440
Ceprotin,C1949898,Protein C,7
Ceramide,C0007745,Ceramides,187
Ceredase,C0109081,Gaucher Disease,22
Ceruloplasmin,C0007841,Ceruloplasmin,769
Ceruloplasmin,C5441691,Ceruloplasmin,769
Chelators,C0007974,Chelating Agents,485
Chemotherapeutic agent,C0729502,Antineoplastic Agents,50
Chirocaine,C0875986,"Analgesia, Epidural",2
Chlor-Trimeton,C0699075,Chlorpheniramine,2
Chlordane,C0008184,"Hydrocarbons, Chlorinated",98
Chlordecone,C0022562,Chlordecone,42
Chloromycetin,C0591251,Anti-Bacterial Agents,4
Chlorothalonil,C0076234,Pregnancy,14
Chlorpyrifos,C0013328,Chlorpyrifos,240
Cholera Toxin,C0008356,Cholera Toxin,190
Cholinergics,C0242893,"Receptors, Cholinergic",462
Chrysotile,C0055667,Asbestos,22
Cibalgin,C0109766,Aminopyrine,2
Cigarette smoke,C0239059,Smoking,5913
Ciguatoxin,C0008776,Ciguatera Poisoning,5
Ciprofol,C5707898,Propofol,3
Citanest Octapressin,C0730812,"Anesthesia, Local",1
Citrinin,C0008861,Citrinin,13
Clesrovimab,C5670521,#,1
Clinitest,C0055882,"Diabetes Mellitus, Type 1",12
Clodronate,C0162357,Clodronic Acid,7
Clofelin,C0699875,Clonidine,19
Clofibric Acid,C0009003,Clofibrate,10
Clomid,C0591268,Clomiphene,53
Clostridioides difficile toxin A,C0055948,Bacterial Toxins,2
Cobra venom,C0009165,Complement System Proteins,2
Colloidal Gold,C0009359,Immunohistochemistry,16
Combigan,C1968041,Timolol,2
Combined Oral Contraceptives,C0009906,"Contraceptives, Oral, Combined",1271
Combivir,C0667846,HIV Infections,16
Comirnaty,C5448013,COVID-19,79
Complamin,C0877916,Xanthinol Niacinate,8
Concerta,C0939301,Methylphenidate,66
Conjugated Linoleic Acid,C0050156,"Linoleic Acids, Conjugated",49
Conjugated Linoleic Acid,C1257880,"Linoleic Acids, Conjugated",92
Contigen,C0244920,Collagen,2
Contraceptives,C0009871,Pregnancy,5395
Convulsofin,C0700662,Epilepsy,3
Corbevax,C5771937,COVID-19,6
Corticoid,C0001617,Adrenal Cortex Hormones,6616
Cortrosyn,C0701510,Adrenocorticotropic Hormone,21
Cotinine,C0010194,Cotinine,2305
Coumadin,C0699129,Warfarin,41
Coumarins,C0010207,Coumarins,86
Covaxin,C5416850,COVID-19,19
CpG 7909,C1134664,Oligodeoxyribonucleotides,9
Crack Cocaine,C0085163,Pregnancy,164
Cre recombinase,C1744318,Mice,4
Creon,C0111046,Cystic Fibrosis,14
CroFab,C1145755,Antivenins,15
Crocidolite,C0056502,Mesothelioma,22
Crotalidae Polyvalent immune Fab,C0939690,Antivenins,20
Crotoxin,C0010377,Antivenins,3
Crude Oil,C0031264,Petroleum,341
Cryoprecipitate,C0443121,Factor VIII,123
Cryoprecipitate,C5553020,Retrospective Studies,140
Cryoprotectants,C0010406,Cryopreservation,47
Crystalloid,C0056562,Pregnancy,261
Curare,C0010463,Curare,11
Curare-Like Agents,C0010464,Neuromuscular Nondepolarizing Agents,8
Curosurf,C0111318,Pulmonary Surfactants,184
Cyanoacrylate,C0010507,Cyanoacrylates,77
Cyanobacterial Neurotoxin,C5544362,"Amino Acids, Diamino",2
Cyclabil,C0056842,Estradiol,2
Cyclocytidine,C0010557,Ancitabine,6
Cyclomydril,C0305770,Cardiopulmonary Resuscitation,2
Cystocain DS,C0649523,"Anesthesia, Dental",1
Cytosar,C0591320,Antineoplastic Combined Chemotherapy Protocols,5
Cytotec,C0591321,Pregnancy,80
Cytotoxic agent,C0010868,Cytotoxins,77
Cytotoxic agent,C0304497,"T-Lymphocytes, Cytotoxic",1063
Cytoxan,C0699319,Cyclophosphamide,44
D-luciferin,C2606823,Albumins,1
DAPS,C0525921,Pesticides,80
DCHP,C0641552,Phthalic Acids,21
DDAVP,C0701195,Deamino Arginine Vasopressin,324
DDD,C0011037,Pregnancy,142
DDD,C0026256,Mitotane,68
DDE,C0011038,Pregnancy,889
DE-71,C0253008,Halogenated Diphenyl Ethers,30
DEAB,C0054395,Acyclic Monoterpenes,2
DEHP,C0012197,Phthalic Acids,1002
DEP,C0057472,Pregnancy,178
DEP,C0057934,Phthalic Acids,225
DERMABOND,C1530215,Tissue Adhesives,14
DHA-S,C0142831,Dehydroepiandrosterone,54
DHPG,C0017066,Cytomegalovirus Infections,743
DHPG,C0058144,Methoxyhydroxyphenylglycol,30
DMAA,C0044981,Arsenicals,4
DMPA,C0067376,Medroxyprogesterone Acetate,608
DN-1417,C0058537,Anticonvulsants,2
DNBP,C0058312,Phthalic Acids,121
DNHP,C0618301,Phthalic Acids,5
DOPA decarboxylase inhibitor,C0598272,Levodopa,3
DTP Vaccine,C1277100,Diphtheria-Tetanus-Pertussis Vaccine,724
DTaP vaccine,C0535644,Diphtheria-Tetanus-acellular Pertussis Vaccines,1234
Dapsone Gel,C1639494,Acne Vulgaris,19
Daraprim,C0591326,Anemia,3
Daunoxome,C0592528,Daunorubicin,8
Debendox,C0112682,Pregnancy,23
Decapeptyl,C2745954,Triptorelin Pamoate,99
Deflux,C0299556,Hyaluronic Acid,63
Dehydrobenzperidol,C0591413,Preanesthetic Medication,4
Demerol,C0935966,Pregnancy,14
Demulen,C0112957,"Contraceptives, Oral",8
Depakine,C0700661,Anticonvulsants,25
DepoProvera,C0699700,Medroxyprogesterone Acetate,272
Deprenyl,C0086130,Attention Deficit Disorder with Hyperactivity,4
Dermaton,C0878498,Chlorfenvinphos,1
Desferal,C0591350,Deferoxamine,23
Designer Drugs,C0011684,Designer Drugs,21
Desitin,C0719792,Absorption,2
Dexamethasone Intravitreal Implant,C2702454,Dexamethasone,13
Dexedrine,C0591355,Dextroamphetamine,7
Di-isodecylphthalate,C0058155,Phthalic Acids,27
Diacarb,C0699248,Acetazolamide,5
Diamox,C0591362,Acetazolamide,12
Dianabol,C0878075,Methandrostenolone,4
Diazinon,C0012013,Pesticides,76
Dibutyl phosphate,C0303933,Organophosphates,26
Dicamba,C0012060,Environmental Exposure,7
Dichlorophenol,C0439925,Pregnancy,11
Dicofol,C0012098,Environmental Monitoring,10
Dieldrin,C0012141,"Milk, Human",146
Diesel Exhaust,C0012151,Vehicle Emissions,110
Dietary fibre supplementation,C0556106,Dietary Fiber,11
Diethylnitrosamine,C0012200,Diethylnitrosamine,23
Diglyceride,C0043791,Pregnancy,40
Diglycoaldehyde,C0063555,Antineoplastic Agents,2
Digoxin immune fab,C0700607,Immunoglobulin Fab Fragments,13
Dilantin,C0699512,Phenytoin,22
Dilatol,C0012364,Pregnancy,19
Dimer-X,C0114058,Brain Diseases,1
Dimethadione,C0012386,Dimethadione,3
Dimethoate,C0012393,Pesticides,31
Dinutuximab beta,C4722567,Neuroblastoma,8
Dioxin,C0012503,Dioxins,830
Dioxin,C0039635,Polychlorinated Dibenzodioxins,775
Diphtheria Toxin,C0012550,"Antibodies, Bacterial",128
Diprivan,C0678120,Propofol,34
Dipropyl Acetate,C0086166,Epilepsy,3
Diquat,C0012589,Diquat,6
Disease Modifying Antirheumatic Drugs,C0242708,Antirheumatic Agents,276
Distilled water,C0790233,Pregnancy,96
Dithiothreitol,C0012789,Dithiothreitol,54
Dithizone,C0012790,Calibration,1
Dithranol cream,C1251813,"Administration, Cutaneous",1
Ditropan,C0591395,Mandelic Acids,6
Diuretic,C0012798,Diuretics,862
Diuretic,C5399719,Diuretics,270
Diuron,C0012804,Pregnancy,6
Dizocilpine,C0079245,Dizocilpine Maleate,4
Dolantin,C0936269,Meperidine,8
Dopamine Agonists,C0178601,Dopamine Agonists,292
Dopamine Antagonists,C0242702,Dopamine Antagonists,192
Dormicum,C0013050,Midazolam,17
Dotarem,C0114857,Contrast Media,9
Drug,C0013227,Pregnancy,92966
Drug,C1254351,Pregnancy,83125
Dx-HA copolymer,C1453373,Hyaluronic Acid,10
Dyazide,C0058829,Triamterene,3
Dyneric,C0013354,Pregnancy,5
Dysferlin,C0758256,Muscle Proteins,36
Dysferlin,C4319832,Muscle Proteins,36
Dysport,C0591427,"Botulinum Toxins, Type A",52
E-ferol,C0115296,Vitamin E,8
EB1089,C0287937,Body Weight,2
EMLA,C0059079,Lidocaine,198
EMLA Cream,C0360032,Lidocaine,133
EPHEDRA,C0390643,Ephedra,6
EPHEDRA,C0885298,Ephedra,6
ERGOT,C0304712,Pregnancy,24
ETBE,C0387725,Air Pollutants,2
Ecdysteroids,C0058915,Ecdysteroids,2
Emergency Contraceptives,C1720756,Pregnancy,100
Endocrine Disruptors,C1568245,Pregnancy,849
Endosulfan,C0014252,"Hydrocarbons, Chlorinated",79
Endothelin Receptor Antagonists,C1134681,Antihypertensive Agents,27
Endoxan,C0699320,Cyclophosphamide,10
Endrin,C0014267,"Hydrocarbons, Chlorinated",45
Enovid,C0116188,Norethynodrel,26
Enovid-E,C0116189,"Contraceptives, Oral",6
Entonox,C0059395,Pregnancy,53
Enzaprost F,C0699143,Pregnancy,9
Enzyme,C0014442,Enzyme-Linked Immunosorbent Assay,19511
Enzyme,C5399708,Enzyme-Linked Immunosorbent Assay,19511
Epichlorohydrin,C0014486,Pregnancy,543
Epidermal Growth Factor Receptor,C0034802,Glomerular Filtration Rate,1084
Epidiolex,C4731581,Cannabidiol,29
Epipodophyllotoxin,C0086243,Podophyllotoxin,34
Epitomax,C4704732,Anticonvulsants,2
Epivir,C0678151,Pregnancy,8
Epsikapron,C0702042,Age Factors,2
Ercalcidiol,C0000343,25-Hydroxyvitamin D 2,357
Erwinase,C0591457,Asparaginase,17
Erythropoiesis Stimulating Agent,C1959590,Hematinics,13
Escherichia coli labile toxin,C0116555,Enterotoxins,24
Essential oil,C0028910,Pregnancy,57
Ethibloc,C0116757,Diatrizoate,16
Ethoxysclerol,C0206892,Sclerotherapy,10
Ethrane,C0701979,Enflurane,17
Ethyl dipropylthiocarbamate,C0301205,Agriculture,2
Ethylenethiourea,C0015097,Pregnancy,17
Euglucon N,C0700716,Blood Glucose,1
Eugynon,C0733739,"Contraceptives, Oral",20
Euphyllin,C1257697,Theophylline,6
Evomela,C4224874,"Antineoplastic Agents, Alkylating",2
Ex-Lax,C0720319,Charcot-Marie-Tooth Disease,1
Exogenous hormones,C0450231,Risk Factors,73
Exosurf,C0059962,Pulmonary Surfactants,114
Exosurf Neonatal,C0247189,Pulmonary Surfactants,75
Exotoxin,C0015309,Exotoxins,124
Exotoxin,C0314768,Exotoxins,49
FD&C Blue No. 1,C0772270,Food Coloring Agents,5
FK506,C0729218,Tacrolimus,188
FTY720,C0388088,Fingolimod Hydrochloride,9
Falithrom,C0918266,Pregnancy,3
Fansidar,C0060061,Antimalarials,70
Farmorubicin,C5441821,Epirubicin,3
Fast Green FCF,C0060087,Bile Acids and Salts,2
Fat emulsion,C0304483,"Fat Emulsions, Intravenous",151
Fat-soluble vitamin,C0259753,Vitamins,72
Feiba,C0082559,Hemophilia A,58
Femara,C0701348,Aromatase Inhibitors,2
Femigen,C0117443,Chlormadinone Acetate,8
Femodene,C0117444,"Contraceptives, Oral, Combined",11
Fenitrothion,C0015832,Pesticides,13
Fero-Gradumet,C0591502,Hematocrit,4
Ferritin,C0015879,Ferritins,5406
Fertility Drugs,C0015896,"Fertility Agents, Female",1810
Fibrate,C1449704,Hypertriglyceridemia,18
Firemaster 550,C3883786,Flame Retardants,23
First-generation cephalosporins,C0304317,Anti-Bacterial Agents,32
Flavonols,C0060444,Flavonols,14
Flower Essences,C0884941,Pregnancy,4
Fluimucil,C0699251,Acetylcysteine,2
Fluoride gel,C3881208,Dental Caries,48
Fluoride supplement,C3541971,Fluorides,2587
Fluorinated corticosteroid,C1285555,Ointments,2
Fluorocarbons,C0016340,Fluorocarbons,2227
Fluothane,C0701981,Age Factors,10
Focalin,C1170283,Attention Deficit Disorder with Hyperactivity,5
Focalin XR,C1659527,Attention Deficit Disorder with Hyperactivity,3
Folacin,C0699376,Folic Acid,60
Forane,C0306242,"Abortion, Therapeutic",1
Fourth-generation cephalosporins,C0361823,Anti-Bacterial Agents,15
Fragmin,C0917726,Pregnancy,8
Fraxiparin,C0878354,Pregnancy,21
Freamine III,C0118231,"Parenteral Nutrition, Total",5
Free thyroxine,C0312452,Thyroxine,1673
Fuel oil,C0016792,Fuel Oils,34
Full Opioid Agonists,C3850134,"Administration, Sublingual",1
Fumaric Acid Esters,C1959568,Psoriasis,10
Fungicide,C0392419,Pregnancy,150
G-1,C0720544,Pregnancy,46
G3139,C1144384,Antineoplastic Combined Chemotherapy Protocols,3
G418,C0052009,Genetic Vectors,6
GABA Agonists,C0242974,GABA Agonists,47
GABOB,C0048005,Follicular Phase,1
GDC-0449,C2348949,"Administration, Oral",1
GDF-8,C0538238,Myostatin,37
GDF-8,C1457899,Myostatin,37
"GDF15 protein, human",C1431343,Growth Differentiation Factor 15,122
GENERAL ANESTHETICS,C0017302,"Anesthesia, General",196
GFAP,C0017626,Glial Fibrillary Acidic Protein,975
GFAP,C4742805,Glial Fibrillary Acidic Protein,975
Gali-col Baby,C2932168,Apnea,1
Gamimune,C0162506,"Immunoglobulins, Intravenous",3
Gammagard,C0086333,"Immunoglobulins, Intravenous",10
Gammavenin,C0284119,Anti-Bacterial Agents,2
Gardasil,C1721787,Papillomavirus Vaccines,195
Gastrin-Releasing Peptide,C0061132,Gastrin-Releasing Peptide,34
Gastrin-Releasing Peptide,C2353852,Gastrin-Releasing Peptide,34
Gastrografin,C0733796,Diatrizoate Meglumine,24
Gastrointestinal Agents,C0017173,Gastrointestinal Agents,1049
Gaviscon,C0061146,Gastroesophageal Reflux,18
Geneticin,C0119053,"Chromosomes, Artificial, Human",1
Genotropin,C0699616,Human Growth Hormone,66
Germall 115,C0950219,Clothing,1
Ginkgo biloba extract,C0772125,Ginkgo biloba,29
Gliadin,C0017622,Gliadin,787
Glucagon-Like Peptide 2,C0912332,Glucagon-Like Peptide 2,42
Glucagon-Like Peptide 2,C5781083,Glucagon-Like Peptide 2,42
Glucantime,C0061366,Meglumine Antimoniate,73
Glucocerebrosidase,C0017768,Gaucher Disease,410
Glucokinase,C0017713,Glucokinase,172
Glucose Polymer,C0017696,Glucans,127
Glucosinolates,C0017767,Echocardiography,59
Glufosinate-Ammonium,C0103073,Birth Weight,2
Gluten,C2362561,Celiac Disease,2675
Gluten,C2827346,Celiac Disease,2677
Golytely,C0061795,Electrolytes,15
Gonadotropin,C0018061,Pregnancy,4029
Gonadotropin,C3536870,Pregnancy,1688
Gonadotropin releasing hormone antagonist,C1268855,Gonadotropin-Releasing Hormone,1050
Gonadotropin-releasing Hormone Analog,C1518041,Gonadotropin-Releasing Hormone,1799
Growth Factor,C0018284,Pregnancy,989
Growth Factor,C5399730,Pregnancy,364
Growth Hormone-Releasing Factor,C0037668,Growth Hormone-Releasing Hormone,533
Growth Hormone-Releasing Factor,C5197619,Growth Hormone-Releasing Hormone,533
H2 Receptor Antagonist,C0019593,Histamine H2 Antagonists,285
H2 Receptor Antagonist,C3536872,Histamine H2 Antagonists,21
HBOC-201,C0383956,"Anemia, Sickle Cell",1
HCB,C0019432,"Hydrocarbons, Chlorinated",496
HCG-beta,C0106132,"Chorionic Gonadotropin, beta Subunit, Human",3672
HFPO-DA,C4278190,Fluorocarbons,18
HFPO-TA,C5564631,China,1
HIV Protease Inhibitors,C0162714,HIV Protease Inhibitors,638
HMX,C0069354,Blood Cell Count,2
HPV vaccine,C1512511,Papillomavirus Infections,4566
HTK solution,C0054039,Glucose,13
Haemaccel,C0918273,Polygeline,9
Haldol,C0591585,Haloperidol,4
Halfan,C0591590,Vaccination,21
Hallucinogens,C0018533,Hallucinogens,243
Hand Sanitizer,C1330330,Hand Sanitizers,12
HbA1c,C0019018,Glycated Hemoglobin,4735
Heat Shock Protein 70,C0243043,IgA Vasculitis,469
Heat Shock Protein 70,C1527149,HSP70 Heat-Shock Proteins,94
Hemabate,C0121295,Carboprost,9
Hematopoietic growth factors,C0079490,Hematopoietic Cell Growth Factors,77
Hematoporphyrin Derivative,C0121300,Photochemotherapy,5
Hemostatic Agents,C0019120,Pregnancy,738
Heparin lithium,C5769399,China,2
Hepatitis A vaccine,C0170300,Viral Hepatitis Vaccines,829
Hepatitis A vaccine,C0795623,Hepatitis A,2134
Hepatitis B Surface Antigen,C0019168,Hepatitis B,6028
Hepatitis B Surface Antigen,C0062527,Hepatitis B,8923
Hepatitis B Surface Antigen,C0796320,Hepatitis B,5221
Heptachlor,C0019219,"Hydrocarbons, Chlorinated",71
Heptachlor Epoxide,C0019220,"Hydrocarbons, Chlorinated",85
Herbal Medicines,C2240391,Pregnancy,160
Herbal Preparations,C0949854,Phytotherapy,17
Herbicides,C0019236,Herbicides,314
Hexavalent Vaccine,C5392196,"Vaccines, Combined",99
Hoechst 33342,C0062907,Pregnancy,11
Homeopathic Remedies,C0920324,Homeopathy,66
Homocystine,C0019879,Homocystine,81
Hormonal Contraceptive Agents,C5197716,"Contraceptives, Oral",5
Hormonal Oral Contraceptive,C0009907,"Contraceptives, Oral, Hormonal",7
Hormones,C0019932,Pregnancy,8977
Humalog,C0528249,Insulin,24
Human Intravenous Immunoglobulin,C3494178,"Immunoglobulins, Intravenous",12
Human immunoglobulin,C0358321,Immunoglobulin G,85
Human immunoglobulin,C3537193,Immunoglobulin G,55
Human insulin analog product,C1305435,Insulin,47
Humulin S,C0020172,"Diabetes Mellitus, Type 1",3
Hydanphen,C0636078,"Abnormalities, Drug-Induced",2
Hydantoins,C0020209,Hydantoins,87
Hydrocarbon,C0020242,Pregnancy,320
Hydrocortisone Ointment,C1246466,Hydrocortisone,11
Hydrogen Sulfide,C0020282,Hydrogen Sulfide,175
Hydroxyethylrutoside,C0020354,Hydroxyethylrutoside,22
Hymenoptera Venom,C1290000,"Desensitization, Immunologic",57
Hyperimmune Colostrum,C1366262,Colostrum,8
Hypertonic saline,C0036085,"Saline Solution, Hypertonic",475
Hypnotics,C0020591,Hypnotics and Sedatives,190
Hypoglycemic Agents,C0020616,Hypoglycemic Agents,4440
Hypolipidemic Drugs,C0086440,Hypolipidemic Agents,194
Hyposensitization Drugs,C0354899,"Desensitization, Immunologic",128
"ICI 182,780",C1123005,"Receptors, Estrogen",8
ICRF-159,C0877950,Razoxane,5
ICRF-187,C0733406,Razoxane,10
IGF-I,C0021665,Insulin-Like Growth Factor I,5336
IGF-I,C3712803,Insulin-Like Growth Factor I,5337
IL-1Ra,C0245109,Interleukin 1 Receptor Antagonist Protein,405
IL-1Ra,C1504688,Cytokines,260
IL-1Ra,C1704264,Interleukin 1 Receptor Antagonist Protein,512
IRS 19,C0212519,"Adjuvants, Immunologic",6
IRS-19 vaccine,C0063878,"Adjuvants, Immunologic",1
ITCL,C0049011,Herpes Simplex,3
IVIG,C0085297,"Immunoglobulins, Intravenous",4160
IgG,C0020852,Immunoglobulin G,23650
Immune Checkpoint Inhibitor,C4684977,Immune Checkpoint Inhibitors,21
Immune serum globulin,C0305052,Pregnancy,27
Immunomodulatory Drugs,C5544470,Retrospective Studies,44
Immunosuppressant,C0021081,Immunosuppressive Agents,10640
Implanon,C0673606,Desogestrel,122
Infasurf,C0763529,Pulmonary Surfactants,32
Infecundin,C0063528,"Contraceptives, Oral",11
Influenza H1N1 vaccine,C5397366,Influenza Vaccines,12
Influenza Vaccine,C0021403,"Influenza, Human",8082
Influenza Vaccine,C0770694,Influenza Vaccines,3666
Influenza Vaccine,C5395271,Influenza Vaccines,3501
Inhalation anesthetic,C0242903,"Anesthetics, Inhalation",73
Injectable,C0086466,Pregnancy,586
Inotropic agent,C0304509,Retrospective Studies,394
Insect venom,C0459796,Insect Bites and Stings,23
Insecticide,C0021576,Insecticides,1990
Insulins,C0021641,Insulin,16687
Insulins,C3537244,Insulins,190
Interleukin 1 receptor antagonist,C2317059,Interleukin 1 Receptor Antagonist Protein,25
Interleukin 1 receptor antagonist,C3536785,Interleukin 1 Receptor Antagonist Protein,158
Intralipid,C0733854,"Fat Emulsions, Intravenous",208
Intranasal Live-Attenuated Influenza Vaccine,C4505398,"Administration, Intranasal",2
Intravenous anesthetic,C0242904,"Anesthetics, Intravenous",1742
Intravenous nutrition,C0357168,Parenteral Nutrition,77
Iodized Oil,C0021972,Iodized Oil,161
Ionomycin,C0022020,Cytokines,85
Ionophores,C0022022,Pregnancy,93
Ioxitalamate sodium,C0142868,"Administration, Oral",1
Iron Chelator [EPC],C2266987,Iron Chelating Agents,110
Iron Polysaccharide Complex,C0357080,Ferrous Compounds,3
Isoprinosine,C0795760,Inosine Pranobex,37
Isoptin,C0700933,Pregnancy,12
Iveegam,C0086491,"Immunoglobulins, Intravenous",3
JAK Inhibitors,C3854325,Pyrimidines,49
JNJ-26489112,C3713830,Anticonvulsants,1
JWH 015,C1258143,Cannabinoids,1
Japanese encephalitis vaccine,C0771080,"Encephalitis, Japanese",413
Japanese encephalitis vaccine,C3714691,"Encephalitis, Japanese",95
Joule supplementation,C0556077,Pregnancy,54
KRN5500,C0294829,Apoptosis,1
KW-2228,C0950802,Age Factors,2
Kainate,C0205812,Pregnancy,11
Kainic Acid,C0022471,Kainic Acid,38
Kaletra,C0939357,Anti-HIV Agents,13
Kayexalate,C0124498,Hyperkalemia,15
Kefzol,C0700925,"Anemia, Sickle Cell",1
Ketalar,C0022613,Ketamine,20
L-627,C0171273,Bacterial Infections,18
L-BMAA,C0124981,"Amino Acids, Diamino",3
L-Selenomethionine,C1517683,Selenium,8
LEPTOSPERMUM HONEY,C2608749,Honey,4
LITHIUM SALTS,C0302213,Lithium,8
LMWH,C0019139,Pregnancy,1177
LMWH,C3536766,Pregnancy,797
LPS,C0023810,Lipopolysaccharides,1276
Laetrile,C0878244,Amygdalin,5
Lamictal,C0678180,Lamotrigine,22
Landfill Leachate,C1720817,Environmental Monitoring,2
Laroxyl,C2980004,Amitriptyline,2
Lauromacrogol,C1263450,Polidocanol,16
Leaded gasoline,C0301023,Lead,124
Lectin,C0023206,Lectins,693
Lersivirine,C2827232,"Dose-Response Relationship, Drug",2
Leukeran,C0699996,Azathioprine,2
Levemir,C1314782,Insulin Detemir,4
Lexapro,C1170371,Anxiety Disorders,2
Lincosamides,C0065002,Anti-Bacterial Agents,42
Lindane 1% cream,C0542713,"Antigens, CD1",1
Linuron,C0023755,Pregnancy,10
Lioresal,C0699999,Baclofen,3
Lipid,C0023779,Lipids,8955
Lipiodol,C0947677,Iodized Oil,67
Liposomal Daunorubicin,C0717668,Daunorubicin,14
Live attenuated influenza vaccine,C3272757,Influenza Vaccines,256
Local Anesthetics,C0002934,"Anesthetics, Local",4098
Local Anesthetics,C3540789,"Anesthetics, Local",373
Local Anesthetics,C3541403,"Anesthetics, Local",373
Lomotil,C0065164,"Abortion, Induced",8
Loop diuretic,C0354100,Furosemide,35
Loop diuretic,C3536704,Furosemide,17
Lorenzo's oil,C0212874,Adrenoleukodystrophy,28
Lovenox,C0728963,Enoxaparin,10
Lugol's solution,C0065234,Pregnancy,22
Lyndiol,C0950179,Lynestrenol,35
Lysthenon,C0700976,Autopsy,1
MAB-CHMINACA,C4505607,Arginine,1
MAP kinase kinase,C0169101,Mitogen-Activated Protein Kinase Kinases,47
MCPB,C0046341,Retrospective Studies,2
MCYST-LR,C4742289,Microcystins,4
ME(O)HP,C0657957,Phthalic Acids,61
MEHHP cpd,C1313377,Phthalic Acids,64
MEHP,C0066718,Phthalic Acids,360
METHIONINE ADENOSYLTRANSFERASE,C0025647,Methionine Adenosyltransferase,43
MK801,C0813872,Dizocilpine Maleate,17
MMP,C0623362,Pregnancy,749
MOTS-c,C4284001,Biomarkers,1
MPH,C0025810,Methylphenidate,2251
MPH,C0048853,Methylphenidate,752
MPP+,C0000098,1-Methyl-4-phenylpyridinium,2
MPTP,C0000097,"1-Methyl-4-phenyl-1,2,3,6-tetrahydropyridine",11
MRP1,C0210995,Multidrug Resistance-Associated Proteins,51
MRP1,C0906368,Multidrug Resistance-Associated Proteins,58
Maalox,C0065461,Aluminum Hydroxide,4
Macrodantin,C0700187,Pregnancy,4
Macrodex,C0024416,Dextrans,7
Macrolides,C0003240,Anti-Bacterial Agents,909
Macroplastique,C2607778,Vesico-Ureteral Reflux,8
Magnesium diasporal,C0126775,Dietary Supplements,2
Maneb,C0024705,Maneb,21
Marcaine,C2945665,Pregnancy,40
Marcumar,C0918269,Phenprocoumon,10
Marvelon,C0678132,Desogestrel,70
MeCPP,C0655764,Phthalic Acids,134
Measles Vaccine,C0025010,Measles,4776
Measles Vaccine,C5240001,Measles Vaccine,3466
Measles/rubella vaccine,C0361142,Disease Outbreaks,2
Medicaments,C0456386,Pregnancy,58
Melanin,C0025196,Melanins,132
Melittin,C0025234,Bee Venoms,5
Meningococcal vaccine,C0700144,Meningococcal Vaccines,1804
Mercurial diuretic,C0012799,Acetazolamide,1
Mercurochrome,C0947682,Merbromin,7
Mesantoin,C0813900,Hydantoins,5
Mescaline,C0025460,Hallucinogens,5
Methacrylates,C0025601,Methacrylates,34
Methergine,C0733811,Pregnancy,49
Methomyl,C0025671,Pregnancy,9
Methyl Mercury,C0166979,Methylmercury Compounds,150
Methyl Parathion,C0025709,Methyl Parathion,24
Methylcholanthrene,C0000325,Methylcholanthrene,24
Methylcholanthrene,C0025732,Methylcholanthrene,24
Methylmalonyl-CoA Mutase,C0025789,"Amino Acid Metabolism, Inborn Errors",86
Methylnitrosourea,C0025803,Rats,27
Mevinphos,C0025881,Insecticides,5
Microcystin,C0211296,Microcystins,18
Microgynon,C0733741,Ethinyl Estradiol,26
Minor Tranquilizer,C0020592,Hypnotics and Sedatives,2854
Minor Tranquilizer,C0040616,Anti-Anxiety Agents,692
Mintezol,C0700007,Thiabendazole,6
Mirena,C0591811,Levonorgestrel,82
Mirex,C0026209,"Hydrocarbons, Chlorinated",65
MitoQ,C5690696,Placenta,6
Mixtard,C0026283,"Diabetes Mellitus, Type 1",3
MnTBAP,C0384992,Albuminuria,1
Monoamine oxidase B inhibitor,C0595265,"Amino Acid Metabolism, Inborn Errors",1
Monochloroacetic acid,C0008225,Acetates,10
Monocrotaline,C0085241,Snake Bites,18
Monocrotophos,C0026472,Monocrotophos,7
Monoester Lipase,C0026475,Cell Membrane,2
Monosodium Glutamate,C0037511,Sodium Glutamate,39
Morinda citrifolia extract,C1328724,Anticarcinogenic Agents,1
Morinda citrifolia extract,C2980817,Biomarkers,2
Mosquito repellant,C0729417,Insect Repellents,12
Motrin,C0699203,Ibuprofen,5
Mucolytics,C0026698,Expectorants,45
Mullerian Inhibiting Substance,C0066928,Anti-Mullerian Hormone,1957
Mullerian Inhibiting Substance,C0687670,Anti-Mullerian Hormone,1822
Multi-Ingredient Cold Medications,C2936311,"Anti-Inflammatory Agents, Non-Steroidal",2
Multivitamin,C0301532,Pregnancy,1149
Mumps Vaccine,C0026782,Mumps,1347
Mumps Vaccine,C5240005,Mumps Vaccine,731
Mustard Gas,C0026874,Mustard Gas,19
Mycotoxins,C0026955,Food Contamination,258
Mydriatics,C0026964,Mydriatics,427
Myodil,C0795746,Myelography,3
"N,N'-diphenyl-P-phenylenediamine",C0067309,"Analgesics, Opioid",2
"N,N-dimethyl-p-toluidine",C0058237,Methemoglobinemia,2
N-Ethyl-N-nitrosourea,C0015111,Ethylnitrosourea,34
N-Nitrosodimethylamine,C0012431,Dimethylnitrosamine,27
N-Nitrosopiperidine,C0068235,Nitrosamines,13
N-acetylamrinone,C0067682,Amrinone,2
N-desmethylacetamiprid,C4276755,Neonicotinoids,19
N-ethyl-2-pyrrolidone,C2002857,Germany,3
N-isopropyl-N-phenyl-4-phenylenediamine,C0068065,Phenylenediamines,3
N-methylaniline,C0066326,Aniline Compounds,1
N-methyltryptamine,C0068160,"Affective Disorders, Psychotic",1
N-monoacetylcystine,C0068161,Cystine,2
NADPH-Cytochrome P450 Reductase,C0027310,NADPH-Ferrihemoprotein Reductase,54
NADPH-Cytochrome P450 Reductase,C4078840,Pregnancy,1640
NMDA,C0079883,"Receptors, N-Methyl-D-Aspartate",434
NSAID,C0003211,"Anti-Inflammatory Agents, Non-Steroidal",3294
NSAID,C3536840,"Anti-Inflammatory Agents, Non-Steroidal",556
NT-proBNP,C0754710,"Natriuretic Peptide, Brain",714
NT-proBNP,C5441781,"Natriuretic Peptide, Brain",618
Nafion,C0068361,Fluorocarbons,7
Naled,C0027350,China,2
Naniprus,C0701402,Acute Disease,1
Narcanti,C0684237,Naloxone,5
Narcotic analgesic,C0027409,Pregnancy,52
Naropin,C0525803,Ropivacaine,7
Nasal Decongestants,C0042398,Nasal Decongestants,153
Naseptin,C0131944,Epistaxis,5
Nembutal,C0702208,Pentobarbital,9
Neocarzinostatin,C0027597,Zinostatin,12
Neonicotinoid insecticide,C1997222,Insecticides,4
Neonicotinoids,C4505166,Neonicotinoids,71
Neoral,C0699605,Immunosuppressive Agents,77
Neridronate,C0049482,Diphosphonates,21
Neuroleptic,C0040615,Antipsychotic Agents,2728
Neuromuscular Agents,C0027865,Neuromuscular Agents,718
Neuromuscular Blockers,C0027866,Neuromuscular Blocking Agents,177
Neuron-Specific Enolase,C1880904,Phosphopyruvate Hydratase,600
Neuron-Specific Enolase,C5441659,Phosphopyruvate Hydratase,845
Nexplanon,C3159354,"Contraceptive Agents, Female",21
Nicotinic Agonist,C0242948,Nicotinic Agonists,227
Nicotinic Agonist,C3536930,Alleles,2
Nipocalimab,C5418863,Anemia,2
Nisin,C0028115,"Administration, Oral",2
Nitrogen Dioxide,C0028160,Air Pollutants,1773
Nitroglycerin Ointment,C1248486,Nitroglycerin,10
Nitroimidazole,C0028179,Nitroimidazoles,216
Nitroimidazole,C3536882,Nitroimidazoles,10
Non-Ovlon,C0068926,"Contraceptives, Oral",28
Non-selective monoamine reuptake inhibitors,C3653409,Case-Control Studies,4
Norepinephrine uptake inhibitor,C1319313,Pregnancy,26
Norplant,C1145675,Levonorgestrel,472
Norpramin,C0701352,Biology,1
Novalgetol,C0917936,Anaphylaxis,1
Novalgin,C0917937,Dipyrone,3
Noveril,C0028454,Anti-Anxiety Agents,1
NovoMix 30,C1170447,Biphasic Insulins,2
NovoRapid,C0939412,Insulin,10
Novoseven,C0593103,Factor VIIa,97
Nucleoside analogue,C1579410,HIV Infections,69
Nucleoside analogue,C3537141,HIV Infections,56
Nupercaine,C0733903,"Arrhythmias, Cardiac",1
Nuwiq,C4074414,Hemophilia A,6
O-desmethylangolensin,C0164565,Isoflavones,14
ONC201,C3827072,Glioma,6
ONO-802,C0950409,Pregnancy,19
OSI-906,C2346449,Imidazoles,2
OXYGEN 1 L in 1 L RESPIRATORY (INHALATION) GAS,C1585598,Oxygen Inhalation Therapy,6
Octagam,C0731209,"Immunoglobulins, Intravenous",8
Octenisept,C2607383,Edema,2
Oil,C0028908,Pregnancy,794
Oil,C3541397,Pregnancy,560
Okadaic Acid,C0069389,Chickenpox Vaccine,155
Olestra,C0075483,Fatty Acids,11
Oligosaccharides,C0028959,Oligosaccharides,1169
Omegaven,C3252719,"Fat Emulsions, Intravenous",30
Omnipaque,C0729203,Iohexol,20
Omnitrope,C1724675,Human Growth Hormone,17
Oncovin,C0591904,Antineoplastic Combined Chemotherapy Protocols,67
Opiate,C0221793,Pregnancy,1158
Opiate,C0376196,Pregnancy,1158
Opioids,C0002772,"Analgesics, Opioid",6411
Opioids,C0242402,"Analgesics, Opioid",3761
Optalgin,C0917938,"Abortion, Spontaneous",2
Optison,C0754326,Contrast Media,3
Oracon,C0069588,"Contraceptives, Oral",16
Oral aciclovir,C0360384,Acyclovir,148
Oral rehydration solution,C0078516,Fluid Therapy,304
Oral rehydration solution,C1443923,Fluid Therapy,253
Oral rehydration solution,C3813201,Fluid Therapy,253
Organochlorine insecticide,C0021579,Pregnancy,28
Organochlorine pesticides,C0392143,"Hydrocarbons, Chlorinated",686
Organochlorines,C0020247,"Hydrocarbons, Chlorinated",1359
Organophosphate,C0031701,Organophosphates,764
Organophosphate,C1452958,Organophosphates,764
Organophosphate insecticide,C0021580,Insecticides,88
Organophosphate pesticide,C0360429,Pesticides,265
Organophosphorus compound,C0029254,Organophosphorus Compounds,675
Ortho Evra,C1614506,Norgestrel,22
Ortho-Novin,C0591925,"Contraceptives, Oral",4
OspA protein,C0134235,Bacterial Vaccines,9
Osteogenic Protein-1,C0083867,Bone Morphogenetic Protein 7,19
Osteogenic Protein-1,C1445625,Bone Morphogenetic Protein 7,6
Ovostat,C0950401,Lynestrenol,12
Ovral,C0728964,Ethinyl Estradiol,50
Ovulen,C0950380,"Contraceptives, Oral",33
Ovulen 50,C0029973,"Contraceptives, Oral",5
P-Glycoprotein,C0069906,"ATP Binding Cassette Transporter, Subfamily B, Member 1",329
P-Glycoprotein,C0242643,"ATP Binding Cassette Transporter, Subfamily B, Member 1",338
P4EBP1,C5708828,TOR Serine-Threonine Kinases,3
PAES,C0070610,Phthalic Acids,145
PAPM-BP,C0169614,Thienamycins,3
"PARAFFINS, CHLORO-",C0260093,"Hydrocarbons, Chlorinated",15
PBDEs,C2350562,Halogenated Diphenyl Ethers,1064
PC-904,C0135607,Age Factors,8
PCB 126,C0243804,Polychlorinated Biphenyls,40
PCB 180,C0915269,Polychlorinated Biphenyls,66
PCB 28,C0217337,Polychlorinated Biphenyls,49
PCB-118,C0209742,Polychlorinated Biphenyls,68
PCB-156,C0255635,Polychlorinated Biphenyls,17
PCB-170,C2716298,Polychlorinated Biphenyls,19
PCB153,C0207004,Polychlorinated Biphenyls,307
PCBs,C0032447,Polychlorinated Biphenyls,2878
PCN,C0033017,Naphthalenes,14
PCNU,C0070165,Brain Neoplasms,3
PCV10,C3849486,Pneumococcal Vaccines,400
PD-1 Inhibitor,C4086713,Immune Checkpoint Inhibitors,17
PD-L1 Inhibitors,C5392068,B7-H1 Antigen,4
PDX chloride,C0071327,Anion Exchange Resins,2
PEG 3350,C0724672,Polyethylene Glycols,51
PEG-rhGH,C3254127,Human Growth Hormone,13
PEGINTERFERON,C0982327,Antiviral Agents,43
PFHS cpd,C1174119,Fluorocarbons,254
PFOS compound,C0172926,Fluorocarbons,353
PGA1,C0072261,Blood Pressure,11
PGD,C0033558,Pregnancy,381
PHIL liquid embolic agent,C4508765,"Angiography, Digital Subtraction",1
PHYTONADIONE,C0031862,Vitamin K,818
PHYTONADIONE,C3714737,Vitamin K,4
PIPERAZINE DERIVATIVES,C0304303,"Accidents, Home",1
PIPERAZINE DERIVATIVES,C3539998,Antitussive Agents,1
POSTERIOR PITUITARY,C0032017,Magnetic Resonance Imaging,140
POSTERIOR PITUITARY,C3714635,Magnetic Resonance Imaging,138
POTASSIUM-SPARING DIURETICS,C0304490,Hypokalemia,10
PROTEIN C CONCENTRATE,C0033621,Protein C,966
PROTEIN C CONCENTRATE,C1949480,Protein C,966
PROTEIN C CONCENTRATE,C3854178,Protein C,41
PTFE,C0032611,Psychotic Disorders,106
PTH(1-34),C1956225,Parathyroid Hormone,21
Pachycarpine,C0069927,Abortifacient Agents,1
Packed Red Cells,C2316467,Erythrocyte Transfusion,255
Palfium,C0591940,Anesthetics,1
Panadol,C0699141,Acetaminophen,2
Pancreatic Extract,C0030289,Cystic Fibrosis,9
Pancreatic enzyme,C0920330,Cystic Fibrosis,312
Paradichlorobenzene,C0048243,Air Pollutants,14
Paraquat,C0030493,Paraquat,101
Parathion,C0030514,Pesticides,28
Parenteral iron,C0444624,Iron,71
Parlodel,C0000266,Bromocriptine,66
Partusisten,C0700649,Pregnancy,109
Passiflora incarnata,C2919980,Anti-Anxiety Agents,2
Passiflora incarnata,C3495130,Anti-Anxiety Agents,2
Passiflora incarnata,C4059137,Anti-Anxiety Agents,2
Paxlovid,C5565871,COVID-19,10
Pediazole,C0135837,Drug Combinations,4
Penicillin,C0030842,Anti-Bacterial Agents,1922
Pentachlorophenol,C0030855,"Pneumonia, Pneumocystis",185
Pentadecafluorooctanoic acid,C0070403,Fluorocarbons,806
Pentasa,C0678171,Mesalamine,9
Pentavalent Vaccine,C5392199,Vaccination,150
Penthrane,C0728777,Methoxyflurane,7
Pentothal,C0600350,"Anesthesia, General",6
Peptichemio,C0030927,Thyroid Neoplasms,278
Peptide Transporter 1,C4319820,Age Factors,3
Perchloroethylene,C0039637,Tetrachloroethylene,117
Percodan,C0070384,"Analgesics, Opioid",2
Perfluoroalkyl Carboxylates,C5691395,Fluorocarbons,16
Perfluorooctanesulfonate,C1872584,Fluorocarbons,116
Pergonal,C0700188,Menotropins,58
Persantine,C0700020,Dipyridamole,12
Persistent Organic Pollutants,C5392101,Environmental Pollutants,80
Pesticide,C0031253,Pesticides,2966
Phenergan,C0591971,Pregnancy,16
Phenothiazines,C0031436,Phenothiazines,101
Phenylephrine eye drops,C0360152,Phenylephrine,10
Phorate,C0031583,Pregnancy,8
Phosgene,C0031591,Fetal Growth Retardation,2
Phosphamidon,C0031596,Agricultural Workers' Diseases,2
Phosphodiesterase 5 inhibitor,C1318700,Phosphodiesterase 5 Inhibitors,37
Phosphodiesterase 5 inhibitor,C2923059,Sildenafil Citrate,33
Photofrin,C0729236,Antineoplastic Agents,2
Phthalic Acids,C0031782,Phthalic Acids,2119
Phytocannabinoid,C5669193,Cannabidiol,5
Phytoestrogens,C0071011,Phytoestrogens,185
Picrylsulfonic Acid,C0041066,Mice,5
Piperazine estrone sulfate,C0071108,Estrone,2
Pitocin,C0733348,Pregnancy,90
Pituitary Gonadotropins,C0018066,Luteinizing Hormone,159
Pituitrin,C0032023,"Pituitary Hormones, Posterior",9
Plant Alkaloids,C0301258,Pregnancy,31
Plasma Volume Expanders,C0032121,Plasma Substitutes,286
Plasminogen Activator Inhibitor 1,C0030190,Plasminogen Activator Inhibitor 1,667
Plasminogen Activator Inhibitor 1,C1620101,Plasminogen Activator Inhibitor 1,667
Platelet Glycoprotein IIIa,C0245726,Integrin beta3,403
Platidiam,C0699664,Antineoplastic Combined Chemotherapy Protocols,2
Plegisol,C0137295,Bicarbonates,2
Pneumococcal Polysaccharide Vaccine,C0305065,Pneumococcal Infections,4192
Pneumococcal vaccine,C0358314,Pneumococcal Vaccines,4292
Pneumococcal vaccine,C5240157,Pneumococcal Vaccines,820
Poliovirus Vaccine,C0032374,"Poliovirus Vaccine, Oral",1554
Pollinex-R,C0137457,Aldehydes,1
Poly IC,C0032414,Poly I-C,42
Polybrominated biphenyl,C0032441,Nitric Oxide,575
Polychlorinated Dibenzo-p-dioxins,C4277576,Polychlorinated Dibenzodioxins,328
Polychlorinated Dibenzofurans,C4277574,Benzofurans,202
Polydimethylsiloxane,C0137758,Dimethylpolysiloxanes,19
Polydine,C0722701,Breast Feeding,2
Polyenes,C0032473,Polyenes,30
Polyethylene,C0032487,Pregnancy,45
Polyethylene,C0137914,Pregnancy,45
Polyethylene,C0752345,Pregnancy,43
Polyethylene Terephthalate,C0032485,Polyethylene Terephthalates,28
Polyethylene Terephthalate,C5781291,Environmental Monitoring,13
Polyethylenimine,C0032486,Polyethyleneimine,22
Polyglactin,C0032494,Polyglactin 910,16
Polyhexamethylene guanidine phosphate,C4310381,Disinfectants,7
Polymethylmethacrylate,C0005533,Polymethyl Methacrylate,36
Polypropylene,C0032582,Microplastics,17
Polyunsaturated fatty acid,C0032615,Pregnancy,1541
Polyvinyl Chloride,C0032624,Pregnancy,105
Porcine Insulin,C0724601,Insulin,76
Porcine Insulin,C0770206,Insulin,66
Postinor,C0699170,"Contraceptives, Postcoital",12
Potassium supplementation,C0561938,Potassium,47
Pregnancy associated plasma protein A,C0032999,Pregnancy,2300
Pregnavite forte F,C0164316,Neural Tube Defects,4
Pregnyl,C0699381,Chorionic Gonadotropin,20
Premarin,C0699710,"Estrogens, Conjugated (USP)",32
Prepidil Gel,C0699577,Pregnancy,29
Prescription Drugs,C0304227,Prescription Drugs,460
Proanthocyanidins,C0919289,Proanthocyanidins,16
Prometryn,C0033407,Herbicides,3
Propargite,C0138640,Risk Assessment,6
Propoxur,C0003640,Pregnancy,27
Propylene glycol monomethyl ether,C0072227,Contrast Sensitivity,2
Prorenin,C0072249,Renin,155
Prostaglandin,C0033554,Pregnancy,4161
Prostaglandin I,C0205911,Pregnancy,34
Prostaglandin Inhibitor,C0033529,Prostaglandin Antagonists,62
Prostin E2,C0699579,Pregnancy,26
Protease,C0030940,Pregnancy,785
Protease,C0030946,Pregnancy,501
Protease,C5200997,Pregnancy,261
Protease Inhibitor,C0033607,HIV Infections,1000
Protease Inhibitor,C1268897,HIV Infections,641
Protease Inhibitor,C3536890,HIV Infections,654
Protein,C0033684,Pregnancy,17982
Provera,C0699702,Medroxyprogesterone,17
Psoralens,C0033858,Vitiligo,10
Psychostimulant,C0304403,Attention Deficit Disorder with Hyperactivity,294
Puberty Blockers,C5828417,Gonadotropin-Releasing Hormone,5
Pudilan xiaoyan oral liquid,C4742304,"Drugs, Chinese Herbal",2
Purine analog,C1268902,Treatment Outcome,9
Pycnogenol,C0072642,Flavonoids,12
Pyrazolones,C1449668,Pyrazolones,11
Pyrazolones,C3541368,Pyrazolones,11
Pyrethroid,C0597329,Pyrethrins,309
Pyrethroid,C3536822,Pyrethrins,253
Pyrethroid pesticides,C0360431,Pyrethrins,54
Pyribenzamine,C0729173,Fetal Death,2
Pyridium Plus,C0299220,Atropine,1
Pyrithione zinc,C0078792,Fertilization in Vitro,3
Qingkailing,C1620239,"Drugs, Chinese Herbal",4
Quinolones,C0034428,Quinolones,474
Quinolones,C1533693,Quinolones,474
R2323,C0701124,Norpregnatrienes,12
RDX,C0056782,Triazines,2
RESPIRATORY SYSTEM DRUGS,C0282686,Respiratory System,647
RO3280,C4079354,Apoptosis,1
RU486,C0701303,Mifepristone,358
Rabies Vaccine,C0034496,Rabies Vaccines,509
Rabies Vaccine,C5240159,Rabies Vaccines,274
Radium-224,C0076535,Radium,6
Reasec,C0140016,"Accidents, Home",1
Recombinant Growth Hormone,C0376560,Human Growth Hormone,115
Recombinant coagulation factor VII,C5438575,Factor VII,2
Recombinant human granulocyte colony stimulating factor,C1271481,Granulocyte Colony-Stimulating Factor,202
Recombinant interleukin 2,C1522405,Interleukin-2,1561
Relaxin,C0035031,Pregnancy,253
Renacidin,C0073048,Citrates,1
Resistant Starch,C2986418,Starch,20
Retrovir,C0699576,Zidovudine,6
Ribomunyl,C0073230,"Antigens, Bacterial",4
Ricin,C0035569,Ricin,32
Rigevidon,C0733746,"Contraceptives, Oral, Hormonal",22
Ringer's Solution,C0073386,Pregnancy,54
Ringer's acetate,C0073384,Pregnancy,10
Ringers Lactate,C0073385,Pregnancy,265
Ritalin,C0728759,Methylphenidate,110
Rivanol,C0035663,Pregnancy,65
Rivotril,C0699317,Benzodiazepinones,8
Ro 64-0802,C0893737,Antiviral Agents,2
Rocephin,C0035750,Ceftriaxone,18
Rolipram,C0073561,Rolipram,6
Roundup,C0140858,Glycine,9
Rubidazone,C0073688,Daunorubicin,12
Rubus idaeus leaf extract,C0772003,Pregnancy,6
Ruthenium-106,C0303733,Brachytherapy,2
S-1108,C0171230,Cephalosporins,20
S-adenosylmethionine,C0036002,Pregnancy,787
SABA,C0047120,Asthma,129
SCH 58261,C0387956,Cadmium,1
SCH23390,C0080138,"Receptors, Dopamine",4
SCTV01E,C5691129,"Antibodies, Neutralizing",2
SCUTELLARIA BAICALENSIS Extract,C1568085,"Drugs, Chinese Herbal",2
SGLT2 Inhibitors,C3273807,Sodium-Glucose Transporter 2 Inhibitors,39
SMOFlipid,C4282876,"Fat Emulsions, Intravenous",70
SMS 201-995,C0728977,Octreotide,23
SMT C1100,C4308021,Benzoxazoles,2
SP600125,C0968383,Signal Transduction,4
STIMULANTS,C0002763,Central Nervous System Stimulants,2887
STIMULANTS,C0304402,Attention Deficit Disorder with Hyperactivity,1312
SU5416,C0762592,Angiogenesis Inhibitors,1
SY5555,C0165380,Bacterial Infections,17
Sabril,C0592085,Anticonvulsants,9
Salazopyrin,C4082693,Crohn Disease,11
Salbupart,C0084449,Albuterol,10
Salicylates,C0036077,Salicylates,319
Saline,C0036082,Pregnancy,2045
Salk Vaccine,C0036106,"Poliovirus Vaccine, Inactivated",9
Sandostatin,C0678117,Octreotide,21
Saponins,C0036189,Saponins,202
Sarin,C0036233,Sarin,4
Sartan,C1563745,Pregnancy,10
Saxitoxin,C0036248,Hemolytic-Uremic Syndrome,41
Schiff Bases,C0036311,Pregnancy,18
Schizandra preparation,C0141729,"Dose-Response Relationship, Drug",2
Sclerosant,C0036426,Sclerotherapy,119
Sclerosing Injections,C0687674,Sclerosing Solutions,5
Seasonique,C1724431,"Contraceptives, Oral, Synthetic",3
Sedating Antihistamines,C1955826,Histamine H1 Antagonists,5
Sedative,C0036557,Hypnotics and Sedatives,887
Sefril,C0729052,"Anti-Inflammatory Agents, Non-Steroidal",1
Semaphorin,C1136340,Semaphorins,19
Septocaine,C0939725,Age Factors,1
Sequens,C0142007,"Contraceptives, Oral",3
Sequential Oral Contraceptives,C0009908,Adenocarcinoma,1
Serotonin Agonists,C0162757,Serotonin Receptor Agonists,114
Serotonin Reuptake Inhibitors,C0162758,Selective Serotonin Reuptake Inhibitors,174
Serotonin Reuptake Inhibitors,C0360105,Selective Serotonin Reuptake Inhibitors,1609
Sevorane,C4551608,"Anesthesia, General",3
Shiga Toxin,C0074447,Hemolytic-Uremic Syndrome,128
Short-Acting Insulin,C0356365,"Diabetes Mellitus, Type 1",71
Silk,C0074529,Silk,18
Silk,C0981971,Silk,18
Simazine,C0037136,Herbicides,7
Sintrom,C0919378,Acenocoumarol,6
Sintrom,C1439266,Acenocoumarol,6
Small Heat Shock Protein,C1564779,Heat-Shock Proteins,10
Small Molecule,C1328819,Pregnancy,55
Snake venom,C0037380,Snake Bites,73
Snuff,C0037390,"Tobacco, Smokeless",200
Snuff,C0671649,"Tobacco, Smokeless",188
Snus,C4288198,"Tobacco, Smokeless",108
Sodium Azide,C0074721,Pregnancy,9
Sodium Chloride 0.9%,C0445115,Pregnancy,891
Sodium Chloride 0.9%,C0990166,Pregnancy,43
Sodium Cyanide,C0037498,Brain Injuries,2
Sodium Fluoride Tablets,C1247982,Dental Caries,3
Sodium Fusidate,C0037509,Fusidic Acid,12
Sodium Pentachlorophenate,C0037541,Benzofurans,1
Sodium channel blocker,C0872271,Sodium Channel Blockers,54
Sodium orthovanadate,C4733715,Acid Phosphatase,1
Sodium tetradecyl,C0037555,Sodium Tetradecyl Sulfate,2
Solumedrol,C0701466,Treatment Outcome,12
Soman,C0037643,Biomarkers,1
Somatostatin analog,C0732165,Octreotide,138
Somatostatin analog,C2746073,Octreotide,56
Somatostatin analog,C3536825,Octreotide,138
Sombrevin,C0795733,"Anesthesia, Obstetrical",8
Sonapax,C0025225,Attention Deficit Disorder with Hyperactivity,1
Soy protein,C0074926,Soybean Proteins,109
Spasmaverine,C0143191,Ethylamines,2
Spectacillin,C0950950,Ampicillin,2
Spider venom,C0037912,Spider Venoms,34
Stadol,C0038119,Butorphanol,8
Stamaril,C4325296,Vaccination,8
Stediril,C0733748,"Contraceptives, Oral",18
Steroid hormone,C0301818,Pregnancy,674
Stesolid,C0699189,"Administration, Rectal",3
Stimulant laxative,C0304553,Constipation,12
Stimulant laxative,C3536706,Constipation,5
Suboxone,C1170625,"Analgesics, Opioid",6
Substance P,C0038585,Substance P,272
Substance P,C3887812,Substance P,272
Sufenta,C0733851,Prospective Studies,3
Sugar,C0007004,Pregnancy,2969
Sugar,C0242209,Diet,1276
Sugar,C3665462,Diet,1014
Sulfamonomethoxine,C0038699,Anti-Bacterial Agents,2
Sulfonamide,C0038760,Sulfonamides,822
Sulfonamide,C0599503,Sulfonamides,822
Sulfonamide,C3536763,Sulfonamides,40
Sulfonylurea,C0038766,"Potassium Channels, Inwardly Rectifying",208
Sulfonylurea,C3536898,Sulfonylurea Receptors,188
Sulpyrine,C1146617,"Anti-Inflammatory Agents, Non-Steroidal",1
Sunset yellow,C0060120,Azo Compounds,8
Surfactant,C0034085,Pulmonary Surfactants,3242
Surfactant,C0038889,Pulmonary Surfactants,2793
Surfactant,C2825078,Pulmonary Surfactants,2793
Surgiflo,C4058557,Anaphylaxis,1
Survanta,C0699934,Pulmonary Surfactants,136
Symbicort,C1121854,Budesonide,30
Sympathomimetic,C0039052,Pregnancy,359
Synestrol,C0729093,Abortifacient Agents,1
Synthetic Cathinone,C5690846,Substance-Related Disorders,8
Synthetic Estrogens,C0014941,Pregnancy,88
Synthetic cannabinoid,C3260252,Cannabinoids,34
Syntocinon,C0592155,Pregnancy,150
Syntomycin,C0699304,China,1
T-1982,C0144299,Cephamycins,37
T-2 Toxin,C0039185,Mycotoxins,17
T-20,C4551622,HIV Infections,4
T0901317,C0965514,AMP-Activated Protein Kinases,1
TAC,C2962221,Oxidative Stress,331
TACROLIMUS 0.3 mg in 1 g TOPICAL OINTMENT,C0980465,Tacrolimus,12
TAME ether,C0383714,Environmental Monitoring,2
TAZAROTENE 0.045% LOTION,C5222306,Acne Vulgaris,8
TBBPA cpd,C0076220,Polybrominated Biphenyls,15
TBECH cpd,C1870809,California,1
TCDB,C0635626,Clostridioides difficile,17
TDCCA compound,C4077520,Insecticides,13
TDCIPP,C5197006,Flame Retardants,49
TERRAMYCIN OPHTHALMIC OINTMENT,C0310315,"Administration, Topical",2
THYROID,C0040134,Pregnancy,5479
THYROID,C5781115,Pregnancy,5475
TLR Agonists,C5447609,"Adjuvants, Immunologic",19
TMP mimetic peptide,C1872623,"Purpura, Thrombocytopenic, Idiopathic",1
TNF Inhibitor,C3537192,Tumor Necrosis Factor Inhibitors,276
TNT,C0011892,Pregnancy,632
TNT,C0041070,Troponin T,55
TNT,C0077404,Troponin T,304
TRITC,C0076308,Immunohistochemistry,2
TTP,C1506603,Pregnancy,374
TTP,C4723973,Pregnancy,374
Tace,C0723595,Liver Neoplasms,126
Tace,C1569773,Liver Neoplasms,126
Talcum Powder,C1963644,Talc,11
Talwin,C0030875,Pentazocine,4
Tamiflu,C0876173,Antiviral Agents,24
Tap water,C2919405,Water Supply,269
Tapazole,C0728778,Methimazole,5
Tarka,C0595471,Drug Combinations,2
Tazocin,C4551744,Retrospective Studies,3
Tea Extract,C4721865,Beverages,2
Tedral,C0076035,"Abnormalities, Drug-Induced",2
Tegretol,C0700087,Carbamazepine,27
Temodal,C4082706,Brain Neoplasms,2
Terpenes,C0039561,Terpenes,59
Tetanus Toxoid,C0039620,Tetanus Toxoid,1862
Tetanus Toxoid,C0305062,Vaccination,2392
Tetrachloronaphthalene,C0303758,Naphthalenes,2
Thalamonal,C0145526,Preanesthetic Medication,6
Thapsigargin,C0076374,Thapsigargin,7
Thiamethoxam,C0962390,Neonicotinoids,29
Thiaminase,C0076401,Hydrolases,4
Thiazides,C0012802,Diuretics,44
Thiazides,C0541746,Diuretics,44
Thiazolidinediones,C1257987,Thiazolidinediones,130
Thiazolidinediones,C3541957,Thiazolidinediones,130
Thioacetamide,C0039872,Liver,4
Thiocarbamates,C0039882,Thiocarbamates,19
Thioflavin T,C0076466,Age Distribution,1
Third generation cephalosporin,C0304320,Anti-Bacterial Agents,258
Thorium Dioxide,C0039995,Thorium Dioxide,18
Thrombopoietin Receptor Agonists,C2584967,"Purpura, Thrombocytopenic, Idiopathic",42
Thromboxane A2,C0040057,Pregnancy,269
Thymoglobulin,C0730920,Antilymphocyte Serum,140
Thyroid hormone,C0040135,Thyroid Hormones,2945
Tigason,C0729231,Etretinate,21
Tiger snake antivenom,C0772467,Snake Bites,7
Tincture of opium,C0724655,Diazepam,2
Tinopal,C0604859,"Administration, Topical",1
Tiron,C0040270,"1,2-Dihydroxybenzene-3,5-Disulfonic Acid Disodium Salt",4
Tiron,C2350049,"1,2-Dihydroxybenzene-3,5-Disulfonic Acid Disodium Salt",3
Tobacco,C0040329,Smoking,9210
Tobacco,C2701271,Smoking,9036
Tobi,C0723764,Tobramycin,24
Tocolytics,C0040349,Pregnancy,2764
Tocotrienol-rich Fraction,C3540580,Antioxidants,2
Tonalide,C1436022,"Air Pollution, Indoor",3
Topamax,C0723778,Anticonvulsants,16
Topical Corticosteroid,C0304604,"Dermatitis, Atopic",299
Topical anesthetic,C0040464,"Anesthetics, Local",169
Topoisomerase II Inhibitor,C1519554,Topoisomerase II Inhibitors,49
Topoisomerase Inhibitors,C0598317,Topoisomerase I Inhibitors,54
Toxin,C0040549,Pregnancy,435
Trace Elements,C0040577,Trace Elements,2700
Traffic-Related Pollutants,C4704864,Air Pollutants,43
Tramal,C0040611,Tramadol,11
Tranquilizer,C0040614,Tranquilizing Agents,96
Transamine,C0040636,Hemostatics,2
Transferrin,C0040679,Transferrin,1676
Transferrin,C4048587,Transferrin,1676
Travasol,C0076943,Parenteral Nutrition,10
Triazine herbicide,C0019238,Agriculture,3
Triazines,C0040877,Triazines,809
Triazoles,C0040880,Triazoles,957
Trichosanthin,C0040942,Pregnancy,12
Tricresyl Phosphate,C0041120,Flame Retardants,14
Trifluralin,C0040990,Pesticides,8
Triglyceride,C0041004,Triglycerides,9113
Trihalomethanes,C0041006,Trihalomethanes,196
Trileptal,C0876196,Anticonvulsants,7
Trinitrobenzene,C0041063,Mice,2
Triorthocresyl phosphate,C0076986,Case-Control Studies,3
Triphasil,C0728965,Ethinyl Estradiol-Norgestrel Combination,32
Triple Dye,C0077268,Umbilical Cord,19
Triptan,C0162754,Migraine Disorders,53
Triptan,C1567966,Migraine Disorders,81
"Tris(2,3-dibromopropyl) Phosphate",C0077281,Flame Retardants,4
Trophamine,C0147020,Parenteral Nutrition,20
Tryptophan Metabolite,C4331440,Tryptophan,20
Tuinal,C0077493,Amobarbital,2
Tumor necrosis factor alpha inhibitor,C1562242,Infliximab,9
Tylenol,C0699142,Acetaminophen,12
UDPglucose 4-Epimerase,C0041990,UDPglucose 4-Epimerase,30
UV328,C5391949,Environmental Exposure,2
Ultralan,C0918038,Fluocortolone,3
Ultravist,C0728741,Contrast Media,3
Urbanyl,C0699642,Anticonvulsants,2
Utrogestan,C1515400,Pregnancy,47
V-1 Immunitor,C1121818,AIDS Vaccines,4
VEGF-C,C0388911,Vascular Endothelial Growth Factor C,44
VEGF-C,C1171894,Vascular Endothelial Growth Factor C,44
VERBASCUM THAPSUS,C3488451,Phytotherapy,3
VM-26,C0733482,Antineoplastic Combined Chemotherapy Protocols,55
VOLUME EXPANDERS,C1875865,"Infant, Premature",20
VP 16-213,C0733689,Etoposide,22
VP16,C0733688,Etoposide,279
Vacor,C0077971,Phenylurea Compounds,2
Vaginal Spermicides,C0087145,Pregnancy,107
Vaginal dinoprostone,C0360288,Pregnancy,121
Valium,C0699187,Diazepam,29
Vallestril,C0148127,Blood Cell Count,2
Vamin,C0148151,Amino Acids,30
Vamin N,C0148152,"Diarrhea, Infantile",2
Varicella Vaccine,C0078048,Chickenpox,2113
Varicella Vaccine,C0770687,Chickenpox Vaccine,755
Varicella Vaccine,C3464497,Chickenpox Vaccine,754
Varivax,C0947706,Chickenpox Vaccine,65
Varizig,C1700633,Immune Sera,7
Vasodilators,C0042402,Vasodilator Agents,1551
Vasopressor,C0042397,Vasoconstrictor Agents,1017
Vaxzevria,C5667133,COVID-19,15
Venofer,C0529374,Ferric Compounds,7
Venom,C0042479,Snake Bites,242
Ventolin,C0033744,Albuterol,28
Verografin,C0733901,"Anesthesia, General",1
Verotoxin 2,C0074449,Hemolytic-Uremic Syndrome,34
Vespula venom,C0440461,"Desensitization, Immunologic",5
Vibramycin,C0699957,Doxycycline,16
Videx,C0592249,Pregnancy,4
Vinegar,C0148405,Acetic Acid,7
Viokase,C0702059,Diarrhea,2
Vipera berus venom,C3484456,Antivenins,12
Visfatin,C0068707,Nicotinamide Phosphoribosyltransferase,238
Visfatin,C1571622,Nicotinamide Phosphoribosyltransferase,238
Visken,C0699962,Adrenergic beta-Antagonists,3
Vitamin supplementation,C0302837,Vitamin A,958
Vitamins,C0042890,Vitamins,5449
Vitamins,C3540032,Vitamins,5449
Vitamins,C3714649,Vitamins,5449
Vitix,C1700984,Catalase,2
Vivagel,C3489614,"Administration, Intravaginal",4
Voluven,C1451362,Hydroxyethyl Starch Derivatives,20
WR-1065,C0078518,Amifostine,7
Wasp venom,C0043040,Wasp Venoms,83
Water-soluble vitamin,C0259754,Vitamins,32
Wilate,C2726511,Factor VIII,13
WinRho,C0724402,Rho(D) Immune Globulin,16
Wobenzym,C0078510,Drug Combinations,7
XK469,C0765292,Combined Modality Therapy,1
XLR-11,C3711172,Cannabinoids,2
XZ-CD5,C0287023,Bone Marrow Transplantation,2
Xylan,C0043365,Xylans,6
Xylocaine,C0699094,Lidocaine,22
Yasmin,C0939533,Androstenes,33
Z-VAD-FMK,C0383779,Apoptosis,6
ZK 98734,C0149435,Abortifacient Agents,1
Zearalenone,C0043454,Zearalenone,80
Zenpep,C2725181,Cystic Fibrosis,2
Zerit,C0701312,"Animals, Newborn",2
Zinc salts,C0351669,Zinc,14
Ziram,C0043505,Pesticides,2
Zoladex,C0149473,Goserelin,30
Zoloft,C0284660,Selective Serotonin Reuptake Inhibitors,9
abacavir,C0663655,Pregnancy,212
abagovomab,C1832044,"Antibodies, Monoclonal",2
abaloparatide,C4042342,Bone Density,2
abamectin,C0066646,Agrochemicals,1
abametapir,C4519258,"Administration, Topical",1
abatacept,C1619966,Abatacept,120
abciximab,C0288672,"Antibodies, Monoclonal",14
abemaciclib,C3852841,Clinical Protocols,2
abiraterone,C0754011,"Administration, Oral",2
abobotulinumtoxinA,C2719424,"Botulinum Toxins, Type A",23
abortifacient,C0000782,Pregnancy,3708
abrocitinib,C5139788,"Dermatitis, Atopic",4
abscisic acid,C0000843,Abscisic Acid,2
abt-737,C1570187,Antineoplastic Agents,1
abt-751,C1134654,Sulfonamides,5
acacia,C2701066,Acacia,6
acacia pollen,C0440367,Asthma,1
acadesine,C0051027,Aminoimidazole Carboxamide,3
acalabrutinib,C4078312,Agammaglobulinaemia Tyrosine Kinase,1
acamprosate,C0284941,Acamprosate,10
acarbose,C0050393,Hypoglycemic Agents,14
acebutolol,C0000946,Acebutolol,32
acecainide,C0001061,Procainamide,13
aceclofenac,C0050403,"Anti-Inflammatory Agents, Non-Steroidal",2
acemetacin,C0050409,Anti-Inflammatory Agents,1
acenaphthene,C0050410,Polycyclic Aromatic Hydrocarbons,18
aceneuramic acid,C2825327,Distal Myopathies,2
acenocoumarol,C0000956,Acenocoumarol,65
acephate,C0050413,Pesticides,9
acepromazine,C0000959,Acepromazine,2
acesulfame,C0772228,Sweetening Agents,15
acetaldehyde,C0000966,Acetaldehyde,138
acetamide,C0050423,"Chromatography, High Pressure Liquid",5
acetaminophen,C0000970,Acetaminophen,2455
acetaminophen,C2917659,Acetaminophen,2455
acetamiprid,C1142891,Neonicotinoids,36
acetate,C0000975,Pregnancy,310
acetazolamide,C0000981,Acetazolamide,340
acetic acid,C0000983,Pregnancy,142
acetic acid,C0000985,Acetic Acid,139
acetic acid,C1550049,Acetic Acid,139
acetoacetic acid,C0050445,Acetoacetates,81
acetochlor,C0050450,Pregnancy,8
acetohydroxamic acid,C0050451,Risk Factors,48
acetomepregenol,C0065968,"Abortion, Threatened",3
acetone,C0001002,Acetone,143
acetone cyanohydrin,C0050455,"Amino Acids, Essential",1
acetophenone,C0050459,Acetophenones,1
acetyl chloride,C0216046,"8,11,14-Eicosatrienoic Acid",1
acetyl sulfisoxazole,C0081437,Otitis Media,3
acetylcarnitine,C0001040,Carnitine,116
acetylcholine,C0001041,Acetylcholine,266
acetylcysteine,C0001047,Acetylcysteine,470
acetyldigoxin,C0001050,Acetyldigoxins,6
acetylene,C0001052,Acetylene,8
acetylglucosamine,C0001056,Acetylglucosamine,120
acetylleucine,C0256552,Ataxia Telangiectasia,2
acetylphenylhydrazine,C0067129,Erythrocytes,10
acetylsalicylic acid,C0004057,Pregnancy,2723
acetylspiramycin,C0050540,"Toxoplasmosis, Congenital",6
acetyltributyl citrate,C0045801,Plasticizers,6
acidulated phosphate fluoride,C0001134,Acidulated Phosphate Fluoride,51
acipimox,C0050558,Pyrazines,3
acitretin,C0050559,Acitretin,131
aclarubicin,C0001143,Aclarubicin,37
aclarubicin,C0771002,Aclarubicin,1
aclidinium bromide,C2699758,"Administration, Inhalation",1
aconitine,C0001159,Aconitine,3
acotiamide,C4317155,COVID-19,1
acremonium strictum,C2723553,Acremonium,4
acriflavine,C0001187,Pregnancy,5
acrivastine,C0054340,Histamine H1 Antagonists,3
acrylamide,C0050587,Acrylamide,135
acrylic acid,C0101303,Polymers,5
acrylic acid,C1321887,Acrylic Resins,2
activated charcoal,C0001275,Charcoal,139
acyclovir,C0001367,Acyclovir,1247
acyl-ghrelin,C5434985,Ghrelin,9
ad5-ncov,C5244458,COVID-19,16
adalimumab,C1122087,Adalimumab,556
adamantane,C0001392,Adamantane,28
adapalene,C0165631,Acne Vulgaris,72
adavosertib,C4688386,Antineoplastic Combined Chemotherapy Protocols,3
adefovir,C0050175,Antiviral Agents,32
adefovir dipivoxil,C0540694,Adenine,19
adelmidrol,C2347349,"Administration, Topical",1
adenosine,C0001443,Adenosine,407
adenosine disphosphate,C5698453,"Amino Acids, Essential",2
adenosine phosphate,C0001413,Adenine Nucleotides,136
adenosine phosphate,C0001465,Pregnancy,194
adenosine triphosphate,C0001480,Adenosine Triphosphate,763
adh-1,C1706643,Antibody Formation,1
adrabetadex,C4741223,"Niemann-Pick Disease, Type C",3
aducanumab,C4043101,Alzheimer Disease,1
afatinib,C2987648,Afatinib,3
afimoxifene,C2347999,Tamoxifen,4
aflatoxin B1,C0085180,Aflatoxin B1,185
aflibercept,C1134659,Angiogenesis Inhibitors,61
agalsidase alfa,C0962517,Fabry Disease,46
agalsidase beta,C1137427,Fabry Disease,24
agar,C0001771,"Electrophoresis, Agar Gel",423
aglatimagene besadenovec,C2347431,Antiviral Agents,4
agmatine,C0001814,Agmatine,5
agomelatine,C0971637,Acetamides,3
agonists,C0243192,Gonadotropin-Releasing Hormone,1406
ajmaline,C0001888,Ajmaline,25
ajoene,C0051034,Antifungal Agents,2
alachlor,C0051051,Pesticides,9
alanine,C0001898,Pregnancy,656
alanosine,C0051066,"Chromosomes, Human, Pair 5",1
alanyl glutamine,C0051080,Dipeptides,11
alatrofloxacin,C0540776,Anti-Infective Agents,1
albendazole,C0001911,Albendazole,1020
albiglutide,C2607479,"Contraceptives, Oral",1
albinterferon alfa-2b,C2603873,Albumins,1
albumin human,C0304925,Serum Albumin,191
albuterol,C0001927,Albuterol,1856
albutrepenonacog alfa,C4084478,Factor IX,4
albuvirtide,C3493164,Anti-Retroviral Agents,1
alcaftadine,C2348241,"Conjunctivitis, Allergic",2
alclofenac,C0001937,Age Factors,1
alclometasone,C0360534,"Administration, Topical",2
alclometasone dipropionate,C0051113,Double-Blind Method,3
alcuronium,C0001981,Alcuronium,23
aldesleukin,C0218986,Interleukin-2,14
aldosterone,C0002006,Aldosterone,1307
alectinib,C3853921,Anaplastic Lymphoma Kinase,19
alefacept,C0962603,Alefacept,14
alemtuzumab,C0383429,Alemtuzumab,276
alendronate,C0102118,Alendronate,103
alendronic acid,C0771311,Alendronate,1
alfacalcidol,C0044410,Hydroxycholecalciferols,95
alfaprostol,C0051147,"Administration, Intravaginal",2
alfaxalone,C0051482,Alfaxalone Alfadolone Mixture,77
alfentanil,C0002026,Alfentanil,222
alfuzosin,C0051150,Quinazolines,4
algal oil,C3538243,Docosahexaenoic Acids,20
algestone,C0002328,Algestone,7
algestone acetophenide,C0002039,Algestone Acetophenide,36
alginate,C0102137,Alginates,47
alginic acid,C0051156,Alginates,6
alglucerase,C0102139,Gaucher Disease,38
alglucerase,C5197599,Gaucher Disease,141
alglucosidase alfa,C1695579,Glycogen Storage Disease Type II,111
alimemazine,C0041031,Trimeprazine,46
alirocumab,C3491162,"Antibodies, Monoclonal, Humanized",8
alisertib,C2987636,Azepines,7
aliskiren,C1120110,Amides,6
alizapride,C0051162,Pyrrolidines,9
alizarin red,C0051163,Pregnancy,31
alkaline phosphatase,C0002059,Alkaline Phosphatase,4362
all-trans-retinol,C0087161,Vitamin A,3834
allantoin,C0002083,Allantoin,37
allergen extracts,C0440016,Allergens,103
allethrin,C0002119,Allethrins,11
allicin,C0051200,Biomarkers,2
allobarbital,C0002132,Barbiturates,1
allopurinol,C0002144,Allopurinol,316
alloxan,C0002151,"Diabetes Mellitus, Experimental",10
allyl alcohol,C0051225,Fetal Development,2
allyl isothiocyanate,C0051231,TRPA1 Cation Channel,3
allylestrenol,C0002158,Pregnancy,25
almitrine,C0002164,Almitrine,5
almond,C2702310,Nuts,21
almond oil,C0102271,Plant Oils,14
almonertinib,C5446308,Acrylamides,1
almorexant,C1871407,Acetamides,1
almotriptan,C0914729,Tryptamines,9
alnus glutinosa,C4521019,"Administration, Sublingual",1
alogliptin,C1958126,Hypoglycemic Agents,3
alosetron,C0291772,Carbolines,1
aloxiprin,C0051254,"Arthritis, Juvenile",1
alpelisib,C4055478,Class I Phosphatidylinositol 3-Kinases,14
alpha 1-antitrypsin,C0002191,alpha 1-Antitrypsin,1180
alpha tocopherol,C0969677,Vitamin E,509
alpha-1-acid glycoprotein,C0029297,Orosomucoid,511
alpha-1-acid glycoprotein,C5391914,Orosomucoid,76
alpha-1-proteinase inhibitor,C0795657,alpha 1-Antitrypsin,124
alpha-Chloralose,C0008162,Blood Pressure,2
alpha-MSH,C0002302,alpha-MSH,55
alpha-MSH,C0050600,alpha-MSH,55
alpha-aminobutyric acid,C0054314,Amino Acids,25
alpha-carotene,C0051336,Carotenoids,119
alpha-cyclodextrin,C0051348,"Aorta, Thoracic",1
alpha-cypermethrin,C0950360,Insecticides,11
alpha-hexachlorocyclohexane,C0051374,Insecticides,42
alpha-keto-beta-methylvaleric acid,C0047521,Keto Acids,2
alpha-ketoglutaric acid,C0051395,Ketoglutaric Acids,27
alpha-ketoisocaproic acid,C0051397,Leucine,23
alpha-ketoisovalerate,C0051398,Creatinine,2
alpha-lactalbumin,C0002287,Lactalbumin,147
alpha-lactalbumin,C5441590,Lactalbumin,143
alpha-latrotoxin,C0051403,Black Widow Spider,1
alpha-linolenic acid,C0051405,Pregnancy,368
alpha-linolenic acid,C0125903,alpha-Linolenic Acid,356
alpha-n-acetyl-d-galactosamine,C4521679,Immunohistochemistry,2
alpha-naphthoflavone,C0051441,Benzoflavones,9
alpha-tocopherol acetate,C1999896,Vitamin E,50
alphaprodine,C0002327,Pregnancy,30
alpidem,C0051484,Anti-Anxiety Agents,2
alprazolam,C0002333,Alprazolam,57
alprenolol,C0002334,Alprenolol,3
alprostadil,C0002335,Alprostadil,620
alteplase,C0032143,Tissue Plasminogen Activator,896
alternaria alternata,C0993202,Allergens,34
altretamine,C0019453,Pregnancy,88
altu-135,C1870831,Amylases,1
"alum, potassium",C0725101,"Adjuvants, Immunologic",142
aluminium,C0002367,Aluminum,588
aluminium monostearate,C0102850,Aluminum,1
aluminium phosphate,C0051519,"Adjuvants, Immunologic",30
aluminum acetate,C0051510,Acetates,4
aluminum chloride,C0102840,Aluminum Chloride,12
aluminum hydroxide,C0002371,Aluminum Hydroxide,240
aluminum oxide,C0002374,Aluminum Oxide,14
aluminum phosphide,C0102853,Aluminum Compounds,17
aluminum potassium sulfate,C0137988,"Adjuvants, Immunologic",142
aluminum sulfate,C0051522,"Adjuvants, Immunologic",21
aluminum-containing antacids,C1874163,Aluminum,9
alvespimycin,C1527262,Benzoquinones,2
amantadine,C0002403,Amantadine,148
amber,C0242864,Prospective Studies,6
ambrisentan,C1176329,"Hypertension, Pulmonary",16
ambroxol,C0002421,Ambroxol,96
amdinocillin,C0002435,Amdinocillin,21
amdinocillin pivoxil,C0002436,Amdinocillin Pivoxil,62
amezinium metilsulfate,C0771147,Pyridazines,2
amifampridine,C0046948,Pesticides,132
amifostine,C0015020,Amifostine,37
amikacin,C0002499,Amikacin,593
amiloride,C0002502,Amiloride,74
amiloxate,C0654934,4-Aminobenzoic Acid,1
aminacrine,C0002503,Aminoacridines,17
aminaphthone,C0051601,Double-Blind Method,1
amineptine,C0051607,Anorexia Nervosa,2
amino acid solution,C0308312,Amino Acids,104
amino acid supplementation,C0556082,Amino Acids,48
amino acids,C0002520,Amino Acids,4537
amino acids,C3539946,Amino Acids,4537
amino acids,C3539947,Amino Acids,4537
aminocaproic acid,C0002546,Aminocaproic Acid,94
aminoglutethimide,C0002555,Aminoglutethimide,17
aminoglycoside,C0002556,Anti-Bacterial Agents,689
aminoglycoside,C0003233,Anti-Bacterial Agents,711
aminoglycoside,C3536835,Anti-Bacterial Agents,377
aminoimidazole carboxamide,C0002560,Pregnancy,57
aminolevulinate,C0600157,5-Aminolevulinate Synthetase,29
aminolevulinic acid,C0002563,Pregnancy,253
aminomethylbenzoic acid,C0048045,Antifibrinolytic Agents,2
aminomethylphosphonic acid,C1173230,Glyphosate,24
aminophenazone,C0002586,Aminopyrine,81
aminophylline,C0002575,Aminophylline,382
aminopterin,C0002583,Aminopterin,20
aminorex,C0002589,Aminorex,2
aminosalicylate,C0368663,Inflammatory Bowel Diseases,39
aminosalicylate,C2825094,Mesalamine,7
aminosalicylic acid,C0030125,Pregnancy,482
amiodarone,C0002598,Amiodarone,367
amisulpride,C0103045,Antipsychotic Agents,29
amithiozone,C0039834,Thioacetazone,17
amitraz,C0051692,Toluidines,10
amitriptyline,C0002600,Amitriptyline,219
aml-2-23,C5777113,"Antibodies, Monoclonal",3
amlodipine,C0051696,Amlodipine,89
ammonia,C0002607,Ammonia,1033
ammonia,C0876283,Ammonia,1033
ammonium acetate,C0051704,"Chromatography, High Pressure Liquid",43
ammonium bicarbonate,C0051706,"Chromatography, High Pressure Liquid",2
ammonium chloride,C0002615,Ammonium Chloride,65
ammonium dichromate,C0051707,Chromates,1
ammonium ferrous sulfate,C0051716,Aging,2
ammonium lactate,C0718495,Lactates,2
ammonium molybdate,C0051721,"Abnormalities, Multiple",1
ammonium tetrathiomolybdate,C0103097,Hepatolenticular Degeneration,3
amobarbital,C0002640,Amobarbital,65
amodiaquine,C0002641,Antimalarials,576
amorolfine,C0051736,Antifungal Agents,7
amotosalen,C1136704,Furocoumarins,9
amoxapine,C0002644,Amoxapine,11
amoxicillin,C0002645,Anti-Bacterial Agents,1576
amphetamine,C0002658,Pregnancy,981
amphetamine,C0002667,Pregnancy,446
amphotericin,C0085795,Amphotericin B,93
amphotericin B lipid complex,C4521099,Amphotericin B,42
amphotericin B lipid complex Injection,C5836001,Amphotericin B,3
amphotericin B-deoxycholate,C0051761,Amphotericin B,49
amphotericin b,C0002679,Amphotericin B,1406
ampicillin,C0002680,Ampicillin,1556
ampicillin,C2095775,Ampicillin,1556
amprenavir,C0754188,Carbamates,27
amprolium,C0002686,Amprolium,1
amrinone,C0002697,Amrinone,25
amsacrine,C0002699,Antineoplastic Combined Chemotherapy Protocols,79
amygdalin,C0002707,Amygdalin,6
amyl acetate,C0051771,Smell,4
amyl nitrite,C0002711,Amyl Nitrite,17
amylase,C0002712,Amylases,696
amylmetacresol,C0771502,"Administration, Topical",1
amylopectin,C0002728,Glycogen Storage Disease Type IV,17
amylose,C0002732,Amylose,5
anagrelide,C0051809,Quinazolines,17
anandamide,C0211726,Endocannabinoids,59
anastrozole,C0290883,Anastrozole,69
anatoxin-a,C0283130,Diphtheria,14
ancestim,C0538777,Antineoplastic Combined Chemotherapy Protocols,1
ancrod,C0002823,Heparin,4
andexanet alfa,C4079904,Retrospective Studies,2
andrographolide,C0051821,Andrographis,4
androstanedione,C0002860,Pregnancy,1686
androstenediol,C0524764,Androstenediol,33
androsterone,C0002865,Androsterone,119
anethole,C0051839,Amniotic Fluid,2
angelica archangelica root,C3486626,"Drugs, Chinese Herbal",7
angelica sinensis root,C1879704,"Drugs, Chinese Herbal",4
angiotensin 1-7,C0103306,Pregnancy,30
angiotensin ii,C0003009,Angiotensin II,508
angiotensin ii,C3714928,Pregnancy,532
angiotensin ii,C5400662,Angiotensin II,508
angiotensinamide,C0003001,Angiotensin Amide,6
anhydrous dextrose,C1165353,Blood Glucose,5
anidulafungin,C1142738,Antifungal Agents,29
anifrolumab,C4519739,"Antibodies, Monoclonal, Humanized",2
aniline,C0003036,Aniline Compounds,18
anise oil,C0304095,"Adjuvants, Immunologic",1
anisodamine,C0051920,Solanaceous Alkaloids,3
anisomycin,C0003082,Signal Transduction,2
anistreplase,C0078956,Anistreplase,4
anlotinib,C4519250,Indoles,6
anordrin,C0051932,Norandrostanes,5
ansuvimab,C5432324,"Antibodies, Monoclonal",1
antazoline,C0003143,Antazoline,5
anthelmintic,C0003158,Anthelmintics,1330
anthelmintic,C3536838,Anthelmintics,158
anthoxanthum odoratum,C1445383,Poaceae,2
anthracene,C0003162,Polycyclic Aromatic Hydrocarbons,66
anthralin,C0003166,Anthralin,25
anthranilic acid,C0051959,Tryptophan,21
anthrax vaccine,C0358297,Anthrax,73
anthrax vaccine,C5395912,Anthrax Vaccines,40
anti-inhibitor coagulant complex,C0982025,Hemophilia A,19
anti-inhibitor coagulant complex,C3536987,Hemophilia A,11
anti-sars-cov-2 immunoglobulin,C5432252,COVID-19,60
anti-sars-cov-2 regn-cov2,C5389881,"Antibodies, Monoclonal, Humanized",1
antiandrogen,C0002842,Androgen Antagonists,352
antiandrogen,C3540703,Androgen Antagonists,72
anticoagulant,C0003280,Anticoagulants,3740
anticoagulant,C3536711,Pregnancy,839
antidepressant,C0003289,Antidepressive Agents,1885
antidiabetic agent,C0935929,Hypoglycemic Agents,164
antiglaucoma drug,C1515995,Intraocular Pressure,139
"antihemophilic factor (recombinant), pegylated",C4083872,Factor VIII,1
"antihemophilic factor, human recombinant",C2732002,Factor VIII,2001
"antihemophilic factor, porcine",C0724529,Factor VIII,24
antihistamine,C0019590,Histamine Antagonists,289
antihistamine,C0019592,Histamine H1 Antagonists,596
antihistamine,C0740098,Histamine H1 Antagonists,125
antihistamine,C3536809,Histamine H1 Antagonists,144
antilymphocyte immunoglobulin,C0003371,"Anemia, Aplastic",1
antilymphocyte immunoglobulin (horse),C2756957,Antilymphocyte Serum,39
antimetabolite,C0003376,Antimetabolites,150
antimetabolite,C3536950,Methotrexate,37
antimony,C0003380,Short Bowel Syndrome,182
antimony potassium tartrate,C0003382,Antimony Potassium Tartrate,4
antineoplastic,C0003392,Antineoplastic Combined Chemotherapy Protocols,16060
antineoplaston a10,C0052080,Pregnancy,47
antiprotozoals,C0003416,Antiprotozoal Agents,938
antipyrine,C0003420,Antipyrine,210
antithrombin III,C0003438,Antithrombin III,1078
antithrombin III,C0724532,Antithrombin III,1078
antithrombin III,C2717481,Antithrombin III,1078
antithrombin III,C4521254,Antithrombin III,1078
antithrombin alfa,C2316217,Recombinant Proteins,3
antithrombin gamma,C5238034,Antithrombins,2
antithymocyte immunoglobulin (rabbit),C0359156,Antilymphocyte Serum,188
antithyroid drug,C0040125,Antithyroid Agents,729
antivenom,C0003450,Antivenins,476
"antivenom,polyvalent snake",C0301506,Antivenins,2
antiviral,C0003451,Antiviral Agents,5857
antiviral,C5551438,Antiviral Agents,1652
antivitamins K,C0052133,Vitamin K,3
apazone,C0003524,Apazone,5
aphidicolin,C0085171,Aphidicolin,12
apigenin,C0912024,Age Factors,3
apis mellifera venom,C0877777,Bee Venoms,1
apixaban,C1831808,Anticoagulants,20
apocynin,C0050465,Oxidative Stress,8
apomorphine,C0003596,Apomorphine,34
apple,C2702351,Fruit,88
apple,C3257517,Fruit,89
apraclonidine,C0048038,Clonidine,16
apraglutide,C5419317,"Adaptation, Physiological",2
apramycin,C0052231,Anti-Bacterial Agents,1
apremilast,C1678805,"Anti-Inflammatory Agents, Non-Steroidal",6
aprepitant,C1176306,Antiemetics,33
apricot,C2731559,Fruit,5
apricot,C3488990,Fruit,5
aprindine,C0003639,Aprindine,7
aprotinin,C0003641,Aprotinin,167
arabica coffee bean,C2725876,Fruit,2
arachidonic acid,C0003695,Arachidonic Acid,1040
arachidonyltrifluoromethane,C0216938,Amnion,2
aramchol,C1122583,Biopsy,2
arbaclofen,C2983924,Baclofen,3
arbekacin,C4082272,Dibekacin,20
arbutin,C0003729,Arbutin,1
arctigenin,C0104013,4-Butyrolactone,1
arecoline,C0003753,Arecoline,13
arformoterol,C0969589,Albuterol,1
argan oil,C2975054,"Administration, Cutaneous",1
argatroban,C0048470,Heparin,29
arginine,C0003765,Arginine,1733
arginine aspartate,C0052327,Arginine,5
arginine glutamate,C0377223,"Administration, Inhalation",1
argininosuccinate,C0368700,Argininosuccinic Acid,16
argipressin,C0003779,Deamino Arginine Vasopressin,796
argipressin,C1527128,Deamino Arginine Vasopressin,796
arimoclomol,C1451975,Disease Progression,1
aripiprazole,C0299792,Antipsychotic Agents,290
aripiprazole lauroxil,C4056439,Antipsychotic Agents,1
armodafinil,C1701455,Modafinil,5
arnica montana,C0939860,"Administration, Topical",2
arsenate,C0104238,Arsenic,41
arsenic,C0003818,Arsenic,2255
arsenic acid,C0052413,Arsenic,8
arsenic trioxide,C0052416,Arsenic Trioxide,159
arsenite ion,C3848546,Arsenites,75
arsenobetaine,C0052420,Arsenic,54
artefenomel,C4520217,Antimalarials,4
artemether,C0052429,Antimalarials,612
artemin,C3715084,Nerve Growth Factors,25
artemin,C4760709,Mice,2
artemisia vulgaris root,C3488471,Allergens,6
artemisinin,C0052430,Antimalarials,808
artemisinin,C1136174,Antimalarials,1516
artemotil,C0052427,Antimalarials,9
artenimol,C2828299,Antimalarials,439
artesunate,C0052432,Antimalarials,802
articaine,C1608295,Carticaine,70
artichoke,C0771144,Vegetables,4
artichoke,C4282062,Vegetables,4
asafoetida,C1095802,#,1
asarone,C4309358,Acorus,1
asciminib,C4508722,Antineoplastic Combined Chemotherapy Protocols,1
ascophyllum nodosum,C3256096,Dietary Supplements,4
ascorbate,C0178487,Ascorbic Acid,134
ascorbic acid,C0003968,Ascorbic Acid,2086
asenapine,C2000088,Antipsychotic Agents,8
asfotase alfa,C3490795,Hypophosphatasia,62
asiaticoside,C0052506,Cell Proliferation,1
asparaginase,C0003993,Asparaginase,1278
asparaginase erwinia chrysanthemi,C3255208,Asparaginase,75
asparaginase escherichia coli,C1269691,Asparaginase,56
asparagine,C0003995,Amino Acids,111
asparagus,C0939866,Agriculture,1
asparagus,C2722026,Agriculture,1
aspartame,C0003999,Aspartame,52
aspartic acid,C0004015,Aspartic Acid,1242
aspergillus flavus,C2726135,Aspergillosis,44
aspergillus fumigatus,C1445421,Aspergillus fumigatus,224
aspergillus nidulans,C2937409,Aspergillus nidulans,10
aspergillus terreus,C0981840,Antifungal Agents,13
asphalt,C0052558,Hydrocarbons,24
aspoxicillin,C0104449,Amoxicillin,25
astaxanthin,C0052565,Xanthophylls,11
astemizole,C0085170,Astemizole,39
astodrimer,C4490518,"Administration, Intravaginal",1
astrazeneca covid-19 vaccine,C5383287,COVID-19,142
asunaprevir,C3491974,Age Factors,1
at9283,C1879521,Benzimidazoles,3
ataluren,C2930764,Oxadiazoles,15
atamestane,C0074442,Age Factors,2
atazanavir,C1145759,HIV Infections,111
atenolol,C0004147,Atenolol,183
atezolizumab,C4055433,"Carcinoma, Hepatocellular",27
atipamezole,C0052593,Adrenergic alpha-Antagonists,3
atlantic cod,C2740952,Fishes,3
atlantic halibut,C5201211,Cadmium,2
atlantic salmon,C2740956,Diet,4
atogepant,C5238205,Calcitonin Gene-Related Peptide Receptor Antagonists,2
atomoxetine,C0076823,Attention Deficit Disorder with Hyperactivity,438
atorvastatin,C0286651,Atorvastatin,89
atosiban,C0164398,Pregnancy,214
atovaquone,C0165603,Atovaquone,79
atp,C0004482,Azathioprine,1450
atp,C2744579,Pregnancy,603
atracurium,C0004234,Atracurium,184
atracurium besylate,C0004235,Atracurium,7
atrazine,C0004237,Atrazine,79
atrial natriuretic peptide,C0027481,Atrial Natriuretic Factor,741
atrial natriuretic peptide,C4553325,Atrial Natriuretic Factor,741
atropine,C0004259,Atropine,880
atropine,C1161352,Atropine,880
attapulgite,C0052657,Acute Disease,2
atx-101,C4305918,Treatment Outcome,2
auranofin,C0004320,Auranofin,18
aurothioglucose,C0018033,Aurothioglucose,19
aurothiomalate,C0085857,"Administration, Oral",1
auto3,C5206698,"Antibodies, Bacterial",1
avacopan,C4507514,Granulomatosis with Polyangiitis,2
avalglucosidase alfa,C5418318,Glycogen Storage Disease Type II,7
avanafil,C2698280,Drug-Related Side Effects and Adverse Reactions,1
avapritinib,C4743552,Mutation,2
avasimibe,C0965226,"Dose-Response Relationship, Drug",2
avatrombopag,C3886460,"Purpura, Thrombocytopenic, Idiopathic",5
avelumab,C4055417,"Antibodies, Monoclonal, Humanized",4
avenanthramides,C5136796,ortho-Aminobenzoates,2
avermectins,C0969781,Agriculture,4
avexitide,C0247947,Peptide Fragments,4
avibactam,C3489748,Azabicyclo Compounds,13
avidin,C0004434,Immunohistochemistry,167
aviptadil,C1098515,Forecasting,1
avobenzone,C0097513,Allergens,1
avocado,C1366001,Food Hypersensitivity,6
avocado,C2722027,Food Hypersensitivity,6
avocado,C3265002,Food Hypersensitivity,6
axatilimab,C5421327,"Antibodies, Monoclonal, Humanized",2
axitinib,C1700874,Antineoplastic Combined Chemotherapy Protocols,3
azacitidine,C0004475,Azacitidine,150
azatadine,C0052759,Age Factors,1
azathiopurine,C1455642,Immunosuppressive Agents,5
azelaic acid,C0052761,Dicarboxylic Acids,13
azelastine,C0052762,Phthalazines,44
azidocillin,C0052772,Penicillin G,8
azilsartan,C1958569,Antihypertensive Agents,2
azilsartan medoxomil,C2698291,Antihypertensive Agents,1
azithromycin,C0052796,Azithromycin,1293
azlocillin,C0004499,Azlocillin,71
azole,C0004504,Antifungal Agents,152
azoxystrobin,C1613399,Pesticide Residues,6
aztreonam,C0004521,Aztreonam,203
bacampicillin,C0052865,Ampicillin,16
bacillus calmette-guerin substrain danish 1331 live antigen,C4519113,BCG Vaccine,2
baclofen,C0004609,Baclofen,355
bafilomycin a1,C0052919,Autophagy,6
bakuchiol,C0052934,Acne Vulgaris,1
balovaptan,C5139745,Antidiuretic Hormone Receptor Antagonists,1
baloxavir,C4734224,"Influenza, Human",34
baloxavir marboxil,C4688747,"Influenza, Human",30
balsalazide,C0052940,Mesalamine,6
balsam of peru,C0070477,Patch Tests,14
bambuterol,C0052944,Asthma,6
bamlanivimab,C5421805,SARS-CoV-2,13
banana,C0939797,Pregnancy,44
banana,C2722028,Pregnancy,44
barbexaclone,C0105205,Phenobarbital,8
barbital,C0004743,Pregnancy,13
bardoxolone methyl,C1100924,"Diabetes Mellitus, Type 2",1
baricitinib,C4044947,Azetidines,21
barium chloride,C0052972,Pregnancy,4
barium chloride,C1161354,Pregnancy,4
barley,C1533312,Celiac Disease,63
barley,C2722029,Celiac Disease,63
barley malt,C2726178,Hordeum,4
barley malt,C3205286,Hordeum,3
barnidipine,C0078703,Adverse Drug Reaction Reporting Systems,1
barusiban,C1872192,Pregnancy,6
basic fibroblast growth factor,C0380603,Fibroblast Growth Factor 2,272
basic fibroblast growth factor,C1522505,Fibroblast Growth Factor 2,272
basic fibroblast growth factor,C3692257,Fibroblast Growth Factor 2,194
basic fibroblast growth factor,C3887569,Fibroblast Growth Factor 2,272
basil,C2740585,Thailand,3
basiliximab,C0676831,Immunosuppressive Agents,175
basmisanil,C4519249,Down Syndrome,1
batoclimab,C5419322,"Antibodies, Monoclonal",2
batroxobin,C0035158,Batroxobin,17
bazedoxifene,C2346970,Area Under Curve,1
bbibp-corv,C5416820,COVID-19,42
bbv152,C5416846,COVID-19,7
bcg vaccine,C0004886,BCG Vaccine,3042
bcl-x protein,C0219472,Apoptosis,59
bebtelovimab,C5565647,COVID-19,2
becaplermin,C0379135,Cytokines,42
beclomethasone,C0004905,Beclomethasone,549
beclomethasone 17-monopropionate,C0081729,Beclomethasone,7
beclomethasone dipropionate,C0004906,Beclomethasone,293
bedaquiline,C1664205,Antitubercular Agents,33
bee pollen,C0795585,Pollen,1036
bee venom,C0004920,Bee Venoms,47
beef liver,C3484530,Cattle,21
beet,C0981976,Pregnancy,11
beet,C1095905,Nitrates,37
belantamab mafodotin,C5227411,"Antibodies, Monoclonal, Humanized",1
belatacept,C1619962,Abatacept,13
belimumab,C1723401,"Lupus Erythematosus, Systemic",33
belinostat,C1948068,Antineoplastic Combined Chemotherapy Protocols,1
belladonna,C0301370,Atropa belladonna,6
belladonna alkaloids,C0004954,Belladonna Alkaloids,7
belumosudil,C5418179,Acetamides,1
belzutifan,C5418188,Hemangioblastoma,4
bemegride,C0004960,Electroencephalography,4
bemiparin,C0916062,"Heparin, Low-Molecular-Weight",8
benazepril,C0053091,Angiotensin-Converting Enzyme Inhibitors,7
bencyclane,C0004969,Anticoagulants,1
bendamustine,C0525079,Bendamustine Hydrochloride,22
bendectin,C0053098,Pregnancy,53
bendiocarb,C0053100,Insecticides,10
bendroflumethiazide,C0004975,Bendroflumethiazide,8
benfluorex,C0053105,"Abnormalities, Drug-Induced",2
benfotiamine,C0053116,"Administration, Oral",1
benorylate,C0005011,Aspirin,3
benoxaprofen,C0053111,Age Factors,1
benoxinate,C0053114,Mice,4
benperidol,C0005013,Benperidol,2
benralizumab,C2982078,"Antibodies, Monoclonal, Humanized",20
benserazide,C0005014,Benserazide,15
bentiromide,C0053122,Respiratory Function Tests,161
bentonite,C0005018,Bentonite,8
benzalkonium,C0005025,Benzalkonium Compounds,44
benzamidine,C0053140,Pregnancy,3
benzatropine,C0005098,Benztropine,13
benzbromarone,C0005035,Uric Acid,6
benzene,C0005036,Benzene,418
benzethonium,C0005041,Benzethonium,8
benzimidazole,C0005050,Benzimidazoles,392
benzimidazole,C0053183,Albendazole,22
benziodarone,C0053185,Allopurinol,1
benznidazole,C0053230,Chagas Disease,149
benzoate,C0005058,Benzoates,505
benzoate,C0220795,Benzoates,43
benzocaine,C0005059,Benzocaine,64
benzocaine 20 % Topical Spray,C1178552,"Administration, Topical",1
benzofuran,C0005068,Benzofurans,582
benzofuran,C0537916,Amiodarone,1
benzoic acid,C0053225,Benzoic Acid,79
benzoic acid,C1161334,Benzoic Acid,79
benzoin,C0005070,"Chromatography, High Pressure Liquid",3
benzonatate,C0053229,Butylamines,8
benzophenone,C0053233,Benzophenones,38
benzophenone-2,C0616779,Benzophenones,7
benzopyrene,C0005052,Benzo(a)pyrene,255
benzopyrene,C0005082,Benzopyrenes,48
benzothiazole,C0053246,Benzothiazoles,12
benzothiazole,C3536937,Benzothiazoles,12
benzotriazole,C0053250,Pregnancy,11
benzoyl peroxide,C0005088,Acne Vulgaris,107
benzoylecgonine,C0053258,Cocaine,184
benzoylformic acid,C0070679,Glyoxylates,6
benzphetamine,C0005096,Aging,1
benzydamine,C0005099,Benzydamine,18
benzyl alcohol,C0005100,Benzyl Alcohol,23
benzyl benzoate,C0053289,Scabies,24
benzylamine,C0005106,Benzylamines,83
benzylamine,C0053301,Monoamine Oxidase,11
benzylparaben,C0053323,Parabens,26
benzylpenicillin,C0030827,Penicillin G,450
benzylpenicilloyl polylysine,C0053327,Drug Hypersensitivity,5
benzylthiouracil,C0053332,"Antibodies, Antineutrophil Cytoplasmic",4
bephenium,C0356357,Bephenium Compounds,7
bepotastine,C2698371,Piperidines,3
bepridil,C0005116,"Arrhythmias, Cardiac",2
beractant,C0105750,Pulmonary Surfactants,122
beraprost,C0053336,Epoprostenol,14
berberine,C0005117,Berberine,13
bergapten,C0049289,Acetates,1
beroctocog alfa,C4718976,Blood Coagulation Factor Inhibitors,1
beryllium,C0005139,Beryllium,24
besifloxacin,C2351042,Anti-Bacterial Agents,10
beta Lactam Antibiotics,C0026458,Anti-Bacterial Agents,154
beta Lactam Antibiotics,C5781289,Anti-Bacterial Agents,163
beta blockers,C0001645,Adrenergic beta-Antagonists,1330
beta carotene,C0053396,beta Carotene,824
beta sitosterol,C0106127,Cholesterol,19
beta-2'-deoxythioguanosine,C0053376,Acute Disease,2
beta-Acetyldigoxin,C0005185,Digoxin,3
beta-Adrenergic Agonist,C0001644,Adrenergic beta-Agonists,1059
beta-Adrenergic Agonist,C3536829,Pregnancy,42
beta-Glucan,C1134651,beta-Glucans,176
beta-Hydroxybutyrate,C0106006,3-Hydroxybutyric Acid,240
beta-alanine,C0000392,beta-Alanine,85
beta-d-glucose,C1876722,Acetylglucosamine,3
beta-escin,C0005214,Acute Kidney Injury,1
beta-hexachlorocyclohexane,C0053448,"Hydrocarbons, Chlorinated",117
beta-hydroxyisovaleric acid,C0053454,Valerates,34
beta-naphthoflavone,C0053490,beta-Naphthoflavone,6
betadex,C0053407,Treatment Outcome,3
betahistine,C0005301,Betahistine,12
betaine,C0005304,Betaine,346
betamethasone,C0005308,Betamethasone,1778
betamethasone dipropionate,C0053523,Betamethasone,29
betamethasone phosphate,C2698382,Betamethasone,23
betaxolol,C0005320,Betaxolol,18
betazole,C0005321,Gastric Acid,2
bethanechol,C0053526,Bethanechol,21
betula pendula pollen,C2702428,Asthma,1
betulin,C0053529,Betula,1
bevacizumab,C0796392,Bevacizumab,970
bevacizumab zirconium zr-89,C2826356,Bevacizumab,1
bexarotene,C0765273,Mycosis Fungoides,8
bezafibrate,C0005330,Bezafibrate,19
bezlotoxumab,C4291320,Anti-Bacterial Agents,1
bi 2536,C1706888,Bone Marrow,1
biapenem,C0209475,Thienamycins,22
bicalutamide,C0285590,Anilides,10
bictegravir,C4507568,HIV Infections,17
bicuculline,C0005372,Bicuculline,7
bicyclol,C1312124,Alanine Transaminase,1
bifenazate,C1701004,Beijing,1
bifenthrin,C0390645,Pyrethrins,11
bifidumbacterin,C0053566,Biological Products,13
bifonazole,C0053570,Antifungal Agents,21
bifunctional epoxide hydrolase 2,C5139840,Pregnancy,19
biguanide,C3537187,Hypoglycemic Agents,13
biguanide,C4317165,Hypoglycemic Agents,13
bilastine,C1101148,Benzimidazoles,6
bilberry,C0453269,Vaccinium myrtillus,3
bile salts,C0005404,Bile Acids and Salts,116
bimatoprost,C0937917,Bimatoprost,8
bimekizumab,C4519734,Adalimumab,1
binetrakin,C3486572,Interleukin-4,1445
binimetinib,C3899947,Antineoplastic Agents,1
bioallethrin,C0053618,Pregnancy,8
biochanin a,C0053622,Phytoestrogens,7
biotin,C0005575,Biotin,397
biperiden,C0005578,Biperiden,21
biphenylol,C3652925,Environmental Pollutants,2
birch bark extract,C3486613,Betula,1
bisacodyl,C0005632,Bisacodyl,38
bisantrene,C0053776,Anthracenes,4
bismuth,C0005642,Bismuth,94
bismuth,C2917658,Bismuth,94
bismuth subcitrate,C0106556,Helicobacter Infections,29
bismuth subgallate,C0053790,Gallic Acid,8
bismuth subnitrate,C0053791,Methemoglobinemia,3
bismuth subsalicylate,C0053792,Bismuth,19
bisoprolol,C0053799,Pregnancy,32
bisphenol A glucuronide,C1723664,Benzhydryl Compounds,4
bisphenol AF,C3711520,Benzhydryl Compounds,54
bisphenol B,C1527910,Benzhydryl Compounds,21
bisphenol S,C2742616,Phenols,77
bisphenol a,C0053800,Phenols,1725
bisphenol a diglycidyl ether,C0045287,Benzhydryl Compounds,8
bisphenol z,C1871264,Benzhydryl Compounds,13
bisphenol-F,C4309505,Benzhydryl Compounds,126
bisulfite,C0063088,DNA Methylation,259
bithionol,C0005661,Bithionol,10
bitolterol,C0053817,Asthma,3
bivalirudin,C0168273,Hirudins,62
black cohosh,C0771967,Cimicifuga,3
black cohosh,C1176287,Chi-Square Distribution,1
black pepper,C0939867,Risk Factors,4
black pepper,C2740590,Risk Factors,4
black pepper oil,C2365869,Piper nigrum,2
black widow spider antivenin (equine),C0301504,Antivenins,2
black-eyed pea,C2740668,Apnea,1
blatella germanica,C2701384,Allergens,25
bleomycin A5,C0053847,Bleomycin,60
blinatumomab,C3853839,"Antibodies, Bispecific",80
blonanserin,C0287983,Antipsychotic Agents,5
blue crab,C3496090,Brachyura,4
blueberry,C2740600,Blueberry Plants,18
blueberry,C3853878,Blueberry Plants,18
bluefish,C2729981,Food Contamination,5
boceprevir,C1738934,Proline,8
bococizumab,C4043705,"Antibodies, Anti-Idiotypic",2
boldenone,C0057296,Testosterone,7
boldione,C0043982,Aquaculture,2
boldo leaf extract,C3486728,"Abnormalities, Multiple",2
bombesin,C0005919,Bombesin,58
bone morphogenetic protein,C0053932,Bone Morphogenetic Proteins,111
borage oil,C0212750,gamma-Linolenic Acid,18
bordetella pertussis pertactin antigen,C2725004,"Antibodies, Bacterial",238
boric acid,C0006020,Boric Acids,35
boric acid,C1161318,Boric Acids,31
bortezomib,C1176309,Bortezomib,112
boscalid,C2934611,Pesticides,7
bosentan,C0252643,Bosentan,122
bosutinib,C1831731,Protein Kinase Inhibitors,11
botrytis cinerea,C1445424,Age Factors,1
botulinum toxin type a,C0006050,"Botulinum Toxins, Type A",449
botulinum toxin type b,C0006051,"Botulinum Toxins, Type A",8
botulinum toxin type b,C2719430,Botulinum Toxins,6
botulinum toxin type f,C0382979,Bacterial Proteins,2
bq-123,C0379142,"Peptides, Cyclic",6
bq-788,C0253336,Endothelin-1,2
bradykinin,C0006100,Bradykinin,81
bradykinin,C5441681,Bradykinin,81
brain-derived neurotrophic factor,C0107103,Brain-Derived Neurotrophic Factor,613
brain-derived neurotrophic factor,C1522561,Brain-Derived Neurotrophic Factor,613
brain-derived neurotrophic factor,C3486709,Brain-Derived Neurotrophic Factor,613
branched-chain amino acid,C0002521,"Amino Acids, Branched-Chain",345
brazil nut,C2702352,Nuts,7
brefeldin a,C0054036,Pregnancy,7
brentuximab vedotin,C2973446,Brentuximab Vedotin,77
bretylium,C0054040,Bretylium Compounds,3
brevetoxin,C0054041,Marine Toxins,5
brexanolone,C4548848,Pregnanolone,19
brexpiprazole,C3885614,Antipsychotic Agents,8
brigatinib,C4287815,"Administration, Oral",1
brilliant blue g,C0056270,Rosaniline Dyes,3
brimonidine,C0525227,Brimonidine Tartrate,26
brimonidine Ophthalmic Solution,C1253076,"Administration, Oral",1
brincidofovir,C3886763,Antiviral Agents,11
brinzolamide,C0673966,Sulfonamides,11
brivaracetam,C1699861,Anticonvulsants,47
brivudine,C0163272,Antiviral Agents,10
broccoli,C1095887,Vegetables,25
broccoli,C2740603,Vegetables,25
broccoli sprout extract,C1707048,Brassica,5
brodalumab,C3491331,"Antibodies, Monoclonal, Humanized",1
brodimoprim,C0054084,Trimethoprim,8
broflanilide,C4310329,Anopheles,1
brolucizumab,C4550124,Angiogenesis Inhibitors,4
bromadiolone,C0054088,4-Hydroxycoumarins,3
bromazepam,C0006213,Bromazepam,23
bromelains,C0006217,Bromelains,17
bromethalin,C0054093,Age Factors,1
bromfenac,C0054094,Benzophenones,3
bromhexine,C0006220,Bromhexine,47
bromine,C0006223,Bromine,58
bromisoval,C0006226,"Amino Acid Metabolism, Inborn Errors",1
bromocriptine,C0006230,Bromocriptine,1013
bromodichloromethane,C0054119,Trihalomethanes,69
bromoform,C0054122,Trihalomethanes,37
bromopride,C0054129,Ampicillin,2
bromopyruvate,C0054130,Pyruvates,2
bromothalonil,C3255824,"Dermatitis, Allergic Contact",2
bromoxynil,C0054137,Environmental Exposure,4
bromperidol,C0054138,Antipsychotic Agents,2
brompheniramine,C0006246,Brompheniramine,32
bronchodilator,C0006280,Bronchodilator Agents,2794
bronopol,C0054147,Cosmetics,2
brotizolam,C0054151,Azepines,3
broxuridine,C0006233,Bromodeoxyuridine,116
bryostatin 1,C0054173,Antineoplastic Agents,1
bucelipase alfa,C5238081,Double-Blind Method,4
bucillamine,C0073917,"Arthritis, Rheumatoid",4
buckwheat,C0939832,Food Hypersensitivity,30
buckwheat,C2740609,Food Hypersensitivity,30
bucladesine,C0012054,Bucladesine,36
budesonide,C0054201,Budesonide,990
bufexamac,C0006351,Bufexamac,6
buflomedil,C0054207,Acute Disease,1
buformin,C0006359,Adverse Drug Reaction Reporting Systems,1
bufotenine,C0006360,Autistic Disorder,2
bufylline,C3652921,Asthma,1
bumetanide,C0006376,Bumetanide,48
bunazosin,C0054222,Adrenergic alpha-Antagonists,1
bupivacaine,C0006400,Bupivacaine,2967
bupranolol,C0006403,Acebutolol,1
buprenorphine,C0006405,Buprenorphine,737
bupropion,C0085208,Bupropion,153
burosumab,C4301607,Familial Hypophosphatemic Rickets,50
buserelin,C0006456,Buserelin,661
buspirone,C0006462,Buspirone,30
busulfan,C0006463,Busulfan,1274
butabarbital,C0006464,"Administration, Oral",1
butachlor,C0054233,Environmental Monitoring,1
butalbital,C0054234,Migraine Disorders,7
butamirate,C0054236,"Administration, Oral",1
butane,C0006474,Butanes,49
butane,C0006476,Butanes,63
butenafine,C0107497,Antifungal Agents,2
buthionine sulfoximine,C0054252,Glutathione,12
butobarbital,C0054249,"Abnormalities, Drug-Induced",2
butoconazole,C0054259,Antifungal Agents,2
butorphanol,C0006491,Butorphanol,96
butyl alcohol,C0001977,Butanols,18
butyl alcohol,C0089147,Pregnancy,28
butyl chloride,C0054275,Anticonvulsants,1
butylamine,C0303836,Amines,2
butylate,C0144208,Tandem Mass Spectrometry,8
butylated hydroxytoluene,C0006507,Pregnancy,28
butylbenzyl phthalate,C0054293,Phthalic Acids,140
butylene glycol,C0006475,Butylene Glycols,17
butylparaben,C0054302,Parabens,62
butylscopolamine,C2827093,"Abortifacient Agents, Nonsteroidal",2
butyrate,C0006521,Butyrates,161
butyrate,C0054312,Feces,162
butyrate,C0220802,Gastrointestinal Microbiome,125
butyrfentanyl,C4305826,"Analgesics, Opioid",1
butyric acid,C0006523,Feces,52
butyric acid,C1161319,Butyric Acid,48
butyrylcholinesterase,C0728810,Cholinesterases,350
butyrylcholinesterase,C4082696,Cholinesterases,394
c-peptide,C0006558,C-Peptide,2053
c-peptide,C5399831,C-Peptide,2053
cMyC,C4521289,"Cardiomyopathy, Hypertrophic",5
cabazitaxel,C2830183,Brain Neoplasms,2
cabbage,C1095889,Vegetables,27
cabbage,C2740612,Vegetables,27
cabergoline,C0107994,Cabergoline,208
cabotegravir,C4310385,HIV Infections,24
cabozantinib,C3181682,Anilides,10
cacodylic acid,C0006628,Arsenic,159
cadaverine,C0006630,Cadaverine,23
cadexomer iodine,C0054409,Drug Carriers,1
cadmium,C0006632,Cadmium,2453
cadralazine,C0054422,Antihypertensive Agents,3
cafedrine,C0068978,Pregnancy,17
caffeic acid,C0054433,Caffeic Acids,4
caffeine,C0006644,Caffeine,1842
calaspargase pegol,C2699709,Antineoplastic Combined Chemotherapy Protocols,2
calcifediol,C3714609,Calcifediol,1169
calcipotriene,C0065767,Calcitriol,60
calcitonin,C0006668,Calcitonin,1464
calcitonin,C0770558,Calcitonin,1464
calcitonin,C1704385,Calcitonin,1464
calcitonin,C2825090,Calcitonin,1464
calcitonin,C4520796,Calcitonin,1464
calcitonin gene-related peptide,C0006669,Calcitonin Gene-Related Peptide,734
calcitonin porcine,C0359091,Calcitonin,4
calcitriol,C0006674,Calcitriol,982
calcitriol,C3714610,Calcitriol,982
calcium,C0006675,Calcium,8275
calcium,C2936886,Calcium,8275
calcium,C3540037,Calcium,8275
calcium,C3714611,Calcium,8275
calcium acetate,C0717537,Renal Dialysis,3
calcium alginate,C0108092,Alginates,9
calcium antagonist,C0006684,Calcium Channel Blockers,502
calcium ascorbate,C0546173,Ascorbic Acid,2
calcium bromide,C0676547,Acneiform Eruptions,1
calcium carbimide,C1611088,Alcohol Drinking,2
calcium carbonate,C0006681,Calcium Carbonate,206
calcium cation,C0596235,Calcium,808
calcium chloride,C0006686,Calcium Chloride,87
calcium citrate,C0108101,Calcium,18
calcium fluoride,C0006695,Fluorides,30
calcium glubionate,C0061347,"Calcium, Dietary",2
calcium gluconate,C0006699,Calcium Gluconate,167
calcium glycerophosphate,C0006700,Fluorides,8
calcium hopantenate,C0108116,Pantothenic Acid,3
calcium hydroxide,C0006701,Calcium Hydroxide,165
calcium hypochlorite,C0054471,Epidemics,1
calcium lactate,C0108121,Lactates,12
calcium lactate gluconate,C0771535,Calcium,2
calcium levulinate,C0108124,Hypocalcemia,2
calcium oxalate,C0006706,Calcium Oxalate,279
calcium oxide,C0064990,Areca,11
calcium phosphate,C0006711,Calcium,274
calcium polycarbophil,C0054480,Acrylic Resins,1
calcium polystyrene sulfonate product,C0108139,"Administration, Oral",2
calcium pyrophosphate,C0006716,Calcium Pyrophosphate,17
calcium salts,C0357197,Calcium,32
calcium silicate,C0054483,Calcium Compounds,8
calcium sulfate,C0006720,Calcium Sulfate,41
calfactant,C0763530,Pulmonary Surfactants,59
calpain inhibitor,C0054533,Age Factors,1
calusterone,C0006790,Pregnancy,30
cambendazole,C0006796,Anthelmintics,1
camostat,C0129975,"Blotting, Western",1
campath-1h,C1178562,Alemtuzumab,36
campesterol,C0054560,Phytosterols,78
camphor,C0006809,Camphor,26
camphor,C0939884,Camphor,26
camptothecin,C0006812,Camptothecin,192
camrelizumab,C4682408,"Antibodies, Monoclonal, Humanized",6
camylofin,C0054568,#,2
canagliflozin,C2974540,Canagliflozin,2
canakinumab,C2718773,"Antibodies, Monoclonal, Humanized",109
candesartan,C0717550,Benzimidazoles,16
candesartan cilexetil,C0527379,Benzimidazoles,11
candicidin,C0006834,Pregnancy,3
candida albicans,C0348081,Candida albicans,561
candida albicans,C0717551,Candida albicans,561
candida tropicalis,C2726141,Candidiasis,70
cangrelor,C1121991,Adenosine Monophosphate,2
canis lupus familiaris hair,C2702346,Allergens,11
cannabichromene,C0054589,Cannabinoids,2
cannabidiol,C0006863,Cannabidiol,192
cannabidivarin,C3657549,Cannabinoids,1
cannabigerol,C0054593,Cannabinoids,11
cannabinoid,C0006864,Cannabinoids,278
cannabinoid,C2927148,Pregnancy,121
cannabinoid,C3536852,Cannabinoids,105
cannabinol,C0006865,Cannabinoids,19
cannabis,C0024808,Substance-Related Disorders,2082
cannabis,C0678449,Substance-Related Disorders,2082
cannabis,C4552088,Substance-Related Disorders,2073
canrenone,C0006882,Canrenone,10
cantaloupe,C2702356,China,1
cantharidin,C0006886,Cantharidin,25
capecitabine,C0671970,Capecitabine,55
caplacizumab,C3713057,"Purpura, Thrombotic Thrombocytopenic",14
capric acid,C0057239,Fatty Acids,17
caprylic acid,C0054616,Caprylates,41
caprylic alcohol,C0044551,Alcohols,3
caprylyl glycol,C1828708,Lice Infestations,1
capsaicin,C0006931,Capsaicin,52
capsicum,C1095803,Capsicum,22
capsicum oleoresin,C0770959,"Accidents, Home",1
captan,C0006937,Pesticides,13
captopril,C0006938,Captopril,253
caraway seed,C1095882,Diet,6
caraway seed,C2740746,Diet,5
carbachol,C0006945,Carbachol,48
carbamazepine,C0006949,Anticonvulsants,1946
"carbamazepine 10,11-epoxide",C0054640,Carbamazepine,120
carbamic acid,C0647750,Albendazole,1
carbamide peroxide,C0108342,Carbamide Peroxide,17
carbamoylcholine,C0600175,Carbachol,3
carbaryl,C0036860,Pesticides,22
carbazochrome,C0006972,Adrenergic beta-Antagonists,1
carbazole,C0054658,Glycosaminoglycans,19
carbendazim,C0065839,Benzimidazoles,7
carbenicillin,C0006976,Carbenicillin,62
carbenoxolone,C0006979,Carbenoxolone,7
carbetapentane,C0054668,Antitussive Agents,3
carbetocin,C0054670,Oxytocin,133
carbidopa,C0006982,Carbidopa,116
carbimazole,C0006983,Carbimazole,165
carbinoxamine,C0054672,Cause of Death,2
carbocisteine,C0006992,Carbocysteine,29
carbocysteine-lysine,C0054690,Carbocysteine,5
carbomer,C0770624,Glass Ionomer Cements,9
carbon black,C0007010,Air Pollutants,185
carbon dioxide,C0007012,Carbon Dioxide,3905
carbon disulfide,C0007016,Carbon Disulfide,30
carbon monoxide,C0007018,Carbon Monoxide,1302
carbon tetrachloride,C0007022,Chemokine CCL4,137
carbon tetrachloride,C1613954,Carbon Tetrachloride,21
carboplatin,C0079083,Carboplatin,1219
carboprost,C0007047,Pregnancy,172
carboprost tromethamine,C0054721,Pregnancy,19
carboquone,C0006971,Ascites,1
carbosulfan,C0054726,Carbamates,1
carbovir,C0054727,Age Factors,1
carboxin,C0007053,Arachis,1
carboxyatractyloside,C0054734,Atractyloside,1
carboxymethylcellulose,C0007068,Pregnancy,30
carbromal,C0007077,Acute Kidney Injury,1
carbuterol,C0054773,Adrenergic beta-Agonists,1
cardamom,C0993602,Buffaloes,2
cardamom,C3887849,Buffaloes,2
cardiotrophin 1,C5226077,Cytokines,16
carfentanil,C0054797,"Analgesics, Opioid",6
carfilzomib,C2001856,Precursor Cell Lymphoblastic Leukemia-Lymphoma,2
carglumic acid,C1318649,Hyperammonemia,20
carindacillin,C0054667,Carbenicillin,2
cariprazine,C2936870,Antipsychotic Agents,6
carisoprodol,C0007248,Carisoprodol,9
carmofur,C0044401,Antineoplastic Agents,1
carmustine,C0007257,Antineoplastic Combined Chemotherapy Protocols,329
carnitine,C0007258,Carnitine,1972
carnitine,C0087163,Carnitine,1972
carnosic acid,C0074007,Abietanes,1
carnosine,C0007267,Carnosine,49
carob,C0065146,Galactans,6
carob,C2746955,Galactans,6
carob,C3536783,Galactans,16
carotenoid,C0007271,Carotenoids,894
caroverine,C0108530,Anti-Inflammatory Agents,1
carprofen,C0054827,"Analgesics, Opioid",1
carrot,C2724201,Vegetables,35
carrot,C3542442,Vegetables,35
carteolol,C0007299,Carteolol,7
carvedilol,C0054836,Carvedilol,59
carvone,C0054837,Breast Feeding,4
casein,C0007332,Caseins,850
casein,C2720503,Milk Proteins,614
casein hydrolysate,C0054845,Caseins,67
cashew,C2730186,Allergens,45
casimersen,C5139793,Double-Blind Method,1
casirivimab,C5422688,COVID-19,18
casopitant,C2347566,Antiemetics,1
caspofungin,C0537894,Antifungal Agents,180
castor oil,C0007343,Pregnancy,30
cat dander extract,C1445182,Cats,6
catechin,C0007404,Catechin,64
catfish,C5201167,Catfishes,17
cathine,C0069021,Case-Control Studies,1
cathinone,C0054876,Alkaloids,5
cauliflower,C2740760,Vegetables,16
cediranib,C1698364,Quinazolines,3
cefacetrile,C0007714,Cephalosporins,6
cefaclor,C0007537,Cefaclor,177
cefadroxil,C0007538,Cefadroxil,64
cefaloridine,C0007727,Cephaloridine,19
cefalotin,C0007735,Pregnancy,99
cefamandole,C0007541,Cefamandole,99
cefamandole nafate,C0054995,Cefamandole,16
cefapirin,C0007737,Cephapirin,12
cefatrizine,C0007545,Cefatrizine,7
cefazedone,C0054999,Anti-Bacterial Agents,4
cefazolin,C0007546,Cefazolin,383
cefbuperazone,C0055000,Cephamycins,41
cefcapene,C2699134,Anti-Bacterial Agents,5
cefdinir,C0060405,Cefdinir,77
cefditoren,C0287573,Anti-Bacterial Agents,23
cefepime,C0055003,Anti-Bacterial Agents,151
cefetamet,C0055004,Ceftizoxime,10
cefiderocol,C4548369,Anti-Bacterial Agents,8
cefixime,C0060400,Cefixime,159
cefmenoxime,C0007549,Cefmenoxime,78
cefmetazole,C0007550,Cefmetazole,54
cefminox,C0055006,Cephamycins,43
cefodizime,C0055007,Cefotaxime,33
cefonicid,C0007551,Cefonicid,17
cefoperazone,C0007552,Cefoperazone,151
ceforanide,C0055008,Cefamandole,7
cefoselis,C0965645,Bacterial Infections,1
cefotaxime,C0007554,Cefotaxime,869
cefotetan,C0007555,Cefotetan,78
cefotiam,C0007556,Cefotiam,83
cefoxitin,C0007557,Cefoxitin,210
cefozopran,C0246584,Cefozopran,33
cefpimizole,C0055009,Bacterial Infections,11
cefpiramide,C0055010,Cephalosporins,29
cefpirome,C0062986,Cefpirome,31
cefpodoxime,C0055011,Ceftizoxime,39
cefprozil,C0053882,Cephalosporins,65
cefradine,C0007738,Celiac Disease,77
cefroxadine,C0108941,Cephalosporins,30
cefsulodin,C0007558,Cefsulodin,28
ceftaroline fosamil,C2001525,Anti-Bacterial Agents,17
ceftazidime,C0007559,Ceftazidime,445
cefteram pivoxil,C0108947,Cefmenoxime,21
ceftezole,C0055013,Cefazolin,3
ceftibuten,C0055014,Cephalosporins,32
ceftiofur,C0081959,Age Factors,1
ceftizoxime,C0007560,Ceftizoxime,221
ceftobiprole,C1100584,Anti-Bacterial Agents,5
ceftobiprole medocaril,C1622308,"Administration, Intravenous",1
ceftolozane,C3852726,Anti-Bacterial Agents,8
ceftriaxone,C0007561,Ceftriaxone,1141
cefuroxime,C0007562,Cefuroxime,317
cefuzonam,C0055017,Bacterial Infections,41
celecoxib,C0538927,Celecoxib,86
celery,C1365522,Food Hypersensitivity,6
celery,C2724202,Food Hypersensitivity,6
celiprolol,C0055021,Celiprolol,9
cellobiose,C0007630,Mannitol,11
cellulose,C0007648,Pregnancy,188
cemiplimab,C4724806,"Antibodies, Monoclonal, Humanized",1
cenegermin,C4541383,Nerve Growth Factor,8
cenerimod,C4519178,"Contraceptives, Oral, Combined",1
cenicriviroc,C4279622,Double-Blind Method,2
cenobamate,C4550368,Carbamates,7
centella asiatica,C2948088,Striae Distensae,2
cephalexin,C0007716,Cephalexin,249
cephaloglycin,C0007721,Blood Glucose,6
cephalosporin c,C0055075,Bacterial Infections,4
cepharanthine,C0055082,Benzylisoquinolines,4
ceramide ng,C2365098,Ceramides,1
ceramide np,C0055086,Ceramides,2
cerebrolysin,C0055108,Amino Acids,24
ceritinib,C3818721,Anaplastic Lymphoma Kinase,5
cerium,C0007828,Cerium,39
cerivastatin,C0528023,Hydroxymethylglutaryl-CoA Reductase Inhibitors,3
cerliponase alfa,C4475875,Neuronal Ceroid-Lipofuscinoses,21
certolizumab pegol,C1872109,Certolizumab Pegol,55
certoparin,C0592532,Pregnancy,5
ceruletide,C0006639,Ceruletide,8
cesium chloride,C0055134,"Centrifugation, Density Gradient",7
cetiedil,C0055146,"Anemia, Sickle Cell",1
cetirizine,C0055147,Cetirizine,161
cetrimide,C0950191,Chlorhexidine,9
cetrimonium,C0055151,Cetrimonium Compounds,16
cetrorelix,C0209366,Gonadotropin-Releasing Hormone,195
cetuximab,C0995188,Cetuximab,17
cetylpyridinium,C0007906,Cetylpyridinium,18
ch14.18,C5201238,Neuroblastoma,35
chamomile,C0439963,Pregnancy,18
charcoal,C0007955,Charcoal,328
chemical,C0220806,Pregnancy,23199
chenodeoxycholate,C0085994,Bile Acids and Salts,30
chenodeoxycholic acid,C0008024,Bile Acids and Salts,209
cherry,C2722031,Mutation,23
chf5633,C3885750,Peptide Fragments,4
chicken,C2722032,Chickens,217
chickpea,C0885516,Fabaceae,15
chickpea,C2728176,Fabaceae,12
chitosan,C0162969,Chitosan,85
chloral hydrate,C0008161,Chloral Hydrate,311
chlorambucil,C0008163,Chlorambucil,167
chloramine-T,C0055332,Radioimmunoassay,7
chloramphenicol,C0008168,Chloramphenicol,576
chloramphenicol palmitate,C0055337,Chloramphenicol,4
chloramphenicol succinate,C0055339,Chloramphenicol,28
chlorantranilipole,C1869559,Breast Feeding,2
chlorcyclizine,C0008183,"Contraceptives, Oral, Hormonal",2
chlordiazepoxide,C0008188,Pregnancy,58
chlorfenapyr,C1097856,Pyrethrins,9
chlorhexidine,C0008196,Chlorhexidine,707
chlorine,C0008209,Chlorine,234
chlorine dioxide,C0055370,Chlorine Compounds,18
chlormadinone,C0262965,Chlormadinone Acetate,35
chlormadinone acetate,C0008214,Chlormadinone Acetate,209
chlormerodrin,C0008217,Blood Urea Nitrogen,2
chlormethiazole,C0008221,Chlormethiazole,19
chlormezanone,C0008223,Chlormezanone,5
chloroacetate,C0109398,Immunohistochemistry,4
chlorobutanol,C0008232,Chlorobutanol,10
chlorocresol,C0055402,Retrospective Studies,5
chlorodibromomethane,C0055404,"Water Pollutants, Chemical",5
chloroform,C0008238,Pregnancy,168
chlorogenic acid,C0008240,Chlorogenic Acid,5
chloropicrin,C0055437,California,5
chloroprocaine,C0055443,Pregnancy,130
chloropyramine,C0055445,Ambulatory Care,1
chloroquine,C0008269,Chloroquine,1384
chlorothiazide,C0008273,Chlorothiazide,49
chlorotoxin,C0293227,Fluorescence,1
chlorotrianisene,C0008275,Chlorotrianisene,4
chloroxylenol,C0055463,Pregnancy,4
chlorpheniramine,C0008281,Chlorpheniramine,101
chlorproguanil,C0055470,Proguanil,20
chlorpromazine,C0008286,Chlorpromazine,246
chlorpropamide,C0008287,Chlorpropamide,26
chlorprothixene,C0008290,Chlorprothixene,18
chlorpyrifos-methyl,C0055474,Pesticides,9
chlorquinaldol,C0008292,Chlorquinaldol,3
chlortetracycline,C0008293,Anti-Bacterial Agents,12
chlorthalidone,C0008294,Chlorthalidone,19
chlorzoxazone,C0008296,Cytochrome P-450 CYP2E1,11
cholecalciferol,C0008318,Cholecalciferol,1031
cholecystokinin,C0008328,Cholecystokinin,142
cholecystokinin,C4520829,Cholecystokinin,142
cholesterol,C0008377,Cholesterol,8377
cholesterol sulfate,C0055565,Cholesterol Esters,29
cholesteryl linoleate,C0055556,Cholesterol Esters,9
cholestyramine,C0008402,Cholestyramine Resin,166
cholic acid,C0055568,Bile Acids and Salts,213
choline,C0008405,Choline,1482
choline alfoscerate,C0017889,Choline,73
choline salicylate,C0055573,Anti-Bacterial Agents,1
chondroitin 4-sulfate,C0086008,Chondroitin Sulfates,32
chondroitin 6-sulfate,C0086009,Glycosaminoglycans,30
chondroitin sulfate,C0008466,Chondroitin Sulfates,259
choriogonadotropin alfa,C0937609,Pregnancy,8
chorionic gonadotropin,C0018062,Chorionic Gonadotropin,11238
chorionic gonadotropin,C1141639,Pregnancy,13850
chorionic gonadotropin,C1527152,Chorionic Gonadotropin,11238
chromic chloride,C0055617,Chromium,3
chromic chloride,C4048244,Hemagglutination Tests,2
chromium,C0008574,Chromium,637
chromium cr-51,C0303212,Glomerular Filtration Rate,21
chromium picolinate,C0163657,Picolinic Acids,3
chromous chloride,C0055645,"Parenteral Nutrition, Total",2
chrysene,C0008722,Polycyclic Aromatic Hydrocarbons,59
chrysene,C0055655,Polycyclic Aromatic Hydrocarbons,55
chymopapain,C0008736,Chymopapain,5
chymostatin,C0055676,Chymases,3
chymotrypsin,C0008742,Chymotrypsin,199
cibenzoline,C0055720,Imidazoles,11
ciclesonide,C0907850,Pregnenediones,48
ciclobendazole,C0055709,Anthelmintics,1
ciclopirox,C0055711,Antifungal Agents,25
ciclopirox olamine,C0126169,Antifungal Agents,19
cidofovir,C0286079,Cidofovir,152
cilastatin,C0008777,Imipenem,170
cilazapril,C0055723,Angiotensin-Converting Enzyme Inhibitors,4
cilazaprilat,C0055724,"Administration, Oral",1
cilengitide,C0971473,Brain Neoplasms,3
cilgavimab,C5432263,COVID-19,3
ciliary neurotrophic factor,C0207071,Ciliary Neurotrophic Factor,18
ciliary neurotrophic factor,C5780032,Ciliary Neurotrophic Factor,18
cilnidipine,C0378675,Adverse Drug Reaction Reporting Systems,1
cilostazol,C0055729,Cilostazol,5
cimetidine,C0008783,Cimetidine,258
cinacalcet,C1337242,Cinacalcet,49
cinchocaine,C0012050,Cholinesterases,28
cinchonidine,C0055736,Antimalarials,3
cinnamaldehyde,C0055754,Acrolein,4
cinnamate,C0008801,Cinnamates,19
cinnamate,C3496185,Ammonia-Lyases,1
cinnamic acid,C0055753,Anti-Infective Agents,1
cinnamon,C0939899,Cinnamomum zeylanicum,9
cinnamon,C2740768,Cinnamomum zeylanicum,9
cinnamyl alcohol,C0055762,#,1
cinnarizine,C0008803,Cinnarizine,19
cinoxacin,C0008806,Urinary Tract Infections,2
ciprofibrate,C0055775,Arteriosclerosis,1
ciprofloxacin,C0008809,Ciprofloxacin,650
ciraparantag,C4310433,"Arrhythmias, Cardiac",1
cis-Heptachlorepoxide,C1289948,"Hydrocarbons, Chlorinated",6
cis-vaccenic acid,C0082035,Fatty Acids,6
cisapride,C0072916,Cisapride,176
cisatracurium,C1096766,Atracurium,41
cisplatin,C0008838,Cisplatin,2415
citalopram,C0008845,Citalopram,214
citicoline,C0010725,Cytidine Diphosphate Choline,25
citraconic acid,C0008849,Acidosis,1
citral,C0055809,Acyclic Monoterpenes,2
citrate,C0008857,Citrates,590
citrate,C0376259,Pregnancy,224
citric acid,C0055819,Citric Acid,440
citrulline,C0008864,Citrulline,453
citrus bioflavonoids,C0982043,Flavonoids,6
cixutumumab,C2699335,"Antibodies, Monoclonal",6
cladosporium herbarum,C1445427,Asthma,12
cladribine,C0092801,Cladribine,100
clarithromycin,C0055856,Anti-Bacterial Agents,509
clascoterone,C4730996,Acne Vulgaris,7
clavulanate,C0110038,Anti-Bacterial Agents,84
clavulanic acid,C0055860,Anti-Bacterial Agents,216
clazosentan,C1721268,Dioxanes,2
clebopride,C0055869,Benzamides,3
clemastine,C0008929,Clemastine,16
clemizole,C0008931,Age Factors,2
clenbuterol,C0008932,Clenbuterol,43
clevidipine,C0766108,Calcium Channel Blockers,4
clindamycin,C0008947,Clindamycin,803
clindamycin phosphate 2 % VAGINAL CREAM WITH APPLICATOR,C0975710,Anti-Bacterial Agents,1
clioquinol,C0021978,Clioquinol,17
clobazam,C0055891,Anticonvulsants,246
clobetasol,C0008992,Clobetasol,121
clobetasol propionate,C0055895,Clobetasol,39
clobetasone,C0360518,Clobetasol,3
clobutinol,C0055897,Amino Alcohols,4
clodronic acid,C0012081,Clodronic Acid,13
clofarabine,C0092777,Clofarabine,84
clofazimine,C0008996,Clofazimine,74
clofenotane,C0011041,DDT,703
clofibrate,C0009002,Clofibrate,53
clofoctol,C0055915,Anti-Bacterial Agents,1
clomifene,C0009008,Clomiphene,2225
clomipramine,C0009010,Clomipramine,128
clonazepam,C0009011,Clonazepam,306
clonidine,C0009014,Clonidine,834
clonixin,C0009018,Clonixin,4
clopamide,C0009025,Edema,3
clopenthixol,C0009026,Clopenthixol,21
cloperastine,C0055930,#,1
clopidogrel,C0070166,Clopidogrel,66
clopidogrel bisulfate,C0772326,Anticoagulants,1
cloprednol,C0055936,Asthma,3
cloprostenol,C0009030,Cloprostenol,15
cloranolol,C0076772,Adrenergic beta-Antagonists,1
clorazepate,C0008174,Anti-Anxiety Agents,11
clorgiline,C0009035,Clorgyline,7
clothianidin,C1433509,Neonicotinoids,35
clothiapine,C0009071,Antipsychotic Agents,3
clotiazepam,C0009073,Alprazolam,2
clotrimazole,C0009074,Clotrimazole,150
clotting factor,C0005789,Blood Coagulation Factors,1265
clotting factor,C1292266,Hemophilia A,308
clove,C1095904,Vascular Malformations,13
clove,C2740787,Vascular Malformations,13
clove oil,C0028906,Eugenol,3
cloxacillin,C0009077,Cloxacillin,119
cloxazolam,C0055964,Benzodiazepines,2
clozapine,C0009079,Antipsychotic Agents,240
cns drugs,C0007680,Central Nervous System Agents,80
coagulation factor ix (recombinant),C2826076,Hemophilia B,71
coagulation factor ix human,C0724584,Factor IX,493
coagulation factor vii human,C2826077,Factor VII,408
coagulation factor viia recombinant human,C0795575,Factor VIIa,399
coagulation factor x human,C2826078,Factor X,183
coal tar,C0009137,Coal Tar,41
cobalamin,C0042845,Vitamin B 12,4663
cobalt,C0009148,Cobalt,276
cobalt chloride,C0056036,Cobalt,29
cobamamide,C0056039,"Amino Acid Metabolism, Inborn Errors",22
cobicistat,C3177235,Anti-HIV Agents,29
cobimetinib,C4049146,Azetidines,4
cocaethylene,C0082060,Cocaine,35
cocaine,C0009170,Pregnancy,2074
cocamidopropyl betaine,C0173050,Surface-Active Agents,4
cocarboxylase,C0039848,Thiamine,73
cocoa,C0939909,Cacao,155
cocoa,C1138626,Cacao,49
cocoa,C2722034,Cacao,155
cocoa butter,C0056057,Dietary Fats,7
coconut,C2722035,Dietary Fats,17
coconut,C3257521,Dietary Fats,17
coconut oil,C0056060,Coconut Oil,54
coconut water,C4271504,Cocos,6
cod liver oil,C0009213,Cod Liver Oil,66
"cod, unspecified",C2702357,Pregnancy,55
codeine,C0009214,Codeine,314
coffee bean,C2684473,"Antibodies, Monoclonal",1
coffee bean,C2722036,"Antibodies, Monoclonal",1
colchicine,C0009262,Colchicine,420
colesevelam,C0541155,Allylamine,2
colestipol,C0009279,Colestipol,22
colforsin,C0917964,Colforsin,51
colfosceril,C0360192,Drug Combinations,4
colfosceril palmitate,C0216971,Pulmonary Surfactants,50
collagen,C0009325,Collagen,2165
collagenase clostridium histolyticum,C0009053,Microbial Collagenase,70
colloidal oatmeal,C0724560,Diet,13
colloidal silver,C0772313,Silver,21
combotox,C1880271,"Antibodies, Monoclonal",1
compound 18,C0605321,Bone Neoplasms,1
conbercept,C5201155,Intravitreal Injections,21
concanamycin a,C0056224,Biomarkers,1
concizumab,C3494079,Hemophilia A,2
concord grape,C2741435,Vitis,3
condoliase,C3273430,Intervertebral Disc Degeneration,2
conestat alfa,C3195420,Complement C1 Inhibitor Protein,199
coniine,C0056245,"Administration, Oral",1
conivaptan,C0966107,Benzazepines,3
conjugated estrogen,C0014938,"Estrogens, Conjugated (USP)",276
copanlisib,C4049141,Neoplasms,1
copper,C0009968,Copper,3211
copper gluconate,C0009975,Copper,3
copper pyrithione,C1454047,Biofouling,1
copper sulfate,C0056301,Copper,52
coproporphyrin i,C0056315,Coproporphyrins,7
coproporphyrinogen iii,C0163564,Lymphocytes,3
corifollitropin alfa,C2713522,Ovulation Induction,83
corn oil,C0010029,Pregnancy,182
corn starch,C1384515,Starch,66
coronavac,C5416819,COVID-19,117
corticorelin,C0010132,Corticotropin-Releasing Hormone,840
corticorelin,C0772289,Corticotropin-Releasing Hormone,840
corticosterone,C0010124,Corticosterone,348
corticotropin,C0001655,Adrenocorticotropic Hormone,3046
corticotropin,C1523997,Adrenocorticotropic Hormone,3046
corticotropin,C3818725,Adrenocorticotropic Hormone,3046
cortisone,C0010137,Cortisone,555
cortisone acetate,C0056391,Cortisone,25
cortivazol,C0056396,"Drug Resistance, Neoplasm",2
corynebacterium diphtheriae,C0012551,Diphtheria Toxoid,786
corynebacterium diphtheriae crm197 protein,C0056499,"Antibodies, Bacterial",133
cosyntropin,C0010192,Cosyntropin,227
cotton,C2727825,Sigmodontinae,85
cotton seed,C2701586,Acute Disease,2
cotton seed,C3257522,Acute Disease,2
coumaphos,C0010203,Pesticides,4
coumarin,C0010206,Pregnancy,91
cow milk,C2702362,"Milk, Human",10405
cranberry,C0453273,Vaccinium macrocarpon,20
cranberry,C2740793,Vaccinium macrocarpon,20
creatine,C0010286,Creatine,1284
creatinine,C0010294,Creatinine,9278
crenolanib,C1831982,Benzimidazoles,3
creosote,C0010303,Creosote,10
cresol,C0174883,Cresols,6
cresol,C1161322,Cresols,6
crinecerfont,C5420921,"Adrenal Hyperplasia, Congenital",3
crisaborole,C4301781,Boron Compounds,23
crizanlizumab,C4524703,"Anemia, Sickle Cell",7
crizotinib,C2974289,Crizotinib,49
crocin,C0056503,Acetaminophen,1
cromoglicic acid,C0086073,Asthma,84
cromoglycate,C0010347,Cromolyn Sodium,37
crospovidone,C0728803,"Abortifacient Agents, Nonsteroidal",2
crospovidone,C4721642,"Abortifacient Agents, Nonsteroidal",2
crotamiton,C0056519,"Administration, Topical",3
crotonaldehyde,C0045968,Volatile Organic Compounds,9
crovalimab,C5418336,"Antibodies, Monoclonal",1
cryptotanshinone,C0056557,17-alpha-Hydroxyprogesterone,1
cryptoxanthin,C3850081,Carotenoids,86
ctenocephalides felis,C2727177,Cats,3
cucumber,C2740796,Food Contamination,8
cucumber,C3257523,Food Contamination,8
culex pipiens,C3486724,Culicidae,6
cultivated mushroom,C2741534,Mushroom Poisoning,97
cultivated mushroom,C4722662,Agaricales,2
cumene hydroperoxide,C0056588,Glutathione Peroxidase,4
cumin,C2741531,Cuminum,3
cupric acetate,C0056592,Amniotic Fluid,10
cupric chloride,C0056593,Copper,16
cupric glycinate,C0056595,Amine Oxidase (Copper-Containing),1
cupric oxide,C0056598,"Accidents, Traffic",1
cuprophan,C0056591,Renal Dialysis,9
cuprous chloride,C0056601,Catalase,1
cuprous oxide,C0056603,Copper,11
curcumin,C0010467,Curcumin,34
cvncov,C5416826,COVID-19,107
cvncov,C5575177,COVID-19,240
cx516,C0528458,Autistic Disorder,1
cyamemazine,C0056643,Antipsychotic Agents,3
cyanate,C0010503,Cyanates,27
cyanazine,C0056648,Pesticides,4
cyanide,C0010505,Cyanides,131
cyanide,C4321332,Cyanides,107
cyanocobalamin,C3714801,Vitamin B 12,84
cyanuric acid,C0056673,Triazines,22
cyclacillin,C0010523,Cyclacillin,10
cyclamate,C0010524,Cyclamates,16
cyclandelate,C0010525,Cyclandelate,2
cyclic AMP,C0001455,Cyclic AMP,697
cyclizine,C0010547,Cyclizine,14
cyclo(his-pro),C0062758,"Peptides, Cyclic",5
cyclobenzaprine,C0056732,Pregnancy,10
cyclodextrins,C0010558,Sugammadex,50
cyclofenil,C0010560,Cyclofenil,19
cycloguanil,C0056751,Proguanil,20
cyclohexanol,C0010569,Occupational Exposure,3
cyclohexanone,C0056760,Cyclohexanones,9
cycloleucine,C0010575,Ethanol,8
cyclomethicone,C0772202,"Administration, Topical",1
cyclopamine,C0056789,Hedgehog Proteins,5
cyclopenthiazide,C0010581,Birth Weight,4
cyclopentolate,C0010582,Cyclopentolate,196
cyclophosphamide,C0010583,Cyclophosphamide,5953
cyclopropane,C0010587,"Anesthesia, Inhalation",7
cyclosporine,C0010592,Cyclosporine,2963
cyclosporine,C0010594,Cyclosporine,2963
cyfluthrin,C0056836,Pyrethrins,23
cynodon dactylon pollen,C2684343,Immunoglobulin E,3
cypermethrin,C0056849,Pyrethrins,56
cyprodinil,C0666176,Pesticide Residues,4
cyproheptadine,C0010620,Cyproheptadine,118
cyproterone,C0010621,Cyproterone,176
cyproterone acetate,C0056855,Cyproterone Acetate,300
cyromazine,C0111659,Pesticide Residues,1
cystamine,C0010637,Cystamine,2
cysteamine,C0010648,Cystinosis,146
cysteine,C0010654,Cysteine,580
cystic fibrosis transmembrane conductance regulator,C0056889,Cystic Fibrosis,749
cystic fibrosis transmembrane conductance regulator,C1612819,Cystic Fibrosis,746
cystine,C0010682,Cystine,277
cytarabine,C0010711,Cytarabine,2186
cytisine,C0056913,"Binding, Competitive",4
cytochrome c,C0010749,Cytochromes c,68
cytochrome c,C4318401,Cytochromes c,55
cytosine,C0010843,Cytosine,263
cytostatic,C0010858,Antineoplastic Agents,148
d-alpha-tocopherol acetate,C2697593,Vitamin E,8
d-chiro-inositol,C3872075,Inositol,31
d-glucose,C0017725,Blood Glucose,16006
d-glutamine,C0010906,Biomarkers,5
d-lactic acid,C3658295,Lactic Acid,20
d-phenylalanine,C0771172,Phenylalanine,2
dabigatran,C2348066,Dabigatran,26
dabigatran etexilate,C1571583,Dabigatran,12
dabrafenib,C3467876,Proto-Oncogene Proteins B-raf,32
dacarbazine,C0010927,Dacarbazine,591
daclatasvir,C3252090,Antiviral Agents,34
daclizumab,C0663182,Immunosuppressive Agents,105
dactylis glomerata pollen,C1446451,"Rhinitis, Allergic, Seasonal",5
daidzein,C0057090,Isoflavones,91
daidzin,C0057091,Isoflavones,4
dalcinonacog alfa,C5419260,Factor IX,2
dalfampridine,C0000477,4-Aminopyridine,28
dalotuzumab,C2987605,"Antibiotics, Antineoplastic",1
dalteparin,C0206461,Pregnancy,97
damoctocog alfa pegol,C4723219,Factor VIII,3
danaparoid,C0259507,Heparin,23
danazol,C0010961,Danazol,318
danofloxacin,C0112317,Age Factors,1
danthron,C0057135,Anthraquinones,1
dantrolene,C0010976,Malignant Hyperthermia,121
dapagliflozin,C2353951,Benzhydryl Compounds,17
dapiprazole,C0057143,Adrenergic alpha-Antagonists,1
dapivirine,C1434916,HIV Infections,38
dapoxetine,C0215087,Benzylamines,4
dapsone,C0010980,Dapsone,452
daratumumab,C2346801,"Antibodies, Monoclonal",17
darbepoetin alfa,C0937950,Darbepoetin alfa,64
daridorexant,C5227711,Imidazoles,3
darifenacin,C0529351,Benzofurans,2
darunavir,C1435444,HIV Infections,94
dasabuvir,C3852512,Antiviral Agents,11
dasatinib,C1455147,Dasatinib,98
dasiglucagon,C5139868,"Diabetes Mellitus, Type 1",3
dasotraline,C4276542,1-Naphthylamine,3
date,C2740799,Pregnancy,5401
daunorubicin,C0011015,Daunorubicin,993
daunorubicinol,C0057159,Daunorubicin,14
davunetide,C0966140,Antipsychotic Agents,1
dazmegrel,C0112408,6-Ketoprostaglandin F1 alpha,2
dazoxiben,C0057167,Adenosine Diphosphate,1
dcvac/ovca,C3898064,Acetylcysteine,2
deanol,C0011064,Deanol,7
debrisoquin,C0011082,Debrisoquin,48
decabromobiphenyl ether,C0112691,Halogenated Diphenyl Ethers,27
decabromodiphenyl ethane,C1504904,Flame Retardants,42
decachlorobiphenyl,C0057226,Adipose Tissue,1
decamethonium,C0057231,Autoantibodies,4
decamethoxine,C0057232,Comorbidity,2
decamethrin,C0057233,Pyrethrins,59
dechlorane plus,C2351195,Flame Retardants,28
decitabine,C0049065,Decitabine,91
deferasirox,C1619629,Deferasirox,188
deferiprone,C0043832,Iron Chelating Agents,168
deferoxamine,C0011145,Deferoxamine,579
defibrotide,C0057257,Hepatic Veno-Occlusive Disease,78
defibrotide,C4083210,Hepatic Veno-Occlusive Disease,78
defibrotide,C5400018,Hepatic Veno-Occlusive Disease,78
deflazacort,C0057258,Pregnenediones,79
degarelix,C1455035,Double-Blind Method,4
dehydro-aripiprazole,C1872486,Aripiprazole,15
dehydroascorbic acid,C0011177,Dehydroascorbic Acid,29
dehydrocholic acid,C0011182,Dehydrocholic Acid,4
dehydroemetine,C0082286,Amebicides,3
delafloxacin,C2828290,"Administration, Oral",1
delamanid,C3489682,Antitubercular Agents,24
delandistrogene moxeparvovec,C5447557,"Muscular Dystrophy, Duchenne",4
delavirdine,C0288165,Delavirdine,6
deleobuvir,C3885917,Acrylates,1
delgocitinib,C5226741,"Dermatitis, Atopic",4
delorazepam,C0055353,Anti-Anxiety Agents,5
delta-8-tetrahydrocannabinol,C0057341,Dronabinol,5
demeclocycline,C0011276,Demeclocycline,9
demecolcine,C0011259,"Abnormalities, Multiple",1
demegestone,C0057362,Congenital Abnormalities,2
demeton-S-methyl,C0057375,Insecticides,2
demoxytocin,C0057218,"Labor, Induced",14
dendritic cells vaccine,C1511767,Dendritic Cells,20
"dengue tetravalent vaccine, live",C5139724,Dengue Vaccines,96
denileukin diftitox,C0717670,Diphtheria Toxin,2
denopamine,C0075749,"Administration, Oral",1
denosumab,C1690432,Denosumab,108
denufosol,C1998014,Cystic Fibrosis,6
deoxycholate,C0086123,Deoxycholic Acid,15
deoxycholic acid,C0011479,Deoxycholic Acid,92
deoxycytidine,C0011485,Deoxycytidine,256
deoxyepinephrine,C0011498,Deoxyepinephrine,5
deoxynivalenol,C0057445,Food Contamination,86
deoxyribonuclease i,C0011519,Deoxyribonuclease I,140
deoxyspergualin,C0284559,Graft Rejection,11
depolarizing muscle relaxants,C0027867,Neuromuscular Depolarizing Agents,136
depreotide,C1531556,Antineoplastic Agents,1
deptropine,C0057763,Anti-Asthmatic Agents,2
dequalinium,C0011588,Dequalinium,10
dermatan sulfate,C0011602,Glycosaminoglycans,190
dermatophagoides farinae,C3194702,Asthma,167
dermatophagoides pteronyssinus,C3194704,Allergens,315
dersimelagon,C5239527,5-Aminolevulinate Synthetase,1
desethylamiodarone,C0057522,Amiodarone,20
desflurane,C0063252,"Anesthetics, Inhalation",143
desipramine,C0011685,Desipramine,126
deslanoside,C0011689,"Anesthesia, Epidural",1
desloratadine,C0908935,Loratadine,40
deslorelin,C0083220,Gonadotropin-Releasing Hormone,16
desmethylsertraline,C0113211,Sertraline,25
desmopressin,C0011701,Deamino Arginine Vasopressin,545
desmopressin Nasal Spray,C1248451,Deamino Arginine Vasopressin,8
desogestrel,C0057558,Desogestrel,994
desonide,C0011705,Desonide,24
desoximetasone,C0011707,Dexamethasone,5
desoxycorticosterone,C0011710,Desoxycorticosterone,191
desoxycorticosterone acetate,C0813203,Desoxycorticosterone,14
desoxycorticosterone pivalate,C0057420,Birth Weight,2
desoxyribonuclease,C0011522,Deoxyribonucleases,126
desvenlafaxine,C1880288,Desvenlafaxine Succinate,35
detomidine,C0057577,Dexmedetomidine,2
deutetrabenazine,C4277781,Tetrabenazine,3
dexamethasone,C0011777,Dexamethasone,4522
dexamethasone Ophthalmic Solution,C1251642,"Administration, Intranasal",1
dexamethasone acetate,C0057598,Dexamethasone,17
dexamethasone isonicotinate,C0011779,Dexamethasone Isonicotinate,3
dexbrompheniramine,C0057605,"Chromatography, Gas",2
dexchlorpheniramine,C0057606,Chlorpheniramine,11
dexchlorpheniramine maleate,C0137440,Chlorpheniramine,2
dexfenfluramine,C0011786,Fenfluramine,4
dexibuprofen,C2714681,Ibuprofen,5
dexketoprofen,C0772505,"Anesthetics, Local",6
dexlansoprazole,C2348248,Proton Pump Inhibitors,6
dexloxiglumide,C0533979,Catheterization,1
dexmedetomidine,C0113293,Dexmedetomidine,926
dexmethylphenidate,C1169997,Attention Deficit Disorder with Hyperactivity,28
dexon,C0057608,Polyglycolic Acid,4
dexpanthenol,C0057610,Pantothenic Acid,14
dexrazoxane,C0086444,Doxorubicin,31
dextran,C0011806,Dextrans,437
dextran,C0086140,Pregnancy,143
dextran 1,C0717685,Anaphylaxis,4
dextran 40,C0011793,Dextrans,35
dextran 70,C0011795,Dextrans,34
dextran 75,C0011796,Anaphylaxis,1
dextranomer,C0057621,Hyaluronic Acid,166
dextrin 2-sulfate,C0292877,Age Factors,2
dextroamphetamine,C0011812,Dextroamphetamine,303
dextromethorphan,C0011816,Dexamethasone,345
dextromethorphan polistirex,C0771392,Delayed-Action Preparations,1
dextromoramide,C0011817,Dextromoramide,8
dextropropoxyphene,C0033493,Dextropropoxyphene,65
dextrorphan,C0011821,Dextromethorphan,47
dextrose 50%,C0985453,Glucose,7
"dextrose, unspecified form",C0017725,Blood Glucose,16006
dextrothyroxine,C0011824,Dextrothyroxine,11
dezocine,C0057626,"Bridged Bicyclo Compounds, Heterocyclic",6
di-87,C5666884,Chemoradiotherapy,1
di-n-hexyl phthalate,C0057659,Phthalic Acids,6
di-n-octyl phthalate,C0057660,Phthalic Acids,35
di-n-octyltin dichloride,C0057661,Child Development,2
diacerein,C0057678,"Administration, Topical",2
diacetolol,C0057670,Acebutolol,3
dialysis solution,C0011947,Peritoneal Dialysis,210
diaminochlorotriazine,C2351588,Atrazine,3
dianhydrogalactitol,C0011967,Dianhydrogalactitol,6
diatrizoate,C0012004,Diatrizoate,64
diatrizoate meglumine,C0012005,Diatrizoate Meglumine,81
diazepam,C0012010,Diazepam,997
diazepam Nasal Spray,C5228867,Diazepam,10
diaziquone,C0113600,Aziridines,16
diazolidinylurea,C0057749,Cosmetics,1
diazoxide,C0012022,Diazoxide,329
dibasic potassium phosphate,C0138037,"Bone Diseases, Metabolic",5
dibekacin,C0012024,Dibekacin,29
dibotermin alfa,C1445578,Bone Morphogenetic Protein 2,61
dibromoacetic acid,C0257716,Pregnancy,8
dibromochloromethane,C0113660,Trihalomethanes,34
dibutyl phthalate,C0012052,Phthalic Acids,422
dibutyltin dichloride,C0057808,"Abnormalities, Drug-Induced",2
dicalcium phosphate,C0795598,Calcium Phosphates,6
dichloralphenazone,C0057831,Acetaminophen,1
dichloroacetate,C0012066,Dichloroacetic Acid,51
dichloroacetic acid,C0600203,Pregnancy,88
dichloroacetonitrile,C0057843,Swimming Pools,2
dichlorobenzene,C0301037,Environmental Exposure,5
dichlorobenzyl alcohol,C0057846,"Administration, Topical",1
dichlorodifluoromethane,C0117953,Retrospective Studies,6
dichlorophen,C0012082,Dichlorophen,2
dichlorphenamide,C0012086,Dichlorphenamide,5
dichlorprop,C0057870,"2,4-Dichlorophenoxyacetic Acid",1
dichlorvos,C0012087,Pesticides,18
dichromate,C3486750,Chromates,3
diclofenac,C0012091,Diclofenac,289
diclofenac epolamine,C0082274,Pregnancy,6
diclofop-methyl,C0057835,Agricultural Workers' Diseases,1
dicloxacillin,C0012093,Dicloxacillin,36
dicoumarol,C0005640,Dicumarol,10
dicrotophos,C0057884,Chlorpyrifos,1
dicyclohexyl phthalate,C0207834,Phthalic Acids,12
dicyclomine,C0012125,Dicyclomine,101
didanosine,C0012133,HIV Infections,206
dideoxyadenosine,C0012131,Asthma,13
didodecyldimethylammonium bromide,C0113777,Antibodies,2
dienestrol,C0012145,Pregnancy,13
dienestrol diacetate,C0057915,Amenorrhea,1
dienogest,C0057916,Nandrolone,116
diepoxybutane,C0059541,Fanconi Anemia,38
diethyl ether,C0014994,Pregnancy,204
diethyl ether,C3495432,Pregnancy,204
diethyl phosphate,C0057933,Pesticides,24
diethyl thiophosphate,C1620094,Pesticides,15
diethylcarbamazine,C0012191,Diethylcarbamazine,217
diethyldithiocarbamate,C0086154,"Antineoplastic Agents, Alkylating",1
diethyldithiophosphate,C5226719,Pesticides,38
diethylene glycol,C0057946,Ethylene Glycols,18
diethylene glycol dimethyl ether,C0058023,Mice,2
diethylnorspermine,C5779584,Antineoplastic Agents,1
diethylpropion,C0012201,Obesity,5
diethylstilbestrol,C0012203,Pregnancy,1944
diethyltoluamide,C0011134,Pregnancy,202
difamilast,C5139795,#,2
difelikefalin,C4519744,Arnold-Chiari Malformation,1
difenoconazole,C0758715,Risk Assessment,4
difetarsone,C1322006,Aniline Compounds,1
diflorasone,C0304612,"Administration, Topical",1
diflorasone diacetate,C0057992,"Administration, Topical",2
diflubenzuron,C0012446,Beijing,1
diflucortolone,C0012227,"Administration, Topical",14
diflunisal,C0012228,Diflunisal,10
difluprednate,C0058004,Fluprednisolone,5
digitoxin,C0012258,Digoxin,20
digoxigenin,C0012264,Pregnancy,24
digoxin,C0012265,Digoxin,921
digoxin immune fab (ovine),C4083129,Digoxin,6
dihematoporphyrin ether,C0058031,Dihematoporphyrin Ether,9
dihexyverine,C0771461,Alphaprodine,1
dihomo-gamma-linolenic acid,C0000658,"8,11,14-Eicosatrienoic Acid",98
dihydralazine,C0012271,Pregnancy,85
dihydrocodeine,C0058056,Smith-Lemli-Opitz Syndrome,23
dihydroergocristine,C0012289,Dihydroergotoxine,3
dihydroergocryptine,C0012290,Prolactin,6
dihydroergotamine,C0012291,Dihydroergotamine,41
dihydroergotoxine,C0012294,Dihydroergotoxine,14
dihydroetorphine,C0045027,Acupressure,1
dihydrofolic acid,C0012299,"Anemia, Macrocytic",2
dihydrolipoic acid,C0163115,"Abortion, Spontaneous",2
dihydromorphine,C0012305,Codeine,2
dihydrotachysterol,C0012319,Dihydrotachysterol,23
dihydrotachysterol,C3714504,Dihydrotachysterol,23
dihydroxyacetone,C0012322,Docosahexaenoic Acids,1784
dihydroxyacetone phosphate,C0012324,Antineoplastic Combined Chemotherapy Protocols,25
diiodohydroxyquinoline,C0012341,Iodoquinol,12
diisobutyl phthalate,C0058154,Phthalic Acids,70
diisononyl phthalate,C0163065,Phthalic Acids,68
dilapan,C0174425,Pregnancy,75
dilazep,C0012367,"Glomerulonephritis, IGA",6
diloxanide,C0206816,Age Factors,1
diloxanide furoate,C0058181,Amebicides,2
diltiazem,C0012373,Diltiazem,71
dimefline,C0058192,Estradiol,1
dimenhydrinate,C0012381,Dimenhydrinate,38
dimercaprol,C0012383,Bronchoalveolar Lavage Fluid,813
dimercaptosuccinic acid,C1875873,Urinary Tract Infections,136
dimethandrolone undecanoate,C2974168,Nandrolone,7
dimethicone,C1113707,Dimethylpolysiloxanes,12
dimethindene,C0012390,Dimethindene,5
dimethomorph,C0653241,Environmental Monitoring,2
dimethyl fumarate,C0058218,Multiple Sclerosis,32
dimethyl sulfone,C0058231,"Homosexuality, Male",277
dimethyl sulfoxide,C0012403,Dimethyl Sulfoxide,124
dimethylacetamide,C0058243,Acetamides,6
dimethylamine,C0058246,Arginine,12
dimethylphosphate,C0058223,Pesticides,82
dimethylphthalate,C0058224,Phthalic Acids,47
dimethyltryptamine,C0027183,Multiple Sclerosis,94
diminazene,C0012447,Diminazene,5
dinitrochlorobenzene,C0012460,Dinitrochlorobenzene,95
dinophysistoxin 1,C0058309,China,2
dinoprost,C0012471,Pregnancy,1743
dinoprost tromethamine,C0058310,Pregnancy,10
dinoprostone,C0012472,Pregnancy,3121
dinoprostone Vaginal Gel,C1251486,Dinoprostone,11
dinoprostone Vaginal Insert,C4746121,Pregnancy,119
dinotefuran,C1143475,Neonicotinoids,17
diosmin,C0012498,Pregnancy,14
dioxane,C0012501,Dioxanes,17
dioxane,C0044018,Pregnancy,10
diphemanil,C0301371,Parasympatholytics,8
diphemanil methylsulfate,C0058365,Parasympatholytics,2
diphencyprone,C0058379,Cyclopropanes,51
diphenhydramine,C0012522,Diphenhydramine,197
diphenidol,C0058371,Antiemetics,1
diphenoxylate,C0012525,Diphenoxylate,27
diphenylamine,C0012528,Diphenylamine,3
diphenylarsinic acid,C1528779,Arsenicals,6
diphenyleneiodonium,C0058381,Case-Control Studies,4
diphenylguanidine,C0058383,Diphosphoglyceric Acids,41
diphenylpyraline,C0058389,"Chromatography, Liquid",2
diphosphonate,C0012544,Diphosphonates,687
diphtheria antitoxin,C0012547,Diphtheria,160
"diphtheria toxoid vaccine, inactivated",C0012551,Diphtheria Toxoid,786
diphtheria-tetanus toxoids,C0717715,Diphtheria-Tetanus-Pertussis Vaccine,35
dipivefrin,C0058415,Pregnancy,34
dipropizine,C0058425,Antitussive Agents,1
"dipropizine, (S)-isomer",C0125654,#,2
dipropylacetamide,C0058426,Valproic Acid,8
dipropylene glycol,C1337133,Eye,1
dipyridamole,C0012582,Dipyridamole,217
dipyrone,C0012586,Dipyrone,141
diquafosol,C1955479,Birth Weight,2
dirithromycin,C0058445,Anti-Bacterial Agents,6
diroximel fumarate,C5139729,Alemtuzumab,1
disopyramide,C0012702,Disopyramide,57
disperse blue 106,C0058470,"Dermatitis, Allergic Contact",3
disulfiram,C0012772,Disulfiram,18
ditiocarb,C0012194,Ditiocarb,6
divalproex sodium,C0886883,Valproic Acid,65
dixyrazine,C0058518,Antiemetics,6
dl-alpha tocopheryl acetate,C0994472,Vitamin E,31
dl-alpha-tocopherol,C1323100,Vitamin E,34
dobutamine,C0012963,Dobutamine,244
docarpamine,C0075755,Dopamine,3
docetaxel,C0246415,Docetaxel,111
doconexent,C2348308,Pregnancy,54
docosahexaenoate,C0000464,Fatty Acids,13
docosahexaenoic acid,C0556150,Docosahexaenoic Acids,2161
docusate,C1692318,"Analgesics, Opioid",3
dodecyl sulfate,C0058632,"Electrophoresis, Polyacrylamide Gel",5
dodecylbenzenesulfonic acid,C0058636,"Air Pollution, Indoor",1
dodine,C0058647,Diet,1
dofetilide,C0114771,Algorithms,1
dolasetron,C0209210,Indoles,11
dolomite,C0058676,Calcium,5
dolutegravir,C3253985,HIV Infections,267
domagrozumab,C5139888,"Antibodies, Monoclonal, Humanized",3
domiodol,C0048365,Anti-Bacterial Agents,1
domiphen,C0058677,Acupuncture Therapy,1
domoic acid,C0058678,Kainic Acid,16
domperidone,C0013015,Domperidone,171
donanemab,C5237999,Alzheimer Disease,1
donepezil,C0527316,Donepezil,20
dopamine,C0013030,Dopamine,1481
dopexamine,C0058702,Dopamine,5
doramectin,C0248572,Ancylostoma,1
doravirine,C4045491,HIV Infections,8
doripenem,C0389169,Anti-Bacterial Agents,21
dornase alfa,C1135662,Cystic Fibrosis,110
dorsomorphin,C1871460,Bone Morphogenetic Proteins,1
dorzolamide,C0165590,Sulfonamides,22
dostarlimab,C5242455,"Antibodies, Monoclonal, Humanized",1
dosulepin,C0013065,Dothiepin,15
dotatate,C4256789,Organometallic Compounds,12
dotatate gallium ga-68,C1742831,Organometallic Compounds,6
dothiepin,C3650307,Dothiepin,15
doxacurium,C0058716,Isoquinolines,7
doxapram,C0013084,Doxapram,99
doxazosin,C0114873,Doxazosin,35
doxepin,C0013085,Doxepin,23
doxercalciferol,C0043668,Bone and Bones,5
doxofylline,C0058721,Theophylline,7
doxorubicin,C0013089,Doxorubicin,3017
doxorubicinol,C0050885,Doxorubicin,12
doxycycline,C0013090,Doxycycline,620
doxycycline hyclate,C0058731,Anti-Bacterial Agents,1
doxylamine,C0013092,Doxylamine,109
drisapersen,C3886496,"Muscular Dystrophy, Duchenne",8
drometrizole trisiloxane,C1614456,Logistic Models,1
dronabinol,C0039663,Dronabinol,252
dronedarone,C0766326,Anti-Arrhythmia Agents,2
droperidol,C0013136,Droperidol,185
drospirenone,C0043822,Androstenes,263
drostanolone,C0058753,Androstanols,1
drotaverin,C0058762,Papaverine,17
drotrecogin alfa,C1170000,Pregnancy,316
droxidopa,C0000378,Droxidopa,8
dulaglutide,C3179549,"Diabetes Mellitus, Type 2",4
dulanermin,C1522480,Acute Lung Injury,1
duloxetine,C0245561,Duloxetine Hydrochloride,48
dupilumab,C3660996,"Antibodies, Monoclonal, Humanized",138
durvalumab,C4055109,Lung Neoplasms,3
dutasteride,C0754659,Testosterone,10
duvoglustat,C0089267,1-Deoxynojirimycin,78
dydrogesterone,C0013340,Dydrogesterone,203
dynorphin,C0013355,Dynorphins,23
dyphylline,C0013360,Theophylline,8
e-2012,C2976587,Retrospective Studies,8
ebastine,C0058895,Histamine H1 Antagonists,15
ecallantide,C1722685,"Angioedemas, Hereditary",8
ecgonine,C0058916,Cocaine,16
echinacea,C0752270,Echinacea,26
echinacea purpurea,C0874052,Echinacea,7
echinocandin,C1268551,Antifungal Agents,248
echothiophate,C0301366,"Accommodation, Ocular",1
econazole,C0013547,Econazole,32
ecopipam,C1099053,Benzazepines,3
eculizumab,C1541483,"Antibodies, Monoclonal, Humanized",315
edaravone,C0070694,Antipyrine,17
edasalonexent,C4548371,Arachidonic Acids,4
edelfosine,C0044549,Phospholipid Ethers,6
edetate calcium disodium,C0006692,Edetic Acid,24
edetate sodium,C0012695,Edetic Acid,11
edetic acid,C0013618,Edetic Acid,456
edivoxetine,C3529575,Adrenergic Uptake Inhibitors,4
edodekin alfa,C3665495,Interferon-gamma,3
edotreotide,C0539568,Pancreatic Neoplasms,5
edotreotide yttrium y-90,C0935918,Maximum Tolerated Dose,1
edoxaban,C2975435,Anticoagulants,12
edrophonium,C0013615,Edrophonium,31
efalizumab,C1174995,"Antibodies, Monoclonal",13
efavirenz,C0674428,HIV Infections,630
efinaconazole,C3273754,"Administration, Topical",2
eflornithine,C0002260,Eflornithine,47
efmoroctocog alfa,C3834170,Hemophilia A,4
eftrenonacog alfa,C3818700,Hemophilia B,16
efungumab,C2605768,Amphotericin B,2
egg phospholipids,C0982134,Docosahexaenoic Acids,16
egg white,C2730227,Immunoglobulin E,250
egg yolk,C2730230,Egg Yolk,75
eggplant,C2726148,Risk Assessment,6
eggplant,C3496088,Risk Assessment,6
egtazic acid,C0013714,Egtazic Acid,16
elafibranor,C4508936,"Administration, Oral",1
elafin,C0142580,Tandem Mass Spectrometry,195
elafin,C1579194,Elafin,31
elagolix,C2714632,Pyrimidines,7
elapegademase,C4731737,Adenosine Deaminase,3
elbasvir,C4080052,Amides,2
elcatonin,C0115656,Calcitonin,3
eldecalcitol,C2828245,Bone Density,2
electrolyte solution,C3853872,Fluid Therapy,76
eletriptan,C0759933,Pyrrolidines,5
elexacaftor,C5139717,Cystic Fibrosis,86
eliglustat,C3272698,Gaucher Disease,4
ellagic acid,C0013900,Pregnancy,7
elobixibat,C3659266,Bile Acids and Salts,2
elosulfase alfa,C3817397,Mucopolysaccharidosis IV,20
eltanexor,C4682412,"Cell Line, Tumor",1
eltanolone,C0033008,Pregnanolone,165
eltrombopag,C1831905,Benzoates,86
eltrombopag olamine,C1880492,"Anemia, Aplastic",1
elvitegravir,C2606637,HIV Infections,36
emapalumab,C4740904,"Lymphohistiocytosis, Hemophagocytic",12
emedastine,C0064263,Benzimidazoles,10
emepronium,C0013954,Emepronium,6
emetine,C0013974,Emetine,14
emfilermin,C1609654,"Administration, Cutaneous",1
emicizumab,C4278463,Hemophilia A,71
emopamil,C0059080,Chondrodysplasia Punctata,8
empagliflozin,C3490348,Benzhydryl Compounds,17
emtricitabine,C0909839,HIV Infections,343
enalapril,C0014025,Enalapril,202
enalaprilat,C0014027,Enalaprilat,10
enasidenib,C4519428,Antineoplastic Combined Chemotherapy Protocols,1
enbucrilate,C0014035,Enbucrilate,96
encainide,C0085251,Encainide,14
enclomiphene,C0086213,Enclomiphene,3
endostar,C1999522,Endostatins,3
endostatin,C0534628,Endostatins,59
endostatin,C1705207,Endostatins,57
endostatin,C3887702,Endostatins,55
endosulfan sulphate,C2743985,Endosulfan,8
"endothelial growth factor A, vascular",C0078058,Vascular Endothelial Growth Factor A,2710
endothelin-1,C0079281,Endothelin-1,593
endothelin-1,C4316927,Endothelin-1,593
enflurane,C0014277,Enflurane,180
enfuvirtide,C0537439,Enfuvirtide,21
engerix b,C0116078,Hepatitis B Vaccines,185
enoxacin,C0014310,Enoxacin,6
enoxaparin,C0206460,Enoxaparin,452
enoximone,C0116190,Enoximone,19
enprofylline,C0059372,Xanthines,8
enprostil,C0085191,Enprostil,4
enrofloxacin,C0059374,Anti-Bacterial Agents,8
entacapone,C0165921,Parkinson Disease,6
entecavir,C0971023,Antiviral Agents,66
entinostat,C2743752,Benzamides,2
entrectinib,C4086264,Indazoles,8
enzacamene,C0094910,Sunscreening Agents,9
enzalutamide,C3496793,"Prostatic Neoplasms, Castration-Resistant",3
enzastaurin,C1327830,Indoles,2
eosin,C0014448,Immunohistochemistry,323
eosin,C0885297,Immunohistochemistry,317
epalrestat,C0095278,Biomarkers,1
eperisone,C0043606,Drug Overdose,1
ephedrine,C0014479,Pregnancy,642
epibatidine,C0219269,"Bridged Bicyclo Compounds, Heterocyclic",9
epicatechin,C0014485,Catechin,12
epicillin,C0059424,Ampicillin,6
epicoccum nigrum,C2701591,Fungi,2
epidermal growth factor,C0242275,Epidermal Growth Factor,461
epidermophyton floccosum,C2702319,Antifungal Agents,6
epigallocatechin,C2348459,"Infant, Low Birth Weight",4
epigallocatechin gallate,C0059438,Catechin,29
epimestrol,C0014561,Epimestrol,25
epinastine,C0078442,Dibenzazepines,9
epinephrine Auto-Injector,C4047193,Epinephrine,24
epirubicin,C0014582,Epirubicin,194
epitestosterone,C0014594,Testosterone,43
epivaccorona,C5439915,"Antibodies, Viral",1
eplerenone,C0961485,Eplerenone,12
epoetin beta,C0357131,Erythropoietin,6
epoetin delta,C1873342,Chronic Disease,1
epomediol,C0059459,Bile Acids and Salts,2
epoprostenol,C0033567,Epoprostenol,670
epostane,C0059461,Progesterone,16
epoxiconazole,C0668753,Endocrine Disruptors,7
epratuzumab,C1120776,"Antibodies, Monoclonal, Humanized",4
eprazinone,C0059469,Acute Disease,1
eprinomectin,C0529813,"Administration, Topical",1
eprosartan,C0287041,Angiotensin II Type 1 Receptor Blockers,1
eptifibatide,C0253563,Platelet Aggregation Inhibitors,4
eptinezumab,C4694272,"Abortion, Spontaneous",2
equilin,C0014654,Estrogens,2
equine collagen,C3255670,Age Factors,1
equol,C0059497,Isoflavones,54
equol,C3896945,Isoflavones,54
erdafitinib,C4519323,Brain Neoplasms,1
erdosteine,C0059506,Thioglycolates,6
erenumab,C4542165,Pregnancy,7
ergocalciferol,C0014695,Vitamin D,9272
ergocalciferol,C3714696,Ergocalciferols,53
ergocryptine,C0059513,Pregnancy,16
ergoloid mesylate,C0014708,Dihydroergotoxine,2
ergometrine,C0014704,Pregnancy,169
ergosterol,C0014705,Dust,14
ergot alkaloids,C0014707,Pregnancy,47
ergot alkaloids,C3541393,Pregnancy,32
ergot alkaloids,C3541405,Pregnancy,32
ergot alkaloids,C3542459,Pregnancy,32
ergotamine,C0014710,Pregnancy,40
ergothioneine,C0014713,Ergothioneine,9
eribulin,C2350866,Antineoplastic Agents,3
erlotinib,C1135135,Erlotinib Hydrochloride,39
ertapenem,C1120106,Anti-Bacterial Agents,48
erucic acid,C0059531,Fatty Acids,22
erythritol,C0014757,Erythritol,17
erythromycin,C0014806,Erythromycin,1067
erythromycin lactobionate,C0059562,Erythromycin,11
erythropoietin,C0014822,Erythropoietin,2101
erythropoietin,C0357126,Erythropoietin,2101
erythropoietin,C0376541,Erythropoietin,2101
erythropoietin,C2976467,Erythropoietin,2101
erythrosine,C0014824,Food Coloring Agents,6
escin,C0014838,Escin,5
escitalopram,C1099456,Selective Serotonin Reuptake Inhibitors,83
esculin,C0014839,Bacteremia,3
esfenvalerate,C0116567,Agriculture,6
esketamine,C2825616,Ketamine,74
eslicarbazepine,C2725260,Anticonvulsants,16
eslicarbazepine acetate,C2725262,Dibenzazepines,21
esmolol,C0116569,Propanolamines,48
esomeprazole,C0937846,Esomeprazole,72
essential amino acids,C0002525,Amino Acids,354
estazolam,C0014892,"Abortion, Induced",1
esterified estrogens,C0717752,Estrogen Replacement Therapy,4
estetrol,C0014899,Pregnancy,76
estradiol,C0014912,Estradiol,9457
estradiol benzoate,C0167626,Estradiol,64
estradiol cypionate,C0059610,Estradiol,41
estradiol valerate,C0059623,Estradiol,175
estragole,C0059641,Allylbenzene Derivatives,1
estriol,C0014927,Pregnancy,2783
estrogen,C0014939,Pregnancy,5016
estrogen,C2936882,Pregnancy,2883
estrogens,C3537250,Estrogens,3780
estrogens,C3541386,Estrogens,3780
estrogens,C3714615,Estrogens,3780
"estrogens, conjugated (USP)",C0014938,"Estrogens, Conjugated (USP)",276
"estrogens, esterified (USP)",C0717752,Estrogen Replacement Therapy,4
estrone,C0014942,Estrone,775
estrone,C4721526,Estrone,775
estrone sulfate,C0059668,Estrone,42
eszopiclone,C1436328,Eszopiclone,2
etacrynic acid,C0014963,Ethacrynic Acid,17
etamiphylline,C0059680,"Administration, Oral",1
etamsylate,C0014968,Ethamsylate,30
etanercept,C0717758,Etanercept,469
etanidazole,C0059682,Etanidazole,5
etelcalcetide,C3713906,Calcium,2
eteplirsen,C4283710,Morpholinos,11
etesevimab,C5421804,"Antibodies, Monoclonal",4
ethacridine,C0014960,Pregnancy,89
ethambutol,C0014964,Antitubercular Agents,309
ethanesulfonic acid,C0206794,Amnion,2
ethanol,C3854029,Ethanol,4880
ethanol,C3854030,Ethanol,4880
ethanolamine,C0014983,Ethanolamines,1045
ethanolamine,C0059696,Pregnancy,72
ethanolamine oleate,C0059699,Sclerotherapy,37
ethchlorvynol,C0014987,Ethchlorvynol,2
ethinyl estradiol,C0015011,Ethinyl Estradiol,2953
ethinyl estradiol sulfonate,C0059716,Ethinyl Estradiol,13
ethiodized oil,C0015018,Ethiodized Oil,57
ethion,C0059721,Pesticides,8
ethionamide,C0015021,Thrombin,87
ethisterone,C0015025,Ethisterone,30
ethoprop,C0059728,Food Contamination,3
ethosuximide,C0015043,Anticonvulsants,174
ethotoin,C0015046,Hydantoins,6
ethoxyacetic acid,C0059729,Pregnancy,13
ethyl acetate,C0059747,"Chromatography, High Pressure Liquid",36
ethyl alcohol,C0885054,Ethanol,56
ethyl alcohol,C2239250,Ethanol,56
ethyl cellulose,C0059756,"Labor, Induced",4
ethyl chloride,C0015058,Ethyl Chloride,15
ethyl ether,C0014996,Methyl Ethers,1187
ethyl loflazepate,C0059772,Benzodiazepines,3
ethyl nitrite,C0163721,Nitrites,4
ethyl pyruvate,C0208225,"Animals, Newborn",1
ethyl-p-hydroxybenzoate,C0059788,Parabens,111
ethylbenzene,C0059792,Air Pollutants,69
ethylene,C0015075,Pregnancy,98
ethylene,C0015096,Pregnancy,100
ethylene dichloride,C0015081,Pregnancy,21
ethylene glycol,C0015083,Pregnancy,89
ethylene oxide,C0015087,Ethylene Oxide,40
ethylenediamine,C0015091,Edetic Acid,18
ethylenediamine,C0015093,Ethylenediamines,32
ethylenediaminetetraacetate,C0178627,Edetic Acid,11
ethylestrenol,C0015099,Anabolic Agents,2
ethylmorphine,C0015109,"Microsomes, Liver",5
ethynodiol diacetate,C0015117,"Contraceptives, Oral",134
etidocaine,C0015120,Etidocaine,35
etidronate,C0086268,Etidronic Acid,28
etidronic acid,C0015121,Etidronic Acid,61
etifoxine,C0059678,Adverse Drug Reaction Reporting Systems,2
etilefrine,C0015116,Etilefrine,10
etiracetam,C0059859,#,1
etizolam,C0059862,Benzodiazepines,3
etodolac,C0059865,"Anti-Inflammatory Agents, Non-Steroidal",6
etofamide,C0059867,Acetamides,3
etofenamate,C0059868,"Anti-Inflammatory Agents, Non-Steroidal",2
etomidate,C0015131,Etomidate,143
etonogestrel,C0047683,Desogestrel,309
etoposide,C0015133,Antineoplastic Combined Chemotherapy Protocols,3020
etoricoxib,C0972314,Etoricoxib,10
etorphine,C0015134,Etorphine,7
etravirine,C1456409,HIV Infections,40
etretinate,C0015137,Etretinate,118
etrolizumab,C3177463,"Antibodies, Monoclonal, Humanized",1
etynodiol,C0059849,"Contraceptives, Oral",7
eucalyptol,C0055738,Cyclohexanols,2
eucalyptus oil,C0163069,Eucalyptus,6
eugenol,C0015153,"Tooth, Deciduous",74
eurotium amstelodami,C4724000,"Air Pollution, Indoor",1
evans blue,C0015205,Pregnancy,46
evening primrose oil,C0700602,Linoleic Acids,35
everolimus,C0541315,Everolimus,244
evinacumab,C4508522,"Cholesterol, LDL",8
evolocumab,C3529352,Anticholesteremic Agents,13
exametazime,C0175035,Technetium Tc 99m Exametazime,5
exebacase,C5238170,Anti-Bacterial Agents,1
exemestane,C0851344,Retrospective Studies,2
exenatide,C0167117,Exenatide,30
ezetimibe,C1142985,Anticholesteremic Agents,74
ezogabine,C0530684,Anticonvulsants,7
ezutromid,C4519238,"Administration, Oral",1
factor IX,C0015491,Factor IX,493
factor IX,C4048712,Factor IX,493
factor VII,C0015502,Factor VII,408
factor VII,C5441682,Factor VII,408
factor VIII,C0015506,Factor VIII,2001
factor VIII,C1307126,Factor VIII,2001
factor VIII,C2732002,Factor VIII,2001
factor VIII,C2732016,Factor VIII,2001
factor VIIa,C0015505,Factor VIIa,511
factor X,C0015518,Factor X,183
factor X,C5552804,Factor X,183
factor XIII,C0015528,Factor XIII,174
factor xiii (human),C2979805,Factor XIII,53
fadrozole,C0117234,Aromatase Inhibitors,2
faldaprevir,C3661290,Aminoisobutyric Acids,3
famciclovir,C0209227,Antiviral Agents,26
famotidine,C0015620,Famotidine,56
farletuzumab,C2700602,Albumins,1
farnesol,C0015637,"Administration, Cutaneous",1
farnesyl diphosphate,C0060069,"Blood Loss, Surgical",1
faropenem,C0541153,Anti-Bacterial Agents,5
fasoracetam,C1880737,Area Under Curve,1
fasudil,C0062068,Protein Kinase Inhibitors,2
"fatty acids, omega-6",C0133860,"Fatty Acids, Omega-6",655
favipiravir,C1138226,COVID-19,19
fazadinium,C0080352,Pyridinium Compounds,10
fazadinium bromide,C0015707,"Anesthesia, General",1
fazarabine,C0060103,Azacitidine,3
febuxostat,C0249529,Febuxostat,9
felbamate,C0060135,Anticonvulsants,58
felbinac,C0877860,"Anti-Inflammatory Agents, Non-Steroidal",3
felis catus hair,C0789408,Allergens,12
felodipine,C0015772,Felodipine,9
felypressin,C0015777,Prilocaine,6
fenbendazole,C0015821,Benzimidazoles,2
fenbufen,C0060156,Retrospective Studies,2
fenchone,C0163543,"Air Pollution, Indoor",1
fenclofenac,C0060161,Anti-Inflammatory Agents,1
fenfluramine,C0015827,Fenfluramine,106
fenhexamid,C3501913,Birth Weight,2
fennel,C0015833,Foeniculum,14
fenofibrate,C0033228,Fenofibrate,32
fenofibric acid,C0060179,"Drug Evaluation, Preclinical",1
fenoldopam,C0060180,Fenoldopam,14
fenoprofen,C0015837,Fenoprofen,7
fenoterol,C0015840,Fenoterol,491
fenoxazoline,C0060183,Cardiovascular Diseases,1
fenpropathrin,C0060191,Child Day Care Centers,1
fenproporex,C0060194,Amphetamines,1
fenretinide,C0060197,Fenretinide,13
fenspiride,C0015843,Anti-Inflammatory Agents,3
fentanyl,C0015846,Fentanyl,2563
fenthion,C0015848,Fenthion,4
fentiazac,C0060201,Acetates,2
fenticonazole,C0060203,Antifungal Agents,4
fenugreek,C0936126,Breast Feeding,12
fenugreek seed extract,C1178580,Plant Extracts,4
fenvalerate,C0877863,Nitriles,6
feprazone,C0033056,Anti-Infective Agents,1
ferric ammonium citrate,C0060228,Ferric Compounds,5
ferric carboxymaltose,C2001867,Ferric Compounds,75
ferric cation,C3848561,Ferric Compounds,397
ferric chloride,C0060229,Iron,8
ferric derisomaltose,C5233985,Pregnancy,9
ferric oxide,C0060240,"Ferric Oxide, Saccharated",88
ferric pyrophosphate,C0117541,Iron,28
ferric pyrophosphate citrate,C4018308,Pregnancy,33
ferric sulfate,C0060246,Ferric Compounds,21
ferroheme,C0018966,Pregnancy,294
ferrosoferric oxide,C3256111,Ferrosoferric Oxide,45
ferrous ascorbate,C0015888,"Anemia, Iron-Deficiency",11
ferrous asparto glycinate,C1725664,"Anemia, Iron-Deficiency",1
ferrous bisglycinate,C1721498,"Anemia, Iron-Deficiency",11
ferrous carbonate,C0301499,Absorption,1
ferrous chloride,C0060275,Ferrous Compounds,4
ferrous fumarate,C0060276,"Anemia, Iron-Deficiency",66
ferrous gluconate,C0060277,Iron,21
ferrous glycine sulfate,C0357059,"Anemia, Iron-Deficiency",1
ferrous lactate,C0528926,Iron,6
ferrous succinate,C0060281,Iron,8
ferrous sulfate,C0060282,Ferrous Compounds,346
ferrous sulfate anhydrous,C0873006,Calcium,2
ferulic acid,C0060291,Phenols,3
ferumoxytol,C0060274,Ferrosoferric Oxide,38
fesoterodine,C2343853,Ferrous Compounds,17
feverfew,C0376266,Analysis of Variance,2
fevipiprant,C4076895,Asthma,2
fexinidazole,C0060304,Nitroimidazoles,2
fexofenadine,C0296800,Terfenadine,51
fezolinetant,C4547455,"Dose-Response Relationship, Drug",1
fibrin,C0015982,Fibrin Fibrinogen Degradation Products,1123
fibrinogen,C0016006,Fibrinogen,2098
fibrinogen,C3540039,Fibrinogen,2098
fibrinogen human,C2587184,Fibrinogen,33
fibrinolysin,C0016016,Fibrinolysin,227
fibroblast growth factor 7,C0064294,Fibroblast Growth Factor 7,43
fibroblast growth factor 7,C1565802,Fibroblast Growth Factor 7,43
fibroblast growth factor-1,C0079349,Fibroblast Growth Factor 1,19
fibronectin,C0016055,Fibronectins,1567
fibronectin,C1570610,Fibronectins,813
ficusin,C0016072,PUVA Therapy,57
fidaxomicin,C0065023,Clostridioides difficile,11
figitumumab,C2713009,"Antibodies, Monoclonal",2
filgotinib,C4310256,Janus Kinase Inhibitors,2
filgrastim,C0210630,Granulocyte Colony-Stimulating Factor,1373
finafloxacin,C2825286,Anti-Bacterial Agents,1
finasteride,C0060389,Finasteride,35
finerenone,C4045511,Angiotensin Receptor Antagonists,1
fingolimod,C1699926,Multiple Sclerosis,80
fipronil,C0218501,Pesticides,10
fipronil sulfone,C2604919,Pregnancy,6
fish liver oil,C0016156,Iceland,4
fish oil,C0016157,Fish Oils,876
fitusiran,C5139801,Blood Coagulation Factors,1
flavin mononucleotide,C0016388,Flavin Mononucleotide,32
flavone,C0016219,Diet,9
flavone,C0060440,Flavones,5
flavonoid,C0596577,Flavonoids,167
flavoxate,C0016225,Flavonoids,4
flecainide,C0016229,Flecainide,235
fleroxacin,C0085161,Fleroxacin,9
flibanserin,C0754280,Benzimidazoles,5
floctafenine,C0016245,ortho-Aminobenzoates,4
flomoxef,C0117881,Cephalosporins,70
flonicamid,C2001777,China,4
florbetapir,C2742211,Amyloid beta-Peptides,5
florfenicol,C0060466,Anti-Bacterial Agents,10
flotetuzumab,C4743549,"Antibodies, Bispecific",2
flounder,C2740802,Fishes,7
floxacillin,C0016267,Floxacillin,124
floxuridine,C0016343,Floxuridine,39
fluarix,C0591524,Influenza Vaccines,36
flubendazole,C0060477,Benzimidazoles,6
flubendiamide,C1701754,Breast Feeding,2
fluciclovine,C4553796,Carboxylic Acids,1
fluconazole,C0016277,Antifungal Agents,796
flucytosine,C0016278,Flucytosine,181
fludarabine,C0059985,Transplantation Conditioning,860
fludeoxyglucose,C1572572,Fluorodeoxyglucose F18,8
fludeoxyglucose (18f),C0046056,Fluorodeoxyglucose F18,957
fludiazepam,C0060485,"Abortion, Spontaneous",2
fludioxonil,C0666177,Androgen Antagonists,1
fludrocortisone,C0016280,Fludrocortisone,197
flufenamic acid,C0016282,Flufenamic Acid,8
fluindione,C0117899,Anticoagulants,6
flumazenil,C0016293,Flumazenil,88
flumecinol,C0060491,Crigler-Najjar Syndrome,2
flumequine,C0060493,Acute Disease,1
flumethasone,C0016294,Flumethasone,10
flumethasone pivalate,C0060494,Flumethasone,5
flunarizine,C0016295,Flunarizine,82
flunisolide,C0060501,Fluocinolone Acetonide,43
flunitrazepam,C0016296,Flunitrazepam,62
flunixin meglumine,C0060503,"Anti-Inflammatory Agents, Non-Steroidal",1
fluocinolone,C0060507,Fluocinolone Acetonide,7
fluocinolone acetonide,C0016298,Fluocinolone Acetonide,97
fluocinonide,C0016299,Fluocinonide,18
fluocortin,C3652567,Fluocortolone,3
fluocortin butyl ester,C0060508,"Administration, Intranasal",1
fluocortolone,C0016301,Fluocortolone,45
fluopyram,C3492803,"Chromatography, Liquid",1
fluoranthene,C0060514,Polycyclic Aromatic Hydrocarbons,45
fluorene,C0016311,Fluorenes,494
fluorene,C0060517,Polycyclic Aromatic Hydrocarbons,69
fluorene-9-bisphenol,C5226873,Benzhydryl Compounds,2
fluorescein,C0060520,Fluorescein Angiography,959
fluoride ion,C0016327,Fluorides,2960
fluoride ion f-18,C3848572,Fluorides,2
fluoride toothpaste,C0450164,Dental Caries,232
fluorinated steroids,C0038320,Heart Block,20
fluorine,C0016330,Fluorine,110
fluorochloridone,C0655359,Agriculture,3
fluorocholine f-18,C1744278,Choline,3
fluorodopa (18f),C0244672,Dihydroxyphenylalanine,13
fluorometholone,C0016351,Fluorometholone,29
fluoroquinolone,C0949665,Anti-Bacterial Agents,370
fluorouracil,C0016360,Fluorouracil,585
fluoxetine,C0016365,Fluoxetine,471
fluoxymesterone,C0016366,Fluoxymesterone,38
flupenthixol,C0016367,Flupenthixol,15
fluphenazine,C0016368,Fluphenazine,27
flupirtine,C0060583,Analgesics,3
fluprednidene,C0771950,"Administration, Topical",1
fluprednisolone,C0016369,Fluprednisolone,15
fluprostenol,C0060587,"Blotting, Western",1
flurandrenolide,C0016374,Flurandrenolone,5
flurazepam,C0016375,Flurazepam,7
flurbiprofen,C0016377,Flurbiprofen,44
flurbiprofen axetil,C1610514,Flurbiprofen,5
flurothyl,C0016380,Age Factors,2
fluroxypyr-meptyl,C0655907,Birth Weight,2
flusilazole,C0245840,Diet,2
fluspirilene,C0016383,Antipsychotic Agents,1
flutamide,C0016384,Pregnancy,104
fluticasone,C0082607,Fluticasone,699
fluticasone furoate,C1948374,Androstadienes,53
fluticasone nasal,C0360577,Androstadienes,8
fluticasone propionate,C0117996,Fluticasone,422
flutrimazole,C0172907,Antifungal Agents,2
fluvastatin,C0082608,Fluvastatin,17
fluvoxamine,C0085228,Fluvoxamine,86
folate,C0178638,Folic Acid,6813
folic acid,C0016410,Folic Acid,10673
follicle stimulating hormone,C0016774,Follicle Stimulating Hormone,8457
follicle stimulating hormone,C0733758,Follicle Stimulating Hormone,8457
follitropin alfa,C1268876,Pregnancy,65
follitropin beta,C0060787,Recombinant Proteins,32
folpet,C0060624,Pesticides,6
fomepizole,C0048504,Fomepizole,26
fondaparinux,C1098510,Fondaparinux,34
foretinib,C2973987,Core Binding Factor Alpha 2 Subunit,1
formaldehyde,C0016564,Formaldehyde,352
formalin,C0949307,Immunohistochemistry,502
formate,C0016572,Formates,79
formate,C0220832,Formates,49
formebolone,C0060670,Age Determination by Skeleton,1
formestane,C0048306,Aromatase,3
formetanate,C0060649,Age Factors,1
formic acid,C0016576,Tandem Mass Spectrometry,100
formic acid,C0885348,Tandem Mass Spectrometry,100
formononetin,C0060656,Isoflavones,7
formoterol,C0060657,Asthma,176
formycin,C0016595,Adenosine Deaminase,1
forodesine,C0676720,Purine Nucleosides,2
fosamprenavir,C1176315,Carbamates,17
fosaprepitant,C2349941,Antiemetics,9
foscarnet,C0070895,Antiviral Agents,126
fosdenopterin,C2934004,Influenza Vaccines,13
fosfomycin,C0016610,Fosfomycin,153
fosfomycin tromethamine,C0543454,Fosfomycin,19
fosinopril,C0118168,Fosinopril,7
fosmidomycin,C0060694,Antimalarials,10
fosphenytoin,C0244656,Anticonvulsants,58
fospropofol,C2370726,Critical Care,1
fostamatinib,C2713632,Aminopyridines,1
fostemsavir,C4519220,"Administration, Intravenous",2
fotemustine,C0060696,Nitrosourea Compounds,5
framycetin,C0016673,Framycetin,15
frankincense,C3256678,Boswellia,1
frankincense,C3850086,Boswellia,1
fremanezumab,C4549503,"Antibodies, Monoclonal",6
fresolimumab,C2987643,Bone Density,1
frovatriptan,C0754647,Carbazoles,2
fructooligosaccharide,C0873033,Oligosaccharides,158
fructose,C0016745,Fructose,853
fructose-6-phosphate,C0060775,Erythrocytes,13
fruquintinib,C3640966,Antineoplastic Agents,1
fucose,C0016786,Fucose,142
fucoxanthin,C0060808,Cohort Studies,2
fulacimstat,C5139825,"Antibodies, Anti-Idiotypic",1
fullerene C60,C1879902,"Animals, Newborn",2
fulvestrant,C0935916,Estradiol,15
fumagillin,C0060819,Microsporidiosis,4
fumarate,C0220833,Pregnancy,31
fumaric acid,C0060825,Fumarate Hydratase,5
fumonisin B1,C0060836,Mycotoxins,24
furafylline,C0060848,Cytochrome P-450 CYP1A2,3
furan,C0060850,Furans,43
furazolidone,C0016855,Furazolidone,31
furfural,C0016849,Furaldehyde,11
furosemide,C0016860,Furosemide,805
fursultiamine,C0016865,Fursultiamin,3
fusafungine,C0060879,Aerosols,6
fusarenon-X,C0060880,Food Contamination,3
fusarium graminearum,C4476028,Trichothecenes,4
fusarium oxysporum,C0981884,Fusarium,5
fusidic acid,C0016875,Fusidic Acid,81
g100,C3827001,Chorionic Gonadotropin,1
gabapentin,C0060926,Gabapentin,236
gabapentin enacarbil,C2700226,Carbamates,2
gabexate,C0085231,Gabexate,21
gaboxadol,C0047845,Isoxazoles,5
gadobenate dimeglumine,C0209453,Contrast Media,18
gadobenic acid,C0246154,Anal Canal,1
gadodiamide,C0082646,Contrast Media,19
gadofosveset trisodium,C1433439,Contrast Media,6
gadopentetate,C2700227,Magnetic Resonance Imaging,3
gadopentetate dimeglumine,C0060934,Magnetic Resonance Imaging,77
gadopentetic acid,C0060933,Gadolinium DTPA,284
gadopiclenol,C5392287,Azabicyclo Compounds,1
gadoterate meglumine,C0118538,Magnetic Resonance Imaging,20
gadoteric acid,C0771795,Contrast Media,8
gadoteridol,C0060930,Contrast Media,16
gadoversetamide,C0754820,Contrast Media,3
gadoxetic acid,C3489483,Area Under Curve,1
galactoarabinan,C0052276,Combined Modality Therapy,2
galactose,C0016945,Galactose,635
galantamine,C0016967,Galantamine,7
galaxolide,C0207693,"Air Pollution, Indoor",4
galcanezumab,C4694273,"Databases, Factual",6
gallamine,C0016971,Gallamine Triethiodide,9
gallamine triethiodide,C0016972,Gallamine Triethiodide,10
gallic acid,C0016979,Gallic Acid,14
gallium citrate ga-67,C0893383,Radionuclide Imaging,21
gallium nitrate,C0061008,"Drugs, Chinese Herbal",20
gallium-68 psma,C5400029,Angiofibroma,1
gallopamil,C0016986,Airway Remodeling,1
galsulfase,C1615657,N-Acetylgalactosamine-4-Sulfatase,16
gam-covid-vac,C5400622,COVID-19,4
gamma-aminobutyric acid,C0016904,gamma-Aminobutyric Acid,728
gamma-butyrolactone,C0000481,4-Butyrolactone,23
gamma-cyclodextrin,C0056784,"Administration, Oral",1
gamma-hydroxybutyric acid,C0673093,Glycated Hemoglobin,80
gamma-interferon,C0021745,Interferon-gamma,4058
gamma-interferon,C3539881,Interferon-gamma,598
gamolenic acid,C0061078,gamma-Linolenic Acid,102
ganaplacide,C4742599,Antimalarials,1
ganaxolone,C0537150,Pregnanolone,12
ganetespib,C3467824,"Carcinoma, Hepatocellular",1
ganglioside gm1,C0016895,G(M1) Ganglioside,42
ganirelix,C0073629,Gonadotropin-Releasing Hormone,114
ganitumab,C2980089,Antineoplastic Combined Chemotherapy Protocols,3
garadacimab,C5238067,#,1
garenoxacin,C1507354,Anti-Bacterial Agents,6
garlic,C0885057,Garlic,34
garlic,C2740617,Garlic,34
garlic oil,C1802750,Garlic,3
gastric inhibitory polypeptide,C0017132,Gastric Inhibitory Polypeptide,148
gastric inhibitory polypeptide,C4721528,Gastric Inhibitory Polypeptide,148
gastric intrinsic factor,C0021918,Vitamin B 12,71
gatifloxacin,C0753645,Fluoroquinolones,35
gc5107,C5814274,Bacterial Infections,1
ged-0507-34-levo,C5432270,Acne Vulgaris,1
gefarnate,C0017226,Age Factors,1
gefitinib,C1122962,Gefitinib,30
gelatin,C0017237,Pregnancy,158
geldanamycin,C0061179,Benzoquinones,5
gelopectose,C0623898,Pectins,2
gemcitabine,C0045093,Deoxycytidine,142
gemeprost,C0044923,Pregnancy,265
gemfibrozil,C0017245,Gemfibrozil,11
gemifloxacin,C0533545,Fluoroquinolones,4
gemtuzumab ozogamicin,C1533699,Gemtuzumab,61
genistein,C0061202,Genistein,145
gentamicin,C3854019,Gentamicins,1700
gentamicin Ophthalmic Ointment,C4307232,Anti-Bacterial Agents,1
gentian violet,C0017440,Gentian Violet,82
gentiana lutea extract,C1719970,Bradycardia,1
geotrichum candidum,C2726151,Geotrichosis,3
gepotidacin,C4309999,Anti-Bacterial Agents,2
geraniol,C0061223,"Air Pollution, Indoor",1
geranylgeranyl diphosphate,C0061230,Alendronate,1
gestodene,C0061246,Norpregnenes,288
gestonorone caproate,C0017505,Gestonorone Caproate,3
gestrinone,C0017507,Gestrinone,35
gibberella fujikuroi,C1446506,Fumonisins,5
gilteritinib,C3896940,fms-Like Tyrosine Kinase 3,5
gimatecan,C1455513,"Administration, Oral",1
ginger,C0939895,Pregnancy,50
ginger,C2740621,Pregnancy,50
ginkgo biloba,C3531686,Ginkgo biloba,29
ginkgolide-b,C0061268,Ginkgolides,3
ginseng,C1119918,Panax,13
ginsenoside rb1,C0119192,Feces,1
ginsenoside rg1,C0074018,#,1
ginsenosides,C0061278,Ginsenosides,5
gitaloxin,C0061282,Bradycardia,1
givinostat,C2987670,Carbamates,3
givosiran,C4688584,Acetylgalactosamine,3
glafenine,C0017592,Glafenine,4
glatiramer,C0717787,Glatiramer Acetate,3
glecaprevir,C4519536,Pyrrolidines,5
glembatumumab vedotin,C2935736,"Antibodies, Monoclonal",3
gliclazide,C0017631,Gliclazide,16
glimepiride,C0061323,Hypoglycemic Agents,5
glipizide,C0017642,Hypoglycemic Agents,14
glubran,C0964647,Argon Plasma Coagulation,2
glucagon,C0017687,Glucagon,1051
glucagon,C0772088,Glucagon,1051
glucagon,C0876232,Glucagon,1051
glucaric acid,C0017697,Glucaric Acid,114
glucarpidase,C0007072,Methotrexate,30
glucocorticoid,C0017710,Glucocorticoids,8119
glucomannan,C0043572,Mannans,18
gluconate,C0017714,Gluconates,128
gluconate,C0220836,Calcium,15
gluconic acid,C4082271,Pregnancy,8
gluconolactone,C0061387,Pregnancy,5
glucoraphanin,C0768176,Glucosinolates,6
glucosamine,C0017718,Glucosamine,80
"glucose 1,6-bisphosphate",C0061411,Glucose-6-Phosphate,4
glucose oxidase,C0017735,Blood Glucose,90
glucose-6-phosphate,C0061418,Glucosephosphate Dehydrogenase Deficiency,51
glucuronate,C0017774,Glucuronates,331
glucuronate,C0220838,Metabolomics,9
glufosfamide,C0912322,Antineoplastic Agents,1
glufosinate,C1173231,Pregnancy,4
glutamate,C0220839,Glutamic Acid,577
glutamic acid,C0061472,Glutamic Acid,770
glutarate,C4520842,Glutarates,14
glutaric acid,C0061506,Glutarates,80
glutathione,C0017817,Glutathione,1259
glutathione disulfide,C0061516,Glutathione,235
glutethimide,C0017845,Glutethimide,13
glyburide,C0017628,Glyburide,242
glyceraldehyde-3-phosphate dehydrogenase,C0017857,Glyceraldehyde-3-Phosphate Dehydrogenases,88
glyceraldehyde-3-phosphate dehydrogenase,C3536868,Pregnancy,125
glyceraldehyde-3-phosphate dehydrogenase,C5433435,Pregnancy,124
glycerin,C0017861,Glycerol,556
glycerol phenylbutyrate,C3490329,Phenylbutyrates,17
glyceryl monostearate,C0061579,Metabolomics,5
glyceryl trierucate,C0077088,Adrenoleukodystrophy,12
glyceryl trioleate,C0041073,Triolein,39
glycidamide,C0119706,Acrylamide,36
glycidol,C0061587,Epoxy Compounds,11
glycine,C0017890,Glycine,1070
glycochenodeoxycholic acid,C0017903,Bile Acids and Salts,18
glycocholic acid,C0017905,Glycocholic Acid,75
glycocyamine,C0061626,Creatine,17
glycogen,C0017911,Glycogen Storage Disease Type II,548
glycolaldehyde,C0061633,Acetaldehyde,1
glycolate,C0017948,Glycolates,47
glycolate,C0220840,"Hyperoxaluria, Primary",26
glycolic acid,C1533643,Glycolates,14
"glycoprotein hormones, alpha subunit",C0017963,"Glycoprotein Hormones, alpha Subunit",224
glycopyrrolate,C0017970,Glycopyrrolate,118
glycopyrronium,C3814772,Glycopyrrolate,17
glycoside,C0007158,Digoxin,43
glycoside,C0017977,Glycosides,102
glycylglutamine,C0061735,Dipeptides,2
glycylglycine,C0017984,Pregnancy,5
glycyrrhetinic acid,C0017986,China,26
glycyrrhiza glabra,C2756786,Glycyrrhiza,38
glycyrrhizic acid,C0061751,Glycyrrhizic Acid,23
glyoxylic acid,C0061762,Acetylcholinesterase,4
glyphosate,C0061764,Glyphosate,94
goat milk,C2722038,Goats,97
gold,C0018026,Pregnancy,807
gold sodium thiosulfate,C0037512,"Dermatitis, Allergic Contact",2
goldenseal,C0939803,Blood Pressure,1
golimumab,C2353893,"Antibodies, Monoclonal",35
golodirsen,C5222004,Dystrophin,2
gonadorelin,C0023610,Gonadotropin-Releasing Hormone,5323
gonadorelin,C3146229,Gonadotropin-Releasing Hormone,2686
gonadorelin,C4520794,Gonadotropin-Releasing Hormone,31
gondoic acid,C2348390,Fatty Acids,4
gondoic acid,C2348871,Ascorbic Acid,2
goose,C2725897,Eggs,3
goserelin,C0120107,Goserelin,127
goserelin 10.8 MG,C1171073,Body Height,1
granisetron,C0061863,Granisetron,107
grape,C0795617,Fruit,38
grape seed extract,C0772454,Grape Seed Extract,9
grape seed oil,C0458160,Plant Oils,2
grapefruit,C0440280,Beverages,9
grapefruit,C2740624,Beverages,9
grapefruit,C3256843,Beverages,9
graphene oxide,C4742567,Graphite,5
graphite,C0302933,Lead,243
grazoprevir,C4080053,Amides,2
green tea extract,C1704263,Tea,78
green tea leaf,C0937627,Tea,2
gremubamab,C5139896,"Antibodies, Monoclonal",1
grepafloxacin,C0287721,Anti-Infective Agents,3
griseofulvin,C0018242,Griseofulvin,133
grn163l,C4282299,Alanine Transaminase,1
gs-441524,C5435216,COVID-19,5
guacetisal,C0120436,Aspirin,1
guadecitabine,C3899005,Adrenal Gland Neoplasms,1
guaiac,C0018302,Occult Blood,19
guaiacol,C0018304,Peroxidases,8
guaiazulene,C0061932,Azulenes,2
guaifenesin,C0018305,Guaifenesin,13
guanabenz,C0018312,Blood Pressure,2
guanethidine,C0018318,Guanethidine,9
guanfacine,C0079466,Attention Deficit Disorder with Hyperactivity,103
guanidine,C0018320,Guanidines,214
guanidine,C0120446,Guanidines,214
guanosine,C0018330,Cyclic GMP,133
guar gum,C0061996,Dietary Fiber,15
guselkumab,C3852217,Treatment Outcome,3
hIVIG,C0249692,"Immunoglobulins, Intravenous",20
hadacidin,C0062077,"Abnormalities, Drug-Induced",2
haemate P,C0731320,von Willebrand Diseases,9
halcinonide,C0018513,Pregnenediones,15
halobetasol,C0082787,"Administration, Topical",1
halofantrine,C0120726,Antimalarials,69
halofuginone,C0062095,Collagen Type I,2
halometasone,C0062097,Betamethasone,6
haloperidol,C0018546,Haloperidol,370
haloprogin,C0062106,Phenyl Ethers,2
halothane,C0018549,Halothane,848
hard fat,C2961423,"Abortion, Spontaneous",1
harmaline,C0018602,Autistic Disorder,1
harmine,C0018605,Harmine,6
hawthorn leaf with flower,C3255598,Crataegus,5
hazelnut,C2702332,Allergens,62
hedera helix leaf extract,C3255599,Antitussive Agents,4
heliox,C0062185,Oxygen,81
helium,C0018880,Helium,197
helium,C2752105,Helium,197
hematin,C0018927,Pregnancy,22
hematoporphyrin,C0018959,Hematoporphyrin Photoradiation,6
hematoxylin,C0018964,Immunohistochemistry,310
heme arginate,C0062212,Heme,14
hemin,C0018988,Hemin,35
hemoglobin,C0008721,Hemoglobins,5655
hemoglobin,C0019046,Hemoglobins,10953
hemopexin,C0019067,Hemopexin,53
hemopexin,C5441709,Hemopexin,53
hemoporfin,C1530433,Photochemotherapy,16
hemp seed oil,C4489800,Cannabis,2
heparan sulfate,C0019143,Heparitin Sulfate,222
heparin,C0019134,Heparin,2335
heparin,C0770546,Heparin,2335
heparinoids,C0019142,Heparin,19
hepatitis b immune globulin,C0062525,Hepatitis B,779
hepatitis b vaccine (recombinant),C1445761,Hepatitis B Vaccines,281
hepes,C2825385,Pregnancy,24
heptaminol,C0019223,Adenosine Monophosphate,1
heptanoic acid,C0443770,"Fatty Acids, Volatile",2
herring,C2740631,Fishes,14
hesperetin,C0062585,Flavonoids,8
hesperidin,C0019392,Pregnancy,6
hetastarch,C0020352,Hydroxyethyl Starch Derivatives,188
hexabromobenzene,C0062598,Flame Retardants,12
hexabromocyclododecane,C0289463,Flame Retardants,98
hexachlorophene,C0019435,Hexachlorophene,41
hexadecanal,C0062615,Case-Control Studies,2
hexafluorenium,C0062619,Cholinesterase Inhibitors,1
hexamethonium,C0062637,"Adenoviruses, Human",27
hexamidine,C0062648,Benzamidines,3
hexaminolevulinate,C1327841,Aminolevulinic Acid,8
hexane,C0019460,Hexanes,50
hexane,C0068008,Hexanes,47
hexavalent chromium,C0168430,Chromium,63
hexestrol,C0019467,Pregnancy,10
hexetidine,C0019468,Hexetidine,5
hexobarbital,C0019469,Pregnancy,15
hexobendine,C0019471,Ammonium Chloride,1
hexoprenaline,C0019476,Pregnancy,98
hexylresorcinol,C0019497,Anthelmintics,1
hidrosmin,C0121780,Capsules,1
hippurate,C0220849,Hippurates,33
hippuric acid,C0062725,Hippurates,37
hippuric acid,C0885414,Hippurates,37
hirudin,C0019573,Hirudins,9
histaglobulin,C0062738,Hypersensitivity,2
histamine,C0019588,Histamine,635
histidine,C0019602,Amino Acids,317
histrelin,C0121902,Gonadotropin-Releasing Hormone,26
hiv integrase inhibitor,C4761646,HIV Infections,59
homatropine,C0062922,Tropanes,8
homatropine methylbromide,C0062923,Tropanes,2
homidium,C0015008,Ethidium,8
homocysteine,C0019878,Homocysteine,3860
homogentisic acid,C0019881,Alkaptonuria,28
homosalate,C0304631,4-Aminobenzoic Acid,1
honey,C0939937,Honey,156
honey bee venom,C0440459,Insect Bites and Stings,4
hopantenic acid,C0122245,Pantothenic Acid,8
horse chestnut,C0994438,Allergens,1
horseradish,C0939835,Pregnancy,6
horseradish,C2728180,Pregnancy,6
house dust,C0981911,Dust,565
huanglian,C1530482,"Drugs, Chinese Herbal",5
human botulinum neurotoxin a/b immune globulin,C1589331,Botulism,3
human cytomegalovirus immune globulin,C4281720,Cytomegalovirus Infections,152
human immunoglobulin g,C2702333,Immunoglobulin G,355
human immunoglobulin g,C3467713,Immunoglobulin G,28
human interferon beta,C0751599,Interferon-beta,240
human interferon omega-1,C4281722,Amniotic Fluid,2
"human papillomavirus vaccine, L1 type 16, 18",C1721788,Ambulatory Care Facilities,1
human rho(d) immune globulin,C4082558,Rho(D) Immune Globulin,764
human thrombin,C2369149,Thrombin,20
human vaccinia virus immune globulin,C0301513,Pregnancy,10
human varicella-zoster immune globulin,C1372952,Immune Sera,6
humate-p,C0086428,von Willebrand Diseases,13
hyaluronic acid,C0020196,Hyaluronic Acid,725
hyaluronidase,C0020197,Hyaluronoglucosaminidase,143
hyaluronidase,C1615665,Hyaluronoglucosaminidase,143
hyaluronidase (human recombinant),C1720035,Hyaluronoglucosaminidase,12
hycanthone,C0020207,Hycanthone,14
hydantoin,C0020208,Pregnancy,102
hydantoin,C4048226,Pregnancy,102
hydracrylic acid,C0063055,"Amino Acid Metabolism, Inborn Errors",10
hydralazine,C0020223,Pregnancy,290
hydrochlorothiazide,C0020261,Hydrochlorothiazide,138
hydrocodone,C0020264,"Analgesics, Opioid",101
hydrocodone bitartrate,C0546868,"Analgesics, Opioid",4
hydrocortisone,C0020268,Hydrocortisone,10319
hydrocortisone aceponate,C0082944,"Administration, Topical",1
hydrocortisone acetate,C0063077,Hydrocortisone,10
hydrocortisone butyrate,C0352536,Hydrocortisone,15
hydrocortisone cypionate,C0612688,"Adrenal Hyperplasia, Congenital",1
hydrocortisone succinate,C0056387,Hydrocortisone,18
hydrocortisone valerate,C0063079,"Administration, Topical",1
hydroflumethiazide,C0020273,Aldosterone,1
hydrofluoric acid,C0020274,Hydrofluoric Acid,29
hydrofluoric acid,C1171557,Hydrofluoric Acid,29
hydrogen cyanide,C0020270,Hydrogen Cyanide,23
hydrogen iodide,C0063090,"3,4-Dihydroxyphenylacetic Acid",1
hydrogen peroxide,C0020281,Hydrogen Peroxide,508
hydrogenated soybean oil,C1509841,Dietary Fats,3
hydromorphone,C0012306,"Analgesics, Opioid",149
hydroquinidine,C0063103,Quinidine,9
hydroquinine,C4316850,Antimalarials,1
hydroquinone,C0020306,Hydroquinones,31
hydroxocobalamin,C0020316,Hydroxocobalamin,92
hydroxyamphetamine,C0030140,Methamphetamine,6
hydroxychloroquine,C0020336,Hydroxychloroquine,477
hydroxyestrones,C0020350,Hydroxyestrones,52
hydroxyethyl cellulose,C0063131,Pregnancy,9
hydroxyethyl starch 130-0.4,C3495434,Hydroxyethyl Starch Derivatives,18
hydroxyprogesterone,C0020387,Hydroxyprogesterones,1050
hydroxyprogesterone caproate,C0044971,Pregnancy,217
hydroxyproline,C0020388,Hydroxyproline,456
hydroxypropyl betadex,C0046237,2-Hydroxypropyl-beta-cyclodextrin,21
hydroxypropyl cellulose,C4281713,"Administration, Cutaneous",2
hydroxytyrosol,C0243264,Oxidative Stress,6
hydroxyurea,C0020402,Hydroxyurea,826
hydroxyzine,C0020404,Hydroxyzine,154
hymecromone,C0020411,Hymecromone,77
hyodeoxycholic acid,C0063208,Bile Acids and Salts,6
hyoscyamine,C0596004,Atropine,3
hyperforin,C0063217,Hypericum,6
hypericin,C0063220,Hypericum,3
hyperoncotic albumin,C0063222,Albumins,5
hypertonic solution,C0020554,Hypertonic Solutions,131
hypotonic solution,C0020677,Hypotonic Solutions,109
hypoxanthine,C0020684,Hypoxanthine,189
hypromellose,C0063242,2-Hydroxypropyl-beta-cyclodextrin,16
ibalizumab,C1434792,Anti-Retroviral Agents,1
ibandronate,C0379199,Diphosphonates,8
ibopamine,C0123043,Deoxyepinephrine,3
ibrexafungerp,C5206403,Acute Disease,1
ibritumomab tiuxetan,C0877880,Antineoplastic Combined Chemotherapy Protocols,3
ibrutinib,C3501358,Piperidines,5
ibuprofen,C0020740,Ibuprofen,1216
ibuprofen lysine,C0074814,Ibuprofen,19
ibutamoren,C3273440,"Dwarfism, Pituitary",1
ibutilide,C0082966,Anti-Arrhythmia Agents,9
icaridin,C1437018,Cambodia,1
icatibant,C0246269,"Angioedemas, Hereditary",17
ichthammol,C0020752,Acute Disease,1
icodextrin,C0538727,Icodextrin,15
icosapent,C0000545,Pregnancy,824
icosapent ethyl,C0058978,Apolipoproteins E,2
icotinib,C2604307,Acrylamides,1
idarubicin,C0020789,Antineoplastic Combined Chemotherapy Protocols,294
idarucizumab,C3885063,Time Factors,2
idasanutlin,C4086509,"Cell Line, Tumor",1
idazoxan,C0063327,Adrenergic alpha-Antagonists,2
idebenone,C0123163,Ubiquinone,38
idelalisib,C2698692,Antineoplastic Agents,1
idoxuridine,C0020811,"Substance Abuse, Intravenous",131
idoxuridine,C0717860,Idoxuridine,46
idraparinux,C1433124,Atrial Fibrillation,1
idursulfase,C1429223,Mucopolysaccharidosis II,115
idursulfase,C1739462,Mucopolysaccharidosis II,62
idursulfase beta,C4542170,Enzyme Replacement Therapy,6
ifenprodil,C0063340,Piperidines,4
ifosfamide,C0020823,Ifosfamide,1010
ilepcimide,C0284581,Piperidines,3
illicit drug,C0086190,Substance-Related Disorders,1420
iloperidone,C0247194,Antipsychotic Agents,2
iloprost,C0079594,Iloprost,104
imatinib,C0935989,Imatinib Mesylate,489
imazalil,C0063371,Food Contamination,5
imazapyr,C0172218,Alcoholism,1
imdevimab,C5422689,"Antibodies, Monoclonal, Humanized",16
imetelstat,C2746063,Telomerase,5
imgn632,C4684978,"Antineoplastic Agents, Immunological",2
imidacloprid,C0218499,Neonicotinoids,44
imidapril,C0165703,Adrenergic beta-Antagonists,2
imidazole,C0020923,Imidazoles,18
imidazole,C0020924,Imidazoles,640
imidazole salicylate,C0063384,Imidazoles,2
imidurea,C0982210,Cosmetics,1
imiglucerase,C0291140,Gaucher Disease,79
imipenem,C0020933,Imipenem,253
imipramine,C0020934,Imipramine,265
imiquimod,C0165032,Imiquimod,137
imiquimod 50 mg in 1 g TOPICAL CREAM,C0977735,Imiquimod,63
immunomodulator,C0001551,"Chemotherapy, Adjuvant",2843
immunomodulator,C1527392,Crohn Disease,163
inactivated sars-cov-2 vaccine,C5416836,COVID-19 Vaccines,48
inclisiran,C4307388,"Cholesterol, LDL",3
indacaterol,C1722260,Asthma,7
indanazoline,C0063449,Acoustics,1
indapamide,C0021186,Case-Control Studies,1
indian frankincense,C0873038,Boswellia,3
indicine-N-oxide,C0063465,"Antineoplastic Agents, Phytogenic",7
indigo,C0021218,"Leukemia, Promyelocytic, Acute",8
indigotindisulfonate,C1116570,Air Conditioning,1
indinavir,C0376637,HIV Infections,101
indirubin,C0063469,"Administration, Cutaneous",1
indisulam,C1099211,"Cell Line, Tumor",1
indium,C0885444,Radionuclide Imaging,103
indium in-111 oxyquinoline,C1725176,Radionuclide Imaging,3
indium in-111 pentetreotide,C0379955,Somatostatin,13
indobufen,C0063479,Arteriosclerosis,1
indocyanine green,C0021234,Indocyanine Green,183
indole,C0021236,Indoles,20
indole-3-carbinol,C0063491,Indoles,6
indoleacetic acid,C0936060,Hydroxyindoleacetic Acid,23
indolepropionic acid,C0063507,"Chromatography, High Pressure Liquid",3
indomethacin,C0021246,Indomethacin,1905
indoprofen,C0021251,Indoprofen,6
indoramin,C0021252,Indoramin,6
indoxacarb,C0910431,Food Contamination,2
indoximod,C4045546,Brain Neoplasms,1
indoxyl sulfate,C0021210,Pregnancy,42
infigratinib,C3254591,#,2
infliximab,C0666743,Infliximab,1161
influenza virus type b,C1291843,"Influenza, Human",12
ingavirin,C2714699,Algorithms,2
inolimomab,C0905677,Acute Disease,3
inosine,C0021528,Nitric Oxide,529
inosine pranobex,C0022230,Inosine Pranobex,66
inosinic acid,C0021544,Hypoxanthines,2
inositol,C0021547,Inositol,513
inotuzumab ozogamicin,C1567130,Inotuzumab Ozogamicin,36
insect repellent,C0021572,Insect Repellents,62
insulin aspart,C0123677,Hypoglycemic Agents,117
insulin aspart,C1708521,Hypoglycemic Agents,110
insulin beef,C0304866,Insulin,27
insulin degludec,C3491971,"Diabetes Mellitus, Type 1",25
insulin detemir,C0537270,Insulin Detemir,62
insulin glargine,C0907402,Hypoglycemic Agents,139
insulin glulisine,C1313386,Insulin,8
insulin human,C0795635,Insulin,16687
insulin human,C4721874,Insulin,255
insulin isophane,C0021658,"Diabetes Mellitus, Type 1",90
insulin isophane,C0795633,Insulin,5
insulin lispro,C0293359,Insulin,132
"insulin, regular, human",C0795635,Insulin,16687
insulin-like growth factor 2,C0021666,Insulin-Like Growth Factor II,743
insulin-like growth factor 2,C1569730,Insulin-Like Growth Factor II,743
integrase inhibitor,C0376601,HIV Infections,129
interferon alfa,C0002199,Interferon-alpha,1334
interferon alfa,C0699817,Interferon-alpha,37
interferon alfa,C0751598,Interferon-alpha,182
interferon alfa,C2825023,Interferon-alpha,176
interferon alfa-1b,C1831728,Anal Canal,1
interferon alfa-2a,C0021734,Interferon-alpha,68
interferon alfa-2b,C0021735,Interferon alpha-2,93
interferon alfa-2b,C5552625,Interferon alpha-2,42
interferon alfa-2c,C0086477,Interferon Type I,2
interferon beta-1a,C0254119,Interferon beta-1a,67
interferon beta-1a,C0982234,Interferon beta-1a,67
interferon beta-1b,C0244713,Interferon beta-1b,27
interferon gamma,C2757040,Interferon-gamma,378
interferon gamma-1b,C0021741,Interferon-gamma,4
interferon kappa,C1099168,Autoantibodies,1
interferon-alpha 8,C0172511,Acute Disease,1
interferon-beta,C0015980,Interferon-beta,240
interleukin-1 alpha,C0600251,Interleukin-1,104
interleukin-1 alpha,C1702299,Cytokines,246
"interleukin-1, beta",C0021753,Interleukin-1beta,1007
interleukin-11,C0083031,Interleukin-11,69
interleukin-11,C0537670,Interleukin-11,69
interleukin-11,C1699803,Interleukin-11,69
interleukin-12,C0123759,Cytokines,862
interleukin-3,C0021757,Interleukin-3,167
interleukin-3,C1527130,Interleukin-3,167
interleukin-3,C1701061,Interleukin-3,167
interleukin-4,C1522540,Interleukin-4,1445
interleukin-5,C1702088,Cytokines,864
interleukin-6,C1527132,Interleukin-6,6093
interleukin-6,C1698754,Interleukin-6,6093
interleukin-7,C0021761,Cytokines,150
interleukin-7,C1699239,Cytokines,149
interleukin-8,C1527432,Interleukin-8,2240
interleukin-8,C1698756,Interleukin-8,2240
intravenous fat emulsion,C0015667,"Fat Emulsions, Intravenous",794
intravenous heparin,C0354566,Heparin,94
inulin,C0021936,Glomerular Filtration Rate,321
invert sugar,C0063739,Glucose,4
iobitridol,C0296806,Contrast Media,9
iodamide,C0021961,Contrast Media,3
iodine,C0021968,Iodine,4263
iodine,C0885449,Iodine,4263
iodine i-125,C0796396,Iodine Radioisotopes,43
iodipamide,C0021971,Cholangiography,5
iodixanol,C0063757,Contrast Media,11
iodobenzene,C0063768,Gestational Age,2
iodoform,C0063779,"Hydrocarbons, Iodinated",15
iodoform,C0885450,"Hydrocarbons, Iodinated",15
iodohippuric acid,C0021983,Iodohippuric Acid,61
iodophors,C0021988,Iodophors,20
ioglycamic acid,C0022003,Ioglycamic Acid,6
iohexol,C0022005,Iohexol,221
iomazenil,C0073480,Flumazenil,9
iomeprol,C0063810,Contrast Media,6
iopamidol,C0022026,Iopamidol,78
iopanoic acid,C0022028,Iopanoic Acid,13
iopentol,C0063815,Contrast Media,7
iophendylate,C0022029,Metrizamide,4
iopromide,C0063817,Contrast Media,20
iota-carrageenan,C0022030,Antiviral Agents,2
iothalamate,C0022032,Glomerular Filtration Rate,50
iothalamate meglumine,C0022033,Iothalamate Meglumine,23
iothalamic acid,C0022034,Iothalamic Acid,66
iotrolan,C0123865,Contrast Media,3
ioxaglate,C0022038,Ioxaglic Acid,10
ioxaglic acid,C0022041,Ioxaglic Acid,18
ipecac,C0022046,Ipecac,64
ipilimumab,C1367202,Melanoma,20
ipodate,C0022049,Ipodate,9
ipratropium,C0027235,Ipratropium,202
iprodione,C0123904,Food Contamination,7
iproniazid,C0022059,Blood Chemical Analysis,2
iproplatin,C0057856,Organoplatinum Compounds,5
irbesartan,C0288171,Irbesartan,19
irinotecan,C0123931,Irinotecan,224
irofulven,C0532362,Neoplasms,2
iron,C0302583,Iron,8828
iron,C1166521,Iron,8828
iron,C3714701,Iron,8828
iron carbonyl,C0063862,Iron,5
iron carbonyl,C0876769,Iron,5
iron dextran,C0022092,Iron-Dextran Complex,74
iron isomaltoside 1000,C2947549,Pregnancy,7
iron polymaltose,C0076040,Ferric Compounds,42
iron protein succinylate,C0063865,Metalloproteins,6
iron sorbitex,C0063866,Pregnancy,4
iron sucrose,C0060241,"Ferric Oxide, Saccharated",76
isatin,C0022115,Amniotic Fluid,2
isatuximab,C4330502,"Antibodies, Monoclonal",1
isavuconazole,C1832021,Antifungal Agents,14
iseganan,C1142932,Antimicrobial Cationic Peptides,2
isepamicin,C0124008,Anti-Bacterial Agents,4
islatravir,C5242460,Contraception,1
isoamyl alcohol,C0064032,"Chromatography, High Pressure Liquid",3
isobutyl nitrite,C0063927,Nitrites,3
isobutylparaben,C1174115,Cosmetics,2
isobutyramide,C0063935,Amides,2
isobutyric acid,C0063936,Pregnancy,13
isobutyronitrile,C0063937,Cohort Studies,2
isocaproic acid,C0063942,Biomarkers,2
isocarboxazid,C0022154,Isocarboxazid,2
isoconazole,C0063953,Antifungal Agents,3
isoetharine,C0022176,Isoetharine,16
isoeugenol,C0063964,Acrolein,1
isoflavone,C0022179,Isoflavones,242
isoflupredone,C0050236,"Administration, Topical",1
isoflurane,C0022180,Isoflurane,575
isoflurophate,C0022181,Deferiprone,25
isoleucine,C0022192,Amino Acids,389
isoluminol,C0063997,Luminescent Measurements,3
isomalt,C0283192,Sugar Alcohols,5
isometheptene,C0064007,Cerebral Angiography,1
isoniazid,C0022209,Isoniazid,1029
isonicotinic acid,C0022210,Acetylation,1
isopentane,C0083072,Volatile Organic Compounds,2
isopentenyl pyrophosphate,C0064030,Hemiterpenes,5
isoprenaline,C0022245,Isoproterenol,280
isopropyl alcohol,C0022237,2-Propanol,72
isopropyl myristate,C0064056,Food,2
isopropyl nitrate,C0443401,Cyanosis,2
isoquercitrin,C3891959,Asthma,1
isoquinoline,C0022248,Isoquinolines,269
isoquinoline,C0244485,Age Factors,1
isorhamnetin,C0047611,Asthma,1
isosorbide,C0022251,Isosorbide,10
isosorbide dinitrate,C0022252,Isosorbide Dinitrate,104
isosorbide mononitrate,C0064079,Pregnancy,60
isosulfan blue,C0063908,Rosaniline Dyes,4
isotretinoin,C0022265,Isotretinoin,488
isovaleric acid,C0064094,Pentanoic Acids,14
isoxsuprine,C0022267,Pregnancy,115
ispinesib,C1701752,Benzamides,1
isradipine,C0071304,Isradipine,33
istradefylline,C0673470,Adenosine A2 Receptor Antagonists,1
itopride,C0531483,Antiemetics,1
itraconazole,C0064113,Antifungal Agents,480
itraconazole Oral Solution,C1252992,Antifungal Agents,15
ivabradine,C0257190,Ivabradine,25
ivacaftor,C3264621,Cystic Fibrosis,245
ivermectin,C0022322,Ivermectin,496
ivosidenib,C4682397,"Administration, Oral",1
ixabepilone,C1135132,Epothilones,4
ixekizumab,C3489764,"Antibodies, Monoclonal, Humanized",11
janssen covid-19 vaccine,C5575181,COVID-19 Vaccines,8
japanese encephalitis virus strain sa 14-14-2 antigen (formaldehyde inactivated),C3474322,Asia,1
jojoba oil,C0064161,Aromatherapy,3
josamycin,C0022419,Anti-Bacterial Agents,30
josamycin propionate,C0064165,Bacterial Infections,1
juniper tar,C0022432,"Amputation, Surgical",1
kallidinogenase,C0022478,Kallikreins,195
kanamycin,C0022487,Kanamycin,159
kanamycin A,C0022489,Amikacin,2
kaolin,C0022499,Pregnancy,69
kerosene,C0022611,Kerosene,101
kerosene,C0885495,Kerosene,101
ketamine,C0022614,Ketamine,1382
ketanserin,C0022616,Ketanserin,40
ketobemidone,C0064311,"Analgesics, Opioid",16
ketocaine,C0064312,"Anesthesia, Obstetrical",6
ketoconazole,C0022625,Ketoconazole,361
ketoprofen,C0022635,Ketoprofen,113
ketorolac,C0073631,Ketorolac,200
ketorolac tromethamine,C0064326,Ketorolac Tromethamine,53
ketotifen,C0022642,Ketotifen,162
keyhole limpet hemocyanin,C0064332,Hemocyanins,52
kidney bean,C2726174,Amino Acids,1
kidney bean,C2911981,Amino Acids,1
kisspeptin-10,C1721258,Kisspeptins,6
kitasamycin,C0022723,"Administration, Oral",1
kiwi fruit,C2728190,Food Hypersensitivity,6
kiwi fruit,C3257525,Food Hypersensitivity,21
kresoxim-methyl,C1172662,California,4
krill oil,C2725341,Euphausiacea,7
kynurenic acid,C0022816,Kynurenine,82
kynurenine,C0022818,Kynurenine,251
l-arabinose,C0003682,Arabinose,11
l-glutamine,C0017797,Glutamine,795
l-homoarginine,C4068474,Alkaline Phosphatase,20
l-lactic acid,C3537171,Lactic Acid,17
l-tartaric acid,C1289966,Acid Phosphatase,3
labetalol,C0022860,Pregnancy,403
lacidipine,C0064568,Cyclosporine,3
lacosamide,C0893761,Anticonvulsants,148
lactate,C0022924,Lactic Acid,2101
lactate,C0376261,Lactic Acid,1938
lactic acid,C0064582,Lactic Acid,2537
lactitol,C0064585,Sugar Alcohols,6
lactobacillus acidophilus,C0304547,Probiotics,174
lactobionic acid,C0064598,"Anemia, Hypochromic",1
lactoferrin,C0022942,Lactoferrin,731
lactoferrin,C1435815,Lactoferrin,731
lactose,C0022949,Lactose,836
lactose,C1260222,Lactose,836
lactuca sativa whole,C4735001,Lactuca,6
lactulose,C0022957,Lactulose,405
lambdacyhalothrin,C4742237,Insecticides,19
lamivudine,C0209738,HIV Infections,990
lamotrigine,C0064636,Anticonvulsants,1062
lanadelumab,C4505508,"Antibodies, Monoclonal, Humanized",4
lanatoside c,C0063986,Lanatosides,2
landiolol,C0905464,Urea,25
laninamivir,C2931958,"Influenza, Human",37
laninamivir octanoate,C3530114,Antiviral Agents,8
lanolin,C0023024,Lanolin,27
lanolin alcohols,C0982245,Bangladesh,2
lanosterol,C0023025,Cholesterol,28
lanreotide,C0209211,Somatostatin,17
lansoprazole,C0050940,Lansoprazole,107
lanthanum,C0023031,Pregnancy,26
lanthanum carbonate,C0768119,Lanthanum,3
lapatinib,C1506770,Lapatinib,16
laquinimod,C1260208,"Administration, Oral",2
larazotide,C2825587,#,1
laronidase,C1302054,Mucopolysaccharidosis I,42
laropiprant,C1956497,Heterozygote,1
larotrectinib,C4524315,Pyrazoles,24
lasmiditan,C4519199,Benzamides,1
lasofoxifene,C0963839,Area Under Curve,1
latamoxef,C0026651,Moxalactam,149
latanoprost,C0090306,Latanoprost,41
latanoprostene bunod,C4279599,Choroid,1
latex,C0023115,Latex Fixation Tests,401
lauric acid,C0023139,"Leukemia, Myelogenous, Chronic, BCR-ABL Positive",1549
lauryl glucoside,C1615089,"Administration, Intravaginal",1
lavender oil,C0064694,Lavandula,35
lawsone,C0064698,Phenylenediamines,20
lc16m8,C4305807,Vaccinia virus,5
lead,C0023175,Pregnancy,9619
lead,C1442948,Pregnancy,9475
lebrikizumab,C2981360,"Antibodies, Monoclonal",3
lecanemab,C5242453,Alzheimer Disease,2
lecithin,C0031617,Pregnancy,1218
lecithin,C0885520,Pregnancy,1207
"lecithin, soybean",C0872912,Phospholipids,6
ledipasvir,C3851350,Antiviral Agents,37
leflunomide,C0063041,Leflunomide,76
lemborexant,C4519269,Pyridines,3
lemon,C0939864,Pregnancy,21
lemon,C2741542,Pregnancy,17
lenalidomide,C1144149,Lenalidomide,37
leniolisib,C4547202,Class I Phosphatidylinositol 3-Kinases,4
lenograstim,C0218640,Granulocyte Colony-Stimulating Factor,55
lenomorelin,C4722442,Ghrelin,850
lentil,C2740637,Fabaceae,17
lentil,C3282507,Lens Plant,24
lenvatinib,C2986924,"Carcinoma, Hepatocellular",30
lepirudin,C0772394,Recombinant Proteins,24
leptin,C0299583,Leptin,4055
leptin,C4742979,Leptin,4055
lercanidipine,C0526399,Calcium Channel Blockers,2
lergotrile mesylate,C0023369,Prolactin,4
lestaurtinib,C1541677,Carbazoles,3
letermovir,C3852938,Cytomegalovirus Infections,26
letosteine,C0064777,Acute Disease,1
letrozole,C0246421,Letrozole,463
lettuce,C2740640,Vegetables,41
leucine,C0023401,Leucine,747
leucovorin,C0023413,Leucovorin,728
leukinferon,C0064827,Drug Combinations,3
leukocyte interleukin,C5770862,ADP-ribosyl Cyclase 1,1
leukotriene antagonist,C0595726,Leukotriene Antagonists,284
leukotriene b4,C0023546,Leukotriene B4,181
leukotriene c4,C0023542,Leukotriene C4,46
leukotriene d4,C0023544,Leukotriene D4,20
leupeptin,C0064858,Pregnancy,5
leuprolide,C0085272,Leuprolide,821
levacetylmethadol,C3536876,Methadyl Acetate,8
levalbuterol,C0772501,Albuterol,31
levallorphan,C0023554,Levallorphan,4
levamisole,C0023556,Levamisole,229
levetiracetam,C0377265,Anticonvulsants,940
levobetaxolol,C1171274,Adrenergic beta-Antagonists,1
levobunolol,C0006388,Intraocular Pressure,4
levobupivacaine,C0873118,"Anesthetics, Local",285
levocabastine,C0064870,Piperidines,25
levocetirizine,C1174893,Cetirizine,29
levocetirizine dihydrochloride,C1321643,"Administration, Oral",2
levodopa,C0023570,Levodopa,600
levodropropizine,C0125654,#,2
levoleucovorin,C2721771,Methotrexate,105
levomefolate,C2939773,Folic Acid,15
levomefolic acid,C2825462,Dietary Supplements,8
levomenol,C0053774,"Dermatitis, Atopic",4
levomenthol,C0771655,Breast Feeding,2
levomethadone,C0772241,"Analgesics, Opioid",1
levomilnacipran,C3541367,Antidepressive Agents,2
levonordefrin,C0520472,Analysis of Variance,1
levonorgestrel,C0023566,Levonorgestrel,2410
levonorgestrel Intrauterine System,C4293596,Levonorgestrel,173
levorphanol,C0023586,Dextromethorphan,9
levosimendan,C0246904,Simendan,66
levosulpiride,C0210380,Pregnancy,3
levothyroxine,C0040165,Thyroxine,6785
levothyroxine,C1881373,Thyroxine,1132
lexatumumab,C1721684,"Antibodies, Monoclonal",1
licorice,C0086555,Glycyrrhiza,38
licorice,C0770612,Pregnancy,18
licorice,C2728191,Pregnancy,18
lidaprim,C0064962,Drug Combinations,3
lidocaine,C0023660,Lidocaine,1907
lidoflazine,C0023665,Calcium,1
lifitegrast,C3713860,Contraceptive Agents,1
ligelizumab,C4041919,Anti-Allergic Agents,2
light mineral oil,C0727050,Extracorporeal Membrane Oxygenation,1
lima bean,C2722054,"Administration, Oral",1
linaclotide,C2000261,Constipation,4
linagliptin,C2746078,"Diabetes Mellitus, Type 2",5
linalool,C0064997,Allergens,3
linalyl acetate,C0167964,Acyclic Monoterpenes,2
lincomycin,C0023726,Lacosamide,60
lindane,C0005038,"Hydrocarbons, Chlorinated",320
linezolid,C0663241,Linezolid,215
linoleate,C0125894,Fatty Acids,69
linoleate,C0220871,Fatty Acids,69
linoleic acid,C0023749,Fatty Acids,641
"linoleic acids, conjugated",C1257880,"Linoleic Acids, Conjugated",92
linolenate,C0125901,Fatty Acids,16
linseed oil,C0023754,Diet,40
linsitinib,C2987649,Carcinogenesis,1
linzagolix,C5235403,Amenorrhea,1
liothyronine,C0041014,Triiodothyronine,2988
lipase,C0023764,Lipase,782
lipegfilgrastim,C3640212,Bone Neoplasms,1
lipoic acid,C0023791,Thioctic Acid,80
liposomal amphotericin,C1145701,Amphotericin B,404
liposomal cytarabine,C0795597,Cytarabine,18
liposomal doxorubicin,C0717726,Doxorubicin,28
liposyn II,C0083229,Emulsions,2
liquefied petroleum gas,C0303763,Cooking,112
liraglutide,C1456408,Liraglutide,45
lirentelimab,C5446305,Asthma,1
lisdexamfetamine,C1873633,Attention Deficit Disorder with Hyperactivity,36
lisinopril,C0065374,Lisinopril,33
lisofylline,C0243902,Pentoxifylline,5
lisuride,C0023863,Lisuride,32
lithium,C0023870,Lithium,516
lithium,C3540800,Lithium,516
lithium carbonate,C0085217,Lithium Carbonate,145
lithium cation,C3495095,Erythrocytes,22
lithium chloride,C0065088,Lithium Chloride,25
lithium citrate,C0125997,Canavan Disease,3
lixisenatide,C2973895,Blood Glucose,2
ll-37,C3891304,Antimicrobial Cationic Peptides,59
lobaplatin,C0165747,Antineoplastic Agents,1
lobeline,C0023929,Breech Presentation,2
lobster,C2702370,Seafood,5
lodoxamide,C0126120,"Conjunctivitis, Allergic",17
lofexidine,C0065152,Clonidine,4
lolium perenne pollen,C1165733,Immunoglobulin E,16
lolium perenne pollen,C2684346,Aging,1
lomefloxacin,C0065162,Fluoroquinolones,14
lomerizine,C0630704,Cluster Headache,1
lometrexol,C0048852,Tetrahydrofolates,4
lomitapide,C2827241,Anticholesteremic Agents,17
lonafarnib,C1257385,Piperidines,9
lonapegsomatropin,C5421356,"Dwarfism, Pituitary",5
lonapegsomatropin-tcgd,C5553578,Blood Glucose,2
lonazolac,C0065166,Drug Evaluation,1
loperamide oxide,C0083256,Antidiarrheals,1
lopinavir,C0674432,HIV Infections,424
loracarbef,C0065295,Cephalosporins,14
loratadine,C0065180,Loratadine,134
lorcainide,C0065183,Benzeneacetamides,15
lorcaserin,C2350948,Anti-Obesity Agents,1
lorlatinib,C4080091,Anaplastic Lymphoma Kinase,11
lormetazepam,C0065185,Benzodiazepines,6
lornoxicam,C0055477,"Anti-Inflammatory Agents, Non-Steroidal",5
lorvotuzumab mertansine,C2987530,"Antibodies, Monoclonal",1
losartan,C0126174,Losartan,104
loteprednol,C0772364,Loteprednol Etabonate,5
loteprednol etabonate,C0126177,Loteprednol Etabonate,11
low dose oral contraceptive,C0086736,Ethinyl Estradiol,387
low-density polyethylene,C0752344,Attention Deficit Disorder with Hyperactivity,1
loxoprofen,C0065199,"Anti-Inflammatory Agents, Non-Steroidal",7
loxoribine,C0209660,"Adjuvants, Immunologic",1
lubiprostone,C1684405,Constipation,5
lucinactant,C1609686,Drug Combinations,14
lufenuron,C0287262,"Animals, Domestic",2
luliconazole,C1956280,Antifungal Agents,2
lumacaftor,C3852684,Cystic Fibrosis,77
lumasiran,C5418443,"Hyperoxaluria, Primary",9
lumateperone,C4305843,Antipsychotic Agents,1
lumefantrine,C0531104,Antimalarials,567
lumicitabine,C5139738,Antiviral Agents,2
lumiracoxib,C1176415,Cross-Over Studies,2
lupeol,C0065254,Capparaceae,1
lurasidone,C2003424,Antipsychotic Agents,22
luspatercept,C4086553,"Activin Receptors, Type II",1
lutein,C0043328,Lutein,249
luteinizing hormone,C0023607,Luteinizing Hormone,7768
luteinizing hormone,C1704298,Luteinizing Hormone,7768
luteolin,C0065264,Luteolin,6
lutetium lu 177 dotatate,C3272344,Octreotide,4
lutropin alfa,C1271607,Luteinizing Hormone,28
lycopene,C0065331,Carotenoids,268
lymecycline,C0024200,Anti-Bacterial Agents,9
"lymphocyte immune globulin, anti-thymocyte globulin",C0003442,Antilymphocyte Serum,836
lymphoglobuline,C0591747,Cytomegalovirus Infections,2
lynestrenol,C0024321,Lynestrenol,235
lypressin,C0024328,Lypressin,66
lysergic acid diethylamide,C0024334,Pregnancy,57
lysine,C0024337,Lysine,688
lysine acetylsalicylate,C0101202,Aspirin,9
lysine clonixinate,C0258708,Analgesics,2
lysophosphatidylglycerol,C0065390,Aging,1
lysozyme,C0026794,Muramidase,603
lysozyme,C0964782,Muramidase,532
lysozyme,C3541379,Muramidase,526
m-chlorophenylpiperazine,C0044170,Phthalic Acids,120
m-cresol,C0047317,Cresols,2
m-hydroxyhippuric acid,C2713967,Autism Spectrum Disorder,1
mRNA Vaccine,C5544360,COVID-19,338
mTOR Protein,C0293060,TOR Serine-Threonine Kinases,6
macadamia nut,C2728187,Nuts,2
macitentan,C2606556,"Hypertension, Pulmonary",11
mackerel,C2727860,Fishes,29
maduramicin,C0065503,Accidents,1
mafenide,C0024452,Burns,8
mafosfamide,C0065506,Bone Marrow Transplantation,26
magnesium,C0024467,Magnesium,2920
magnesium,C3540792,Magnesium,2920
magnesium,C3714621,Magnesium,2920
magnesium acetate,C0982266,Pregnancy,3
magnesium aluminum silicate,C0051515,Biopsy,1
magnesium aspartate,C0543448,Aspartic Acid,8
magnesium aspartate hydrochloride,C0004011,Magnesium,4
magnesium carbonate,C0065517,Amlodipine,2
magnesium cation,C2346927,Magnesium,89
magnesium chloride,C0024472,Magnesium Chloride,39
magnesium citrate,C0126774,Citric Acid,28
magnesium gluconate,C0126777,Gluconates,11
magnesium hydroxide,C0024476,Magnesium Hydroxide,40
magnesium lactate,C0717900,"Administration, Oral",2
magnesium orotate,C0536004,Blood Pressure,4
magnesium oxide,C0024477,Magnesium Oxide,36
magnesium phosphate,C0065527,Phosphates,13
magnesium pidolate,C0381600,Pyrrolidonecarboxylic Acid,5
magnesium stearate,C0126791,Apgar Score,2
magnesium sulfate,C0024480,Pregnancy,2145
magnesium sulfate heptahydrate,C0772046,Magnesium Sulfate,9
magnesium trisilicate,C0065533,Antacids,24
malachite green,C0065555,Rosaniline Dyes,3
malathion,C0024547,Pesticides,64
maleic acid,C0065571,"Amino Acid Metabolism, Inborn Errors",2
malic acid,C0065583,Biomarkers,3
malonaldehyde,C0024643,Malondialdehyde,1575
malonic acid,C0065591,"Metabolism, Inborn Errors",10
malpighia emarginata extract,C0718192,Echinacea,1
maltitol,C0065600,Sugar Alcohols,10
maltodextrin,C0065601,Double-Blind Method,70
maltose,C0024658,Maltose,117
maltotetraose,C0065615,Pregnancy,4
mancozeb,C0065632,Pesticides,21
mandelic acid,C0065636,Mandelic Acids,12
manf,C5815565,Autoantibodies,1
mangafodipir,C0772321,Edetic Acid,2
manganese,C0024706,Manganese,1030
manganese dioxide,C0065644,Dust,2
mango,C2728193,Diet,15
mango,C3257527,Diet,15
mannitol,C0024730,Mannitol,536
mannose,C0024742,Mannose,120
mannose 6-phosphate,C0065688,Lysosomes,11
maprotiline,C0024778,Maprotiline,9
maralixibat,C5418448,Pruritus,5
maraviroc,C1667052,Maraviroc,34
maribavir,C1508759,Antiviral Agents,9
marimastat,C0338344,Angiogenesis Inhibitors,1
maritime pine extract,C3255957,Flavonoids,3
marzeptacog alfa (activated),C5139663,Factor VIIa,1
masoprocol,C0733397,Arachidonic Acid,1
matairesinol,C0127061,Lignans,3
matrix-m,C4549501,Malaria Vaccines,14
mavoglurant,C3659218,Indoles,3
mavorixafor,C2930725,Aminoquinolines,1
mavyret,C4519577,"Administration, Oral",1
maxacalcitol,C0043872,Hemodialysis Solutions,1
mazaticol,C0065760,Anticonvulsants,1
mazindol,C0024977,Mazindol,11
meadowfoam seed oil,C1738282,"Administration, Topical",1
mebendazole,C0025023,Mebendazole,338
mebeverine,C0065832,Abdominal Pain,3
mebrofenin,C1337345,Aniline Compounds,12
mecamylamine,C0025029,Mecamylamine,9
mecarbam,C0065837,Pregnancy,4
mecasermin,C0904505,Insulin-Like Growth Factor I,315
mecasermin rinfabate,C1696547,Insulin-Like Growth Factor Binding Protein 3,11
mechlorethamine,C0025033,Mechlorethamine,347
meclizine,C0025039,Pregnancy,20
meclocycline,C0065841,Acne Vulgaris,1
meclofenamate,C1289957,Basement Membrane,1
meclofenamic acid,C0025042,Meclofenamic Acid,9
meclofenoxate,C0007710,"Animals, Suckling",2
mecobalamin,C0065844,Vitamin B 12,47
medazepam,C0025051,Anti-Anxiety Agents,5
medetomidine,C0125656,Pregnancy,4
medical air,C3536832,Air Pollutants,6702
medical cannabis,C0813973,Medical Marijuana,83
medigoxin,C0025132,Medigoxin,18
medium-chain triglycerides,C0724624,Triglycerides,371
medrogestone,C0025145,Medrogestone,8
medroxyprogesterone,C0025147,Medroxyprogesterone,574
medroxyprogesterone acetate,C0065864,Medroxyprogesterone Acetate,1324
medrysone,C0065865,Betamethasone,1
mefenamic acid,C0025152,Mefenamic Acid,45
mefloquine,C0025153,Antimalarials,395
mefruside,C0025156,Adverse Drug Reaction Reporting Systems,1
megestrol acetate,C0065879,Megestrol Acetate,108
meglumine,C0025179,Meglumine,323
meglumine antimoniate,C1096768,Meglumine Antimoniate,211
meglumine iodipamide,C0065885,Cholangiography,1
meglumine ioxitalamate,C0065888,Iothalamate Meglumine,3
meglutol,C0000402,Meglutol,50
melagatran,C0668961,Anticoagulants,4
melamine,C0065896,Triazines,112
melamine cyanurate,C0648833,"Models, Biological",1
melanoma antigen recognized by t-cells 1,C1744226,Immunohistochemistry,39
melanoma antigen recognized by t-cells 1,C3146272,Immunohistochemistry,50
melarsoprol,C0025217,"Trypanosomiasis, African",45
melatonin,C0025219,Melatonin,896
melatonin,C1527137,Melatonin,896
melengestrol acetate,C0025223,Acetates,2
melitracen,C1377670,Anthracenes,2
meloxicam,C0083381,Meloxicam,29
melperone,C0066477,Antipsychotic Agents,2
melphalan,C0025241,Melphalan,806
memantine,C0025242,Memantine,27
menadione,C0025270,Vitamin K,12
menaquinone,C0086605,Vitamin K,57
menaquinone 6,C0065935,Vitamin K,4
menaquinone 7,C0078382,Vitamin K 2,4
menatetrenone,C0065936,Vitamin K 2,10
meningococcal C conjugate vaccine,C0915344,Meningococcal Vaccines,117
meningococcal group A polysaccharide,C0065942,Vaccination,3
meningococcal group C polysaccharide,C0065944,"Polysaccharides, Bacterial",7
menotropins,C0025326,Menotropins,2298
menthol,C0025368,Menthol,94
menthone,C0065950,Air Pollutants,1
mepartricin,C0025373,"Anemia, Aplastic",1
meperidine,C0025376,Meperidine,939
mephedrone,C2932852,Methamphetamine,4
mephentermine,C0025380,Pregnancy,12
mephenytoin,C0025381,Mephenytoin,34
mephobarbital,C0025382,Mephobarbital,17
mepindolol,C0065961,Breast Feeding,2
mepivacaine,C0025384,Mepivacaine,139
mepolizumab,C0969324,"Antibodies, Monoclonal, Humanized",40
meprednisone,C0065967,"Anemia, Iron-Deficiency",1
meprobamate,C0025386,Meprobamate,19
meptazinol,C0025387,Pregnancy,23
mepyramine,C0034282,Pyrilamine,7
mequitazine,C0065972,Histamine H1 Antagonists,6
merbromin,C0025397,Merbromin,12
mercaptoethanol,C0025402,Mercaptoethanol,83
mercaptopurine,C0000618,Mercaptopurine,1105
mercuric chloride,C0025417,Mercuric Chloride,25
mercuric oxide,C0065989,Mercury Poisoning,3
mercury,C0025424,Mercury,2768
merestinib,C4287805,"Antibodies, Monoclonal",1
meropenem,C0066005,Anti-Bacterial Agents,412
mertiatide,C1366045,Chelating Agents,1
mesalamine,C0127615,Mesalamine,278
mesna,C0000294,Ifosfamide,133
mesoridazine,C0025497,Thioridazine,5
mesterolone,C0025503,Mesterolone,11
mestranol,C0025506,Mestranol,483
mesulergine,C0127649,Adenoma,1
metacycline,C0025603,Methacycline,5
metamfetamine,C0025611,Pregnancy,1412
metandienone,C0025616,Methandrostenolone,18
metaproterenol,C0029193,Metaproterenol,95
metaraminol,C0025575,Pregnancy,25
metaxalone,C0163055,Drug Overdose,2
meteneprost,C0127783,"16,16-Dimethylprostaglandin E2",17
metenkefalin,C2983984,"Enkephalin, Methionine",69
metenolone,C0025639,"Anemia, Aplastic",4
metergoline,C0025641,Pregnancy,46
metformin,C0025598,Metformin,1345
methacholine,C0600370,Asthma,849
methacrylate,C2828373,Polymethacrylic Acids,3
methadone,C0025605,Methadone,1250
methadyl acetate,C0025607,Methadyl Acetate,9
methamidophos,C0066080,Insecticides,19
methane,C0025617,Methane,117
methanol,C0001963,"Chromatography, High Pressure Liquid",259
methapyrilene,C0025625,Aminopyridines,1
methaqualone,C0025627,Methaqualone,9
metharbital,C0025629,Age Factors,1
methazolamide,C0025631,Choroidal Effusions,1
methcathinone,C0066767,Manganese,2
methenamine,C0025638,Methenamine,17
methenamine hippurate,C0066105,Methenamine,3
methenamine mandelate,C0609436,Estriol,2
methicillin,C0025643,Staphylococcal Infections,836
methidathion,C0066109,Environmental Exposure,3
methimazole,C0025644,Methimazole,375
methionine,C0025646,Retrospective Studies,4487
methionine,C0034504,Methionine,974
methionine c-11,C0252667,Methionine,28
methocarbamol,C0025659,"Pain, Postoperative",3
methohexital,C0025668,Methohexital,143
methotrexate,C0025677,Methotrexate,6672
methotrimeprazine,C0025678,Methotrimeprazine,19
methoxamine,C0025681,Methoxamine,12
methoxsalen,C0025684,Methoxsalen,45
methoxy polyethylene glycol-epoetin beta,C1328071,Erythropoietin,6
methoxyacetic acid,C0127892,Pregnancy,18
methoxychlor,C0025685,Pesticides,32
methoxyflurane,C0025688,Methoxyflurane,58
methscopolamine,C0301374,"Receptors, Muscarinic",6
methscopolamine bromide,C0141756,Clinical Trials as Topic,1
methsuximide,C0109002,Anticonvulsants,9
methyclothiazide,C0025696,Acidosis,1
methyl acetate,C0066220,Acetates,1
methyl aminolevulinate,C1134467,Aminolevulinic Acid,6
methyl bromide,C0066230,"Hydrocarbons, Brominated",11
methyl chloride,C0025698,Air Pollutants,2
methyl ethyl ketone peroxide,C0064322,"Accidents, Home",1
methyl iodide,C0066254,Pregnancy,4
methyl isocyanate,C0066256,Anti-Bacterial Agents,616
methyl nicotinate,C0066412,Biomarkers,2
methyl pyrrolidone,C0044438,Pregnancy,14
methyl salicylate,C0066282,Salicylates,3
methyl-d9-choline,C4519154,Choline,7
methylamine,C0066318,Pregnancy,17
methylated spirits,C0556607,Nigeria,6
methylazoxymethanol,C0066333,Pregnancy,18
methylcellulose,C0025729,Hematopoietic Stem Cells,51
methyldopa,C0025741,Pregnancy,413
methyldopa,C3540782,Pregnancy,335
methylene blue,C0025746,Methylene Blue,212
methylene chloride,C0025748,Pregnancy,43
methylene iodide,C0066353,Carbon Monoxide,1
methylenedioxyethamphetamine,C0047006,"Depressive Disorder, Major",48
methylergometrine,C0025760,Pregnancy,138
methylethyl ketone,C0066367,Butanones,21
methylmalonic acid,C0025787,Methylmalonic Acid,755
methylmercury,C0025794,Methylmercury Compounds,1152
methylmercury chloride,C0066402,Methylmercury Compounds,12
methylmethacrylate,C0066409,Methylmethacrylate,14
methylnaltrexone,C0066411,"Analgesics, Opioid",10
methylone,C0910385,Poison Control Centers,2
methylparaben,C0066415,Parabens,169
methylphenidate Transdermal System,C4276349,Methylphenidate,22
methylprednisolone,C0025815,Methylprednisolone,2441
methylprednisolone aceponate,C0174938,Anti-Inflammatory Agents,7
methylprednisolone hemisuccinate,C0025819,Methylprednisolone Hemisuccinate,66
methylprednisone,C4519262,Methylprednisolone,22
methyltestosterone,C0025826,Methyltestosterone,29
methylthioinosine,C0025828,Mercaptopurine,8
methylthiouracil,C0025830,Methylthiouracil,3
methylxanthines,C0066447,"Infant, Premature",95
methyprylon,C0025840,Piperidones,2
methysergide,C0025842,Methysergide,9
metiamide,C0025845,Metiamide,3
metipranolol,C0041030,Metipranolol,7
metisazone,C0025656,Methisazone,1
metobromuron,C0066463,Acetamides,2
metoclopramide,C0025853,Metoclopramide,527
metocurine,C0066465,Tubocurarine,15
metolachlor,C0066468,Herbicides,12
metolazone,C0025854,"Drug Therapy, Combination",10
metopimazine,C0066469,Antiemetics,4
metoprolol,C0025859,Metoprolol,174
metreleptin,C0961965,Leptin,31
metribolone,C0025865,"Receptors, Androgen",19
metribuzin,C0066474,Pesticides,5
metrifonate,C0040898,Trichlorfon,69
metrizamide,C0025869,Metrizamide,63
metrizoic acid,C4082771,Metrizoic Acid,14
metronidazole,C0025872,Metronidazole,1279
metronidazole benzoate,C0353490,Giardiasis,1
metyrapone,C0025876,Metyrapone,137
metyrosine,C0886584,alpha-Methyltyrosine,8
mevalonic acid,C0025879,Mevalonic Acid,64
mevastatin,C0056170,Anticholesteremic Agents,2
mexiletine,C0025887,Mexiletine,63
mezlocillin,C0025893,Mezlocillin,70
mianserin,C0025912,Mianserin,59
mibolerone,C0066502,"Receptors, Androgen",6
miconazole,C0025942,Miconazole,136
miconazole Oral Gel,C1262491,Gels,8
microcrystalline cellulose,C0669247,Pregnancy,10
micronized progesterone,C0873071,Pregnancy,186
micronomicin,C0066520,Aminoglycosides,2
microsporum audouinii,C2726180,Antifungal Agents,10
microsporum canis,C2726181,Antifungal Agents,69
midazolam,C0026056,Midazolam,1779
midecamycin,C0066531,Leucomycins,9
midodrine,C0026078,Midodrine,36
midomafetamine,C0115471,Substance-Related Disorders,112
midostaurin,C0526371,Staurosporine,3
mifamurtide,C0129341,Osteosarcoma,15
mifepristone,C0026088,Mifepristone,1506
migalastat,C2698220,Fabry Disease,3
miglustat,C1321596,"Niemann-Pick Disease, Type C",68
mild silver protein,C0066548,"Anti-Infective Agents, Local",2
milk thistle,C0872906,Australia,2
milk thistle,C0937640,Breast Feeding,4
millet seed,C0937879,Diet,32
millet seed,C2347130,Diet,32
milnacipran,C1533126,Antidepressive Agents,3
milrinone,C0128513,Milrinone,187
miltefosine,C0068006,Antiprotozoal Agents,83
mimosine,C0026153,Age Factors,1
minaprine,C0066561,Antidepressive Agents,2
mineral oil,C0026156,Mineral Oil,79
mineralocorticoid,C0026160,"Adrenal Hyperplasia, Congenital",210
minocycline,C0026187,Minocycline,241
minodronic acid,C2825721,Adenomyosis,1
minoxidil,C0026196,Minoxidil,84
miocamycin,C0026202,Miocamycin,54
mipomersen,C2604635,Hyperlipoproteinemia Type II,7
mirabegron,C2983812,Acetanilides,17
miransertib,C5139791,Aminopyridines,3
mirdametinib,C5447979,Neurofibromatosis 1,2
mirtazapine,C0049506,Mirtazapine,62
mirvetuximab soravtansine,C4288736,"Antibodies, Monoclonal, Humanized",1
misonidazole,C0026218,Misonidazole,7
misoprostol,C0085174,Pregnancy,3504
mitapivat,C5226639,Adenosine Triphosphate,1
mite extract,C0771875,Asthma,11
mitemcinal,C2000403,"Dose-Response Relationship, Drug",1
mitiglinide,C0906166,Adverse Drug Reaction Reporting Systems,2
mitobronitol,C0026236,Bone Marrow Transplantation,5
mitoguazone,C0026251,Mitoguazone,14
mitolactol,C0026252,Mitolactol,17
mitomycin,C0002475,Mitomycin,334
mitomycin,C0026254,Mitomycin,334
mitoxantrone,C0026259,Antineoplastic Combined Chemotherapy Protocols,292
mivacurium,C0066621,Mivacurium,108
mizolastine,C0171302,Benzimidazoles,3
mizoribine,C0128608,Immunosuppressive Agents,84
mk-0752,C1708824,Amyloid Precursor Protein Secretases,2
mk-2206,C2933427,Proto-Oncogene Proteins c-akt,2
moclobemide,C0066673,Moclobemide,11
modafinil,C0066677,Modafinil,50
moderna covid-19 vaccine,C5424056,COVID-19,16
mogamulizumab,C2987603,"Antibodies, Monoclonal, Humanized",2
moist exposed burn ointment,C1174850,"Administration, Topical",1
molgramostim,C0218633,Granulocyte-Macrophage Colony-Stimulating Factor,81
molindone,C0026388,Antipsychotic Agents,10
molnupiravir,C5435024,Antiviral Agents,6
molsidomine,C0026400,Molsidomine,6
molybdenum,C0026402,Molybdenum,156
molybdenum cofactor,C4742236,Coenzymes,48
mometasone,C0360564,Mometasone Furoate,29
mometasone furoate,C0066700,Mometasone Furoate,175
monensin,C0026408,Pregnancy,11
mono-benzyl phthalate,C0533648,Phthalic Acids,142
mono-isobutyl phthalate,C3502151,Phthalic Acids,124
monobutyl phthalate,C0066733,Phthalic Acids,365
monoctanoin,C0066770,Breath Tests,1
monoethyl phthalate,C3659034,Phthalic Acids,249
monofluorophosphate,C0128922,Fluorides,17
monolinuron,C0066762,"Chromatography, Liquid",1
monomethyl fumarate,C3848524,Immunosuppressive Agents,636
monomethyl phthalate,C1870644,Phthalic Acids,70
monomethylarsonic acid,C0066766,Arsenic,125
monoolein,C0066771,"Air Pollution, Indoor",1
monopotassium phosphate,C0138038,"Chromatography, High Pressure Liquid",6
montelukast,C0298130,Acetates,375
moperone,C0066787,"Chromatography, High Pressure Liquid",1
moricizine,C0079856,Moricizine,10
morin,C0066801,Vaccination,3
moringa oleifera leaf,C3464953,Moringa oleifera,6
morniflumate,C0066803,"Anti-Inflammatory Agents, Non-Steroidal",3
moroctocog alfa,C0966500,Factor VIII,15
moroxydine,C0066805,"Abortion, Habitual",2
morphine,C0026549,Morphine,2298
morphine glucuronide,C0066816,Morphine,77
morphine-3-glucuronide,C0066815,Morphine,60
morpholine,C0026560,Nitrates,2
morpholine,C0026561,Morpholines,174
morrhuic acid,C3855247,Contraception,2
mosapride,C0526501,Benzamides,3
motavizumab,C2713599,Respiratory Syncytial Virus Infections,13
motexafin gadolinium,C0964264,Brain Stem Neoplasms,2
moxetumomab pasudotox,C2717021,Bacterial Toxins,2
moxidectin,C0163557,Macrolides,8
moxifloxacin,C0536495,Moxifloxacin,107
moxisylyte,C0040108,Moxisylyte,2
moxonidine,C0066837,Adrenergic Agonists,1
mrna-3927,C5814318,"Administration, Intravenous",1
mung bean,C2726182,Fabaceae,6
mupirocin,C0085259,Anti-Bacterial Agents,104
muromonab,C0085379,Muromonab-CD3,135
musca domestica,C1965854,Allergens,2
musca domestica,C2727890,Allergens,2
muscimol,C0026818,Gestational Age,6
muscle relaxant,C0358430,"Muscle Relaxants, Central",369
muscle relaxant,C2911818,"Intubation, Intratracheal",58
musk xylene,C0066968,"Milk, Human",16
mustard greens,C2740643,Vegetables,3
mustard oil,C0066969,Plant Oils,18
mustard seed,C1378010,Mustard Plant,3
mustard seed,C2740646,Mustard Plant,3
mvc-cov1901,C5416831,"Adjuvants, Immunologic",2
myclobutanil,C1120186,Agriculture,2
mycobacterium w. vaccine,C0215002,Bacterial Vaccines,9
mycophenolate,C0883242,Immunosuppressive Agents,150
mycophenolate mofetil,C0209368,Immunosuppressive Agents,1038
mycophenolic acid,C0026933,Mycophenolic Acid,1102
mycophenolic acid glucuronide,C0676811,Mycophenolic Acid,13
myelin basic protein,C0014063,Pregnancy,297
myelin basic protein,C1567500,Pregnancy,292
myricetin,C0067067,Case-Control Studies,1
myristic acid,C0027138,Fatty Acids,71
myristicin,C0067071,Allylbenzene Derivatives,1
myrrh,C0207011,Commiphora,7
myrtol,C0633482,Drug Combinations,3
"n,n-dimethylarginine",C0067385,Arginine,284
"n,n-dimethylformamide",C0012426,Dimethylformamide,10
"n,n-dimethylglycine",C3499933,Sarcosine,10
n-Butyl acetate,C0054273,Acetates,3
n-acetylmannosamine,C0067742,N-Acetylneuraminic Acid,5
n-acetylmethionine,C0067748,Biomarkers,3
n-acetylserotonin,C0067783,Melatonin,12
n-acetyltyrosine,C0067794,Parenteral Nutrition,6
n-chlorotaurine,C0067899,Double-Blind Method,2
n-ethylmaleimide,C0015101,Tandem Mass Spectrometry,4
n-methylnicotinamide,C0068144,Niacinamide,6
n-omega-nitro-l-arginine methyl ester,C0083536,NG-Nitroarginine Methyl Ester,33
n-valeric acid,C0068263,"Fatty Acids, Volatile",12
n4-hydroxycytidine,C0067182,Amniotic Fluid,2
nab-paclitaxel,C1527223,Albumins,7
nabilone,C0068333,Antiemetics,3
nabiximols,C2347556,"Administration, Oral",1
nabumetone,C0068334,"Anti-Inflammatory Agents, Non-Steroidal",7
nadh,C0027289,"NADH, NADPH Oxidoreductases",139
nadide,C0027270,NAD,160
nadifloxacin,C0286402,Acne Vulgaris,2
nadolol,C0027302,Nadolol,46
nadroparin,C0206232,Anticoagulants,43
nafamostat,C0207683,"Anesthesia, Epidural",2
nafarelin,C0064906,Nafarelin,97
nafcillin,C0027324,Nafcillin,50
nafronyl,C0027329,Nafronyl,7
naftifine,C0068367,Antifungal Agents,10
nalbuphine,C0027348,Nalbuphine,150
nalidixic acid,C0027353,Nalidixic Acid,61
nalmefene,C0068377,Naltrexone,7
nalorphine,C0027355,Nalorphine,9
naloxegol,C3700399,"Analgesics, Opioid",3
naloxone,C0027358,Naloxone,372
naltrexone,C0027360,Naltrexone,160
nandrolone,C0027368,Nandrolone,169
nandrolone decanoate,C0068395,Nandrolone,10
nandrolone phenpropionate,C0068397,Anabolic Agents,3
nano-TiO2,C0141060,Environmental Monitoring,1
naphazoline,C0027373,Naphazoline,19
naphtha,C0068407,Pregnancy,12
naphtha,C0303762,Petroleum,17
naphthalene,C0027375,Polycyclic Aromatic Hydrocarbons,89
naphthalene,C0027378,Naphthalenes,322
naphthenic acids,C0068418,Carboxylic Acids,3
naphthoquine,C4058704,Antimalarials,15
naproxen,C0027396,Naproxen,182
naratriptan,C0540623,Migraine Disorders,13
narcotic drug,C0027415,Narcotics,865
narcotic drug,C0237425,Drug and Narcotic Control,76
naringenin,C0068450,Pregnancy,7
naringin,C0068451,"Administration, Oral",1
narsoplimab,C5418161,"Antibodies, Monoclonal, Humanized",2
natalizumab,C1172734,Natalizumab,134
natamycin,C0027444,Natamycin,37
nateglinide,C0903898,Hypoglycemia,2
naxitamab,C4733494,Neuroblastoma,4
nbi-6024,C1137830,"Diabetes Mellitus, Type 1",2
nebacumab,C0132092,"Antibodies, Monoclonal",1
nebivolol,C0068475,Nebivolol,6
nectarine,C1509697,Anesthesia,2
nectarine,C2937983,Anesthesia,2
nedaplatin,C0093999,"Puberty, Delayed",45
nedocromil,C0068483,Nedocromil,112
nedosiran,C5446775,"Hyperoxaluria, Primary",2
neem,C3541937,Developing Countries,4
nefazodone,C0068485,"Antidepressive Agents, Second-Generation",17
nefopam,C0027556,Nefopam,14
nelarabine,C0907349,Arabinonucleosides,25
nelfinavir,C0525005,HIV Infections,225
nemolizumab,C4505530,Double-Blind Method,4
nemonapride,C0217937,"2,4-Dichlorophenoxyacetic Acid",2
neomycin,C0027603,Neomycin,148
neopterin,C0068527,Neopterin,436
neostigmine,C0027679,Neostigmine,174
neostigmine methylsulfate,C0027680,Neostigmine,5
nepafenac,C0961209,Atrophy,2
nepidermin,C1509244,Epidermal Growth Factor,28
nerve growth factor,C0027752,Nerve Growth Factor,240
nerve growth factor,C0027754,Nerve Growth Factors,562
nerve growth factor,C1522443,Nerve Growth Factor,240
nerve growth factor,C1571151,Nerve Growth Factor,240
nesiritide,C0054015,"Natriuretic Peptide, Brain",974
netarsudil,C4535718,Intraocular Pressure,6
netilmicin,C0027780,Netilmicin,192
netupitant,C1700730,Antiemetics,1
neuropeptide y,C0027893,Neuropeptide Y,253
neuropeptide y,C4721533,Neuropeptide Y,253
neurotrophin 3,C0083735,Neurotrophin 3,50
neurotrophin 3,C3887787,Nerve Growth Factors,68
neurotrophin 4,C0166894,Nerve Growth Factors,31
neurotropin,C0068649,Amnion,2
nevanimibe,C5392538,17-alpha-Hydroxyprogesterone,1
nevirapine,C0132326,HIV Infections,1654
niacin,C0027996,Diet,262
niacinamide,C0028027,Niacinamide,258
nialamide,C0027999,Nialamide,4
niaprazine,C0068673,Niacinamide,3
nicardipine,C0028005,Nicardipine,131
nicergoline,C0028008,Ergolines,2
niceritrol,C0028009,Apolipoproteins E,2
nickel,C0028013,Nickel,611
nickel sulfate,C0068689,Nickel,59
niclosamide,C0028017,Niclosamide,28
nicomorphine,C0068699,Morphine Derivatives,2
nicorandil,C0068700,Long QT Syndrome,9
nicotinamide riboside,C0068711,Niacinamide,6
nicotine,C0028040,Smoking,2884
nicotine bitartrate,C0028042,Nicotine,17
nicotine polacrilex,C0068722,"Administration, Buccal",2
nicotinyl alcohol,C0028053,Blood Glucose,1
nifedipine,C0028066,Nifedipine,749
nifekalant,C2350374,Anti-Arrhythmia Agents,1
niflumic acid,C0028067,Niflumic Acid,14
nifuratel,C0028070,Nifuratel,6
nifuroxazide,C0068742,Acute Disease,1
nifurtimox,C0028073,Chagas Disease,73
nigericin,C0028076,Nigericin,4
nikethamide,C0028089,Nikethamide,4
nilotinib,C1721377,"Leukemia, Myelogenous, Chronic, BCR-ABL Positive",52
nilutamide,C0068771,Androgen Antagonists,1
nimesulide,C0132515,Sulfonamides,72
nimodipine,C0028094,Nimodipine,54
nimorazole,C0028095,Nitroimidazoles,4
nimotuzumab,C1570308,"Antibodies, Monoclonal, Humanized",12
nimustine,C0028096,Nimustine,69
nintedanib,C2930789,Indoles,5
niraparib,C2744440,Ovarian Neoplasms,2
niridazole,C0028113,Niridazole,28
nirmatrelvir,C5545149,COVID-19 Drug Treatment,12
nirogacestat,C4519277,Amyloid Precursor Protein Secretases,1
nirsevimab,C5418478,Respiratory Syncytial Virus Infections,99
nisoldipine,C0028116,Nisoldipine,4
nitarsone,C0068787,Arsenic,1
nitazoxanide,C0068788,Thiazoles,56
nitenpyram,C1143123,Insecticides,8
nitisinone,C0173083,Tyrosinemias,56
nitrate,C3848573,Nitrates,799
nitrazepam,C0028126,Nitrazepam,56
nitrendipine,C0028127,Nitrendipine,10
nitric acid,C0068808,"Spectrophotometry, Atomic",32
nitric oxide,C0028128,Nitric Oxide,4399
nitrile,C0028131,Nitriles,712
nitrilotriacetic acid,C0028132,Nitrilotriacetic Acid,8
nitrite,C0028137,Nitrites,780
nitrite,C3848529,Nitrites,590
nitroarginine,C0068821,Nitric Oxide,8
nitrocefin,C0068828,Anti-Bacterial Agents,5
nitroethane,C0068831,Ethane,3
nitrofen,C0068833,"Hernias, Diaphragmatic, Congenital",65
nitrofural,C0028157,Nitrofurazone,7
nitrofurantoin,C0028156,Urinary Tract Infections,169
nitrogen,C0028158,Nitrogen,1443
nitrogen trichloride,C0284573,Chlorides,10
nitroglycerin,C0017887,Nitroglycerin,402
nitromethane,C0068849,Methane,5
nitroprusside,C0028193,Nitroprusside,201
nitrosourea,C0028210,Brain Neoplasms,98
nitrous oxide,C0028215,Nitrous Oxide,1589
nitroxoline,C0068881,Nitroquinolines,2
nivolumab,C3657270,Nivolumab,67
nizatidine,C0085154,Histamine H2 Antagonists,10
nocodazole,C0028247,Antigens,1
nolasiban,C4506753,Oximes,5
nolatrexed,C0796399,Acute Disease,1
nomegestrol,C0068922,Megestrol,4
nomegestrol acetate,C0132749,Megestrol,53
nomifensine,C0028277,Nomifensine,21
nonacog beta pegol,C3883805,Factor IX,7
nonoxynol-9,C0132776,Nonoxynol,77
nonprescription drug,C0013231,Nonprescription Drugs,387
nonylphenol,C0068946,Phenols,95
norbuprenorphine,C0068965,Buprenorphine,73
norclobazam,C0067928,Anticonvulsants,29
norclozapine,C0068971,Clozapine,28
nordazepam,C0011279,Diazepam,59
norelgestromin,C1120952,Norgestrel,40
norepinephrine,C0028351,Norepinephrine,1622
norepinephrine,C3887648,Norepinephrine,1622
norepinephrine bitartrate,C0028333,Norepinephrine,2
norethandrolone,C0028355,Norethandrolone,11
norethindrone,C0028356,Norethindrone,1112
norethindrone enanthate,C0068981,Norethindrone,191
norethynodrel,C0028360,"Contraceptives, Oral",140
norfenefrine,C0068986,2-Hydroxyphenethylamine,1
norfloxacin,C0028365,Norfloxacin,71
norfluoxetine,C0068987,Fluoxetine,41
norflurane,C0068988,Age Factors,1
norgestimate,C0068992,Norgestrel,108
norgestomet,C0068993,Cattle,1
norgestrel,C0028368,Norgestrel,1199
norgestrienone,C0028369,Norgestrienone,24
norketamine,C0068996,Ketamine,28
norlestrin,C0068998,"Contraceptives, Oral",20
normethadone,C0069008,"Infusions, Parenteral",2
nortriptyline,C0028420,Nortriptyline,101
noscapine,C0028426,Noscapine,5
novaluron,C1174647,Camellia sinensis,1
novobiocin,C0028458,Novobiocin,2
noxythiolin,C0028476,Noxythiolin,2
ns-398,C0215737,Placenta,3
nusinersen,C4301236,Oligonucleotides,176
nutmeg,C2726186,Condiments,2
nutmeg,C3484454,Condiments,2
nuvaxovid,C5563867,COVID-19,2
ny-eso-1 peptide vaccine,C1134528,"Antigens, Neoplasm",1
nylidrin,C0028735,Pregnancy,51
nystatin,C0028741,Nystatin,138
"o,p'-DDT",C0069215,DDT,89
o-Cresol,C0046034,Toluene,7
o-benzyl-p-chlorophenol,C0055942,Candidiasis,2
obeticholic acid,C1143018,Bile Acids and Salts,3
obidoxime,C0086728,Atropine,5
obiltoxaximab,C4224790,"Antibodies, Monoclonal",1
obinutuzumab,C2742503,Rituximab,5
ochratoxin A,C0069299,Ochratoxins,58
ocrelizumab,C1882138,Multiple Sclerosis,33
ocriplasmin,C0066522,Retinal Diseases,2
octachlorodibenzo-p-dioxin,C0069308,Polychlorinated Dibenzodioxins,8
octamethylcyclotetrasiloxane,C0377219,Siloxanes,9
octanoyl-coenzyme a,C0069343,Acyl-CoA Dehydrogenase,7
octenidine,C0069351,"Anti-Infective Agents, Local",2
octinoxate,C0046100,Sunscreening Agents,8
octisalate,C0304632,Environmental Exposure,2
octocrylene,C0257715,Sunscreening Agents,4
octopamine,C0028403,Octopamine,13
octoxynol,C0069359,Octoxynol,36
octreotide,C0028833,Octreotide,427
octyldodecanol,C1136869,"Administration, Topical",1
octylphenol,C1258354,Phenols,33
odevixibat,C5238052,Benzodiazepines,5
ofatumumab,C1832027,"Antibodies, Monoclonal, Humanized",20
ofloxacin,C0028902,Ofloxacin,248
ofloxacin Otic Solution,C1251677,Ofloxacin,10
ok432,C0918027,Picibanil,139
olanzapine,C0171023,Antipsychotic Agents,379
olaparib,C2316164,Phthalazines,7
olaratumab,C2698152,"Antibodies, Monoclonal",4
olea europaea pollen,C2701713,Allergens,2
oleandomycin,C0028923,Drug Evaluation,2
oleandrin,C0069397,Antidotes,1
oleanolic acid,C0028925,Oleanolic Acid,2
oleate,C0133788,Fatty Acids,46
oleate,C0220884,Fatty Acids,46
oleic acid,C0028928,Fatty Acids,260
oleic monoethanolamide,C5392526,Endocannabinoids,20
oleoylethanolamide,C1454896,Endocannabinoids,18
olesoxime,C2001394,Cholestenones,2
olipudase alfa,C4278198,Enzyme Replacement Therapy,5
olive oil,C0069449,Olive Oil,326
olmesartan,C1098320,Imidazoles,6
olmesartan medoxomil,C0386393,Imidazoles,5
olodaterol,C2934193,"Administration, Inhalation",1
olopatadine,C0527189,Olopatadine Hydrochloride,28
olprinone,C0637063,Cardiopulmonary Bypass,7
olsalazine,C0069454,Mesalamine,12
oltipraz,C0069456,Pyrazines,12
om85,C5442833,Respiratory Tract Infections,11
omacetaxine mepesuccinate,C0062941,"Telangiectasia, Hereditary Hemorrhagic",34
omadacycline,C2983838,Anti-Bacterial Agents,1
omalizumab,C0966225,Omalizumab,276
ombitasvir,C3852670,Antiviral Agents,13
omburtamab,C5242457,Iodine Radioisotopes,4
omburtamab i-131,C1541591,"Antibodies, Monoclonal",1
omega-3 fatty acids,C0015689,"Fatty Acids, Omega-3",2177
omega-3-acid ethyl esters,C1532673,Acute Disease,1
omega-6 fatty acids,C0133860,"Fatty Acids, Omega-6",655
omeprazole,C0028978,Omeprazole,360
omidenepag isopropyl,C5139819,Antihypertensive Agents,1
onabotulinumtoxinA,C2719767,"Botulinum Toxins, Type A",52
onapristone,C0069492,Pregnancy,7
onasemnogene abeparvovec,C5140028,Spinal Muscular Atrophies of Childhood,53
onasemnogene abeparvovec-xioi,C5140521,Biological Products,5
ondansetron,C0061851,Ondansetron,475
onion,C0949117,Diet,16
onion,C2740652,Diet,16
ontuxizumab,C4743425,"Antibodies, Monoclonal, Humanized",1
opipramol,C0029105,"Antidepressive Agents, Tricyclic",2
opium,C0029112,Opium,86
opium,C0886287,Opium,86
optocillin,C0069584,Mezlocillin,5
oral anticoagulant,C0354604,Anticoagulants,201
oral contraceptive,C0009905,"Contraceptives, Oral",5886
oral contraceptive combinations,C1627340,"Contraceptives, Oral, Combined",12
oral hypoglycemics,C0359086,Pregnancy,117
oral nystatin,C0360389,Nystatin,26
oral polio vaccine,C0032375,"Poliovirus Vaccine, Oral",1135
oral prednisolone,C0358513,Prednisolone,340
oral rehydration salt,C0359178,Fluid Therapy,95
oral vancomycin,C0360373,Vancomycin,47
orange,C2702329,Pregnancy,107
orange,C4316836,Pregnancy,107
oregano,C1576690,Diet,5
oregano,C2728183,Diet,5
org-31710,C0171346,Estrenes,5
organic chemical,C0029224,Organic Chemicals,375
organic solvents,C0360100,Solvents,237
organophosphorus insecticide,C0301172,Insecticides,13
orlistat,C0076275,Orlistat,43
ormeloxifene,C0007665,Centchroman,8
ornidazole,C0029274,Ornidazole,28
ornipressin,C0029276,Ornipressin,11
ornithine,C0029277,Ornithine,283
orotic acid,C0029300,Orotic Acid,129
orphenadrine,C0029309,Orphenadrine,8
ortho-Phthalaldehyde,C0028752,"Chromatography, High Pressure Liquid",28
ortho-novum,C0722328,"Contraceptives, Oral",30
osbond acid,C3527640,Pregnancy,15
oseltamivir,C0874161,"Influenza, Human",767
oseltamivir acid,C2713885,Oseltamivir,46
osimertinib,C4058811,Lung Neoplasms,5
osmotic diuretics,C0012800,"Diuretics, Osmotic",59
otelixizumab,C2935224,"Antibodies, Monoclonal, Humanized",3
oteracil,C0030032,Drug Combinations,2
otilonium,C0069370,"Colonic Diseases, Functional",1
ouabain,C0029904,Ouabain,93
ovalbumin,C0029923,Ovalbumin,385
oxabact,C5834092,Oxalobacter formigenes,3
oxaceprol,C0064164,Drug Prescriptions,1
oxacillin,C0029983,Oxacillin,113
oxaflozane,C0069709,Antidepressive Agents,1
oxalate,C0029988,Oxalates,307
oxalate,C3669135,Oxalates,251
oxalic acid,C0069715,Oxalic Acid,52
oxalic acid,C0600422,Oxalic Acid,52
oxalic acid,C1144584,Oxalic Acid,52
oxaliplatin,C0069717,Antineoplastic Combined Chemotherapy Protocols,68
oxaloacetic acid,C0600556,Pregnancy,4
oxamniquine,C0029994,Oxamniquine,70
oxandrolone,C0029995,Oxandrolone,153
oxantel,C0069734,Pyrantel,7
oxatomide,C0134337,Piperazines,26
oxazepam,C0029997,Oxazepam,48
oxcarbamazepine,C1311053,Anticonvulsants,4
oxcarbazepine,C0069751,Anticonvulsants,401
oxetorone,C0069760,Benzoxepins,1
oxiconazole,C0069765,Antifungal Agents,6
oxidized cellulose,C0007649,"Cellulose, Oxidized",14
oxidronic acid,C1337343,Bone Neoplasms,3
oxilofrin,C0069766,Ephedrine,1
oxitriptan,C0000578,5-Hydroxytryptophan,105
oxitropium,C0069776,"Administration, Inhalation",1
oxolinic acid,C0030031,Oxolinic Acid,5
oxprenolol,C0030040,Oxprenolol,28
oxtriphylline,C0055578,Theophylline,13
oxybate,C0000503,Glycated Hemoglobin,80
oxybenzone,C0069803,Phenols,113
oxybutynin,C0069805,Mandelic Acids,134
oxycodone,C0030049,"Analgesics, Opioid",303
oxydemeton-methyl,C4549295,Environmental Exposure,6
oxygen,C0030054,Oxygen,9267
oxymatrine,C0069821,Alkaloids,1
oxymetazoline,C0030071,Oxymetazoline,34
oxymetazoline Nasal Spray,C1248570,Oxymetazoline,4
oxymetholone,C0030072,Oxymetholone,45
oxymorphone,C0030073,"Analgesics, Opioid",20
oxyphenbutazone,C0030078,Oxyphenbutazone,10
oxyphencyclimine,C0069833,"Botulinum Toxins, Type A",1
oxyphenisatin,C0031422,Age Factors,1
oxyphenisatin acetate,C0030080,Oxyphenisatin Acetate,2
oxyphenonium,C0030082,Preanesthetic Medication,4
oxypurinol,C0030086,Allopurinol,24
oxyquinoline,C0000665,Oxyquinoline,20
oxytetracycline,C0030092,Oxytetracycline,44
oxytocic,C0030094,Pregnancy,3231
oxytocic,C3536883,Pregnancy,120
oxytocin,C0030095,Pregnancy,6145
oxytocin,C1704206,Pregnancy,6138
oxytocin,C4082165,Pregnancy,6145
oxytocin nasal spray,C1250042,Oxytocin,27
oyster,C0722378,Ostreidae,13
oyster,C2722042,Ostreidae,13
ozagrel,C0069392,Enzyme Inhibitors,4
ozenoxacin,C2983945,Anti-Bacterial Agents,6
ozone,C0030106,Ozone,1272
p-Dimethylaminoazobenzene,C0012411,"Microscopy, Electron",3
p-aminohippurate,C0086761,Glomerular Filtration Rate,25
p-chlorobenzoic acid,C0048185,Birth Weight,2
p-coumaric acid,C0048207,Phenols,3
p-cresol,C0048212,Cresols,13
p-hydroxybenzaldehyde,C0048320,"Amino Acid Metabolism, Inborn Errors",1
p-hydroxymercuribenzoic acid,C0613652,Amniotic Fluid,2
p-nitrophenol,C0048581,Pregnancy,37
p-tert-butylphenol formaldehyde resin,C0283096,"Dermatitis, Allergic Contact",4
p-toluenesulfonic acid,C0048721,Aging,1
pabinafusp alfa,C5242456,Enzyme Replacement Therapy,2
pac-1,C4319665,Blood Platelets,29
pacap38,C1314954,Pituitary Adenylate Cyclase-Activating Polypeptide,7
paclitaxel,C0144576,Paclitaxel,364
paecilomyces variotii,C2747700,Mycoses,3
pafuramidine,C1872963,"Administration, Oral",2
pagibaximab,C3179479,"Antibodies, Monoclonal",5
pahs,C0032458,Polycyclic Aromatic Hydrocarbons,1328
palbociclib,C3853822,Piperazines,6
palifermin,C0677829,Fibroblast Growth Factor 7,23
palifosfamide,C0064039,Ifosfamide,2
paliperidone,C0753678,Antipsychotic Agents,93
palivizumab,C0672596,Respiratory Syncytial Virus Infections,705
palm oil,C0069962,Plant Oils,79
palmidrol,C0069964,Endocannabinoids,21
palmitate,C3503116,Fatty Acids,103
palmitic acid,C0030234,Fatty Acids,251
palmitoleate,C0135118,Fatty Acids,17
palmitoleic acid,C0069966,Fatty Acids,43
palonosetron,C0220578,Palonosetron,19
palytoxin,C0069989,Acrylamides,1
pamidronate disodium,C0356588,Diphosphonates,13
pamidronic acid,C3714572,Adenoma,2
pamiparib,C5139725,"Cell Line, Tumor",1
panax quinquefolius whole,C3651791,Panax,2
pancreatic polypeptide,C0030298,Pancreatic Polypeptide,138
pancreatic polypeptide,C0063017,Pancreatic Polypeptide,138
pancreatin,C0030304,Pancreatin,83
pancrelipase,C0770343,Pancrelipase,51
pancrelipase lipase,C0443469,Lipase,67
pancuronium,C0030310,Pancuronium,249
panitumumab,C0879427,Antineoplastic Agents,2
panobinostat,C1998098,Panobinostat,12
pantethine,C0070034,Pantetheine,4
panthenol,C1321598,Pantothenic Acid,5
pantoprazole,C0081876,Pantoprazole,46
pantothenate,C0178793,Pregnancy,17
pantothenic acid,C0030342,Pantothenic Acid,92
pantothenic acid,C3714629,Pantothenic Acid,92
papain,C0030346,Pregnancy,68
papaveretum,C0030349,Opium,12
papaverine,C0030350,Papaverine,51
papaya,C1110619,Diet,14
papaya,C2728184,Diet,14
paprika,C2740841,Hungary,2
paprika,C4724792,Hungary,2
paraben,C0030398,Parabens,388
parachlorophenol,C0048197,Chlorophenols,2
paraffin,C0030415,Immunohistochemistry,1131
paraffin oil,C0070062,Paraffin,4
paraldehyde,C0030438,Paraldehyde,18
paramethadione,C0070072,"Abnormalities, Drug-Induced",2
paramethasone,C0030454,Paramethasone,5
paramethasone acetate,C0070073,Amenorrhea,1
paraoxon,C0030480,Aryldialkylphosphatase,32
parathyroid hormone,C0020063,Parathyroid Hormone,2787
parathyroid hormone,C0030520,Parathyroid Hormone,2787
parathyroid hormone,C3536885,Parathyroid Hormone,2787
parathyroid hormone-related protein,C0070099,Parathyroid Hormone-Related Protein,204
parathyroid hormone-related protein,C1257874,Parathyroid Hormone-Related Protein,204
parathyroid hormone-related protein,C3887570,Parathyroid Hormone-Related Protein,204
paraxanthine,C0044060,Caffeine,81
parecoxib,C0915142,Isoxazoles,16
paregoric,C0070108,Opium,19
pargyline,C0030557,Pregnancy,5
paricalcitol,C0249582,Ergocalciferols,8
paritaprevir,C3864824,Antiviral Agents,13
parnaparin,C0215717,Anticoagulants,1
paromomycin,C0030576,Paromomycin,89
paroxetine,C0070122,Paroxetine,230
parsley,C0994494,Vegetables,4
parsley,C2740844,Vegetables,4
parsnip,C2728185,Diet,2
parthenolide,C0070126,"Anti-Inflammatory Agents, Non-Steroidal",1
pasireotide,C1872203,Somatostatin,5
passiflora incarnata flower,C3486840,Age Factors,2
pateclizumab,C3529178,"Antibodies, Monoclonal, Humanized",2
patent blue,C4691336,Anaphylaxis,3
patiromer,C4045522,Calcium,1
patulin,C0030710,Food Contamination,20
patupilone,C0297960,Recombinant Proteins,3
pazopanib,C1831796,Pyrimidines,22
pazufloxacin,C0175022,Anti-Bacterial Agents,3
pd-98059,C0298346,Signal Transduction,7
peach,C0972391,Immunoglobulin E,20
peach,C2702418,Immunoglobulin E,20
peanut,C1572570,Food Hypersensitivity,480
peanut,C2702419,Arachis,460
peanut oil,C0052300,Plant Oils,30
pecan,C0981937,Allergens,11
pecan,C2730104,Allergens,11
pectin,C0030744,Pectins,40
pectin,C0070203,Pectins,40
pefloxacin,C0030771,Pefloxacin,43
pegademase,C0164674,Adenosine Deaminase,27
pegaptanib,C1531015,Vascular Endothelial Growth Factor A,9
pegaspargase,C0071568,Asparaginase,160
pegcrisantaspase,C5418502,Asparaginase,1
pegfilgrastim,C1136535,Granulocyte Colony-Stimulating Factor,34
peginterferon alfa-2a,C0391001,Polyethylene Glycols,36
peginterferon alfa-2b,C0796545,Interferon-alpha,26
peginterferon beta-1a,C3848580,Interferon-beta,7
pegteograstim,C4288415,Antineoplastic Agents,1
pegunigalsidase alfa,C5139798,Enzyme Replacement Therapy,1
pegvaliase,C4519229,Phenylketonurias,8
pegvisomant,C0913469,Human Growth Hormone,35
pegylated carboxyhemoglobin (bovine),C5198356,Anemia,1
pegylated recombinant factor viii,C4726644,Factor VIII,5
pegylated-L-asparaginase,C4079861,Antineoplastic Combined Chemotherapy Protocols,1
pegzilarginase,C4724814,Arginase,1
pelargonium sidoides root,C3487977,Phytotherapy,2
pemafibrate,C4547051,Acute Disease,2
pembrolizumab,C3658706,"Antibodies, Monoclonal, Humanized",35
pemetrexed,C0210657,Drug Combinations,104
pemigatinib,C4724807,Antineoplastic Combined Chemotherapy Protocols,1
pemirolast,C0053881,"Conjunctivitis, Allergic",2
pemoline,C0030800,Pemoline,48
penamecillin,C0070217,"Abnormalities, Drug-Induced",2
penbutolol,C0030812,Blood Proteins,1
penciclovir,C0164815,Pneumococcal Vaccines,1191
penconazole,C0254362,Pesticide Residues,2
pendimethalin,C0070222,Pesticides,5
penfluridol,C0030815,Antipsychotic Agents,5
penicillamine,C0030817,Penicillamine,383
penicillin G benzathine,C0030829,Penicillin G Benzathine,276
penicillin V,C0030840,Penicillin V,276
penicillium camemberti,C2747686,Air Microbiology,1
penicillium expansum,C2702430,Air Microbiology,1
penicillium glaucum,C4522139,Air Microbiology,1
penicillium roqueforti,C2726191,Fungi,2
pentabromodiphenyl ether,C0253007,Halogenated Diphenyl Ethers,713
pentabromophenol,C0386917,Gas Chromatography-Mass Spectrometry,3
pentabromotoluene,C0631846,Flame Retardants,8
pentachlorobenzene,C0070266,Environmental Pollutants,14
pentaerithrityl,C3652599,Abruptio Placentae,2
pentaerythritol tetranitrate,C0030858,Pregnancy,6061
pentagastrin,C0030859,Calcitonin,87
pentaglobin,C0070286,Immunoglobulin M,18
pentamidine,C0030863,Pentamidine,114
pentamidine isethionate,C0030864,Pentamidine,23
pentanal,C0070306,Case-Control Studies,4
pentane,C0030866,Pentanes,22
pentastarch,C2350383,"Anesthesia, Spinal",4
pentavalent antimony,C3848565,Antiprotozoal Agents,48
pentazocine,C0030873,Pregnancy,77
pentetate calcium trisodium,C0520458,"Abnormalities, Drug-Induced",2
pentetic acid,C0013254,Pentetic Acid,216
pentetrazol,C0030903,Rats,10
pentetreotide,C0217385,Indium Radioisotopes,12
penthienate,C0301375,Adrenergic Uptake Inhibitors,1
pentobarbital,C0030883,Pentobarbital,151
pentolinium,C0030885,"Hypotension, Controlled",2
pentosan polysulfate,C0600296,Pregnancy,4
pentosidine,C0070317,Lysine,27
pentoxifylline,C0030899,Pentoxifylline,178
peppermint,C0070324,Mentha piperita,12
peppermint,C2937963,Mentha piperita,12
peppermint oil,C0070325,Mentha piperita,6
pepsin,C0030909,Pepsin A,138
peptide yy (1-36),C1741327,Fetal Blood,2
peptide yy (3-36),C0070359,Peptide YY,15
peracetic acid,C0030968,Peracetic Acid,5
peramivir,C1675326,"Influenza, Human",37
perampanel,C2698764,Anticonvulsants,125
perazine,C0030969,Antipsychotic Agents,6
perch,C2725886,Case-Control Studies,16
perflenapent,C0666513,Environmental Pollutants,2
perflexane,C1176320,Fluorocarbons,9
perflubron,C0162922,Fluorocarbons,25
perfluorinated octanoic acid,C2350158,Belgium,1
perfluorobutane sulfonic acid,C2714628,Fluorocarbons,27
perfluorobutanesulfonate,C2350695,Fluorocarbons,44
perfluorobutyric acid,C0070394,Fluorocarbons,24
perfluorochemicals,C0359181,Fluorocarbons,30
perfluorodecalin,C0070395,Fluorocarbons,16
perfluorodecanoate,C5565067,Fluorocarbons,48
perfluorodecanoic acid,C0070396,Fluorocarbons,231
perfluorododecanoic acid,C2001941,Fluorocarbons,61
perfluoroheptanoic acid,C0530568,Fluorocarbons,51
perfluorohexanoic acid,C1313503,Fluorocarbons,26
perfluorohexyloctane,C0766224,"Administration, Ophthalmic",1
perfluorononanoate,C3179282,Fluorocarbons,104
perfluorononanoic acid,C0530570,Fluorocarbons,405
perfluorooctane,C0166273,Fluorocarbons,642
perfluorooctane sulfonamide,C0640890,Fluorocarbons,84
perfluorooctanoate,C2964281,Fluorocarbons,276
perfluorooctanyl sulfonate,C3710707,Caprylates,4
perfluoroperhydrophenanthrene,C3714575,Fluorocarbons,11
perfluorotridecanoate,C5564542,Alkanesulfonic Acids,5
perfluorotridecanoic acid,C5564541,Fluorocarbons,62
perfluoroundecanoate,C5564568,Environmental Pollutants,19
perfluoroundecanoic acid,C3711320,Fluorocarbons,224
perfluorovaleric acid,C4507336,Fluorocarbons,15
perflutren,C0937858,Fluorocarbons,14
perfosfamide,C0163054,Bone Marrow Transplantation,44
pergolide,C0031007,Pergolide,19
perhexiline,C0031013,Perhexiline,2
periciazine,C0033459,Prospective Studies,2
peridinin,C0070419,CD8-Positive T-Lymphocytes,3
perifosine,C0754570,Phosphorylcholine,5
perilla oil,C0070421,Fatty Acids,3
perindopril,C0136123,Angiotensin-Converting Enzyme Inhibitors,7
perindoprilat,C0070426,Angiotensin-Converting Enzyme Inhibitors,2
peripheral vasodilator,C0724804,Pregnancy,12
periplaneta americana,C2701762,Allergens,6
peritoneal dialysis fluid,C0353714,Peritoneal Dialysis,40
permethrin,C0070455,Permethrin,201
perospirone,C0084572,Antipsychotic Agents,1
perphenazine,C0031184,Perphenazine,28
pertussis vaccine,C0031237,Whooping Cough,2905
pertussis vaccine,C5397358,Pertussis Vaccine,1828
pertuzumab,C1328025,Trastuzumab,7
peruvoside,C0054598,Age Distribution,1
pethilorfan,C0601702,Pregnancy,4
petrolatum,C0031262,Petrolatum,62
pevonedistat,C2703093,Antineoplastic Combined Chemotherapy Protocols,2
pexastimogene devacirepvec,C2348784,Antineoplastic Combined Chemotherapy Protocols,1
pexidartinib,C4287804,Aminopyridines,2
pgm169/gl67a,C5827038,"Administration, Inhalation",2
phenacemide,C0070525,Benzeneacetamides,3
phenacetin,C0031364,Phenacetin,24
phenanthrene,C0031367,Polycyclic Aromatic Hydrocarbons,108
phenazopyridine,C0031379,Phenazopyridine,9
phencyclidine,C0031381,"Pneumonia, Pneumocystis",185
phendimetrazine,C0070549,"Practice Patterns, Physicians'",2
phenelzine,C0031392,Phenelzine,12
phenethyl isothiocyanate,C0070558,Anticarcinogenic Agents,2
phenethylamine,C0031399,Phenethylamines,96
phenethylamine,C0070559,Phenethylamines,16
pheneticillin,C0070557,Anti-Bacterial Agents,2
phenformin,C0031404,Phenformin,8
phenibut,C0048007,gamma-Aminobutyric Acid,8
phenindione,C0031406,Pregnancy,231
pheniramine,C0031408,Pheniramine,9
phenmetrazine,C0031411,Phenmetrazine,4
phenobarbital,C0031412,Phenobarbital,1620
phenobarbital quinidine,C0136568,Chemical and Drug Induced Liver Injury,1
phenol,C0031428,Phenols,2225
phenol,C0070570,Phenols,232
phenol-formaldehyde resin,C0070573,Allergens,2
phenolic acid,C2586298,Hydroxybenzoates,8
phenolphthalein,C0600489,Phenolphthaleins,8
phenolsulfonphthalein,C0031430,Phenolsulfonphthalein,20
phenoperidine,C0031432,Phenoperidine,12
phenothiazine,C0031434,Phenothiazines,25
phenothiazine,C3536886,Phenothiazines,25
phenothrin,C0070585,Pyrethrins,9
phenoxyacetic acid,C0260124,Pregnancy,17
phenoxybenzamine,C0031441,Phenoxybenzamine,79
phenoxyethanol,C0301042,Ethylene Glycols,14
phenprocoumon,C0031444,Phenprocoumon,48
phentermine,C0031447,Phentermine,19
phentolamine,C0031448,Phentolamine,55
phenyl salicylate,C0073999,Salicylates,2
phenylacetate,C0031452,Phenylacetates,220
phenylacetate,C0220893,Phenylacetates,33
phenylacetic acid,C0070620,Phenylacetates,22
phenylacetylglutamine,C0070627,Glutamine,14
phenylalanine,C0031453,Phenylalanine,1837
phenylboronic acid,C0053163,"Chromatography, Affinity",5
phenylbutazone,C0031463,Phenylbutazone,31
phenylbutyrate,C0031465,Phenylbutyrates,80
phenylbutyric acid,C0170531,Pregnancy,16
phenylephrine,C0031469,Phenylephrine,555
phenylethyl alcohol,C0031398,Phenylethyl Alcohol,23
phenylhydrazine,C0031479,Erythrocytes,4
phenylmercuric acetate,C0031488,Phenylmercuric Acetate,5
phenylmercuric nitrate,C0301304,Ambulatory Care,1
phenylpropanolamine,C0031495,Phenylpropanolamine,103
phenylpyruvic acid,C0031499,Phenylketonurias,17
phenyltoloxamine,C0070709,Acetaminophen,2
phenytoin,C0031507,Phenytoin,1632
phleum pratense pollen,C0981982,Pollen,30
phleum pratense top,C3486733,Allergens,97
phloretic acid,C0070731,Amniotic Fluid,2
phloretin,C0031560,Biological Transport,3
phlorizin,C0031562,Pregnancy,5
phlorizin,C0885670,Glucose,2
phloroglucinol,C0031566,Pregnancy,28
phloxine b,C0031567,"Antibodies, Monoclonal",1
pholcodine,C0070742,Anaphylaxis,2
pholedrine,C0070743,Pregnancy,10
phorbol 12-myristate 13-acetate diester,C0039654,Tissue Plasminogen Activator,223
phosmet,C0031592,Insecticides,8
phosphate enema,C1260600,Enema,12
phosphate ion,C1601799,Phosphates,1438
phosphate salts,C0302950,Phosphates,10
phosphatidyl serine,C0031623,Phosphatidylserines,293
phosphatidyl serine,C0301704,Phosphatidylserines,222
phosphatidylcholine,C1959616,Phosphatidylcholines,1924
phosphatidylethanolamine,C0031618,Phosphatidylethanolamines,308
phosphatidylethanolamine,C1450468,Phospholipids,208
phosphatidylinositols,C0031621,Pregnancy,235
phosphine,C0070813,Phosphines,14
phosphocellulose,C0070824,Isoenzymes,4
phosphocreatine,C0031634,Magnetic Resonance Spectroscopy,438
phosphocysteamine,C0031635,Cysteamine,6
phosphoenolpyruvate,C0031642,Pregnancy,132
phosphonoacetic acid,C0031681,Phosphonoacetic Acid,7
phosphoramidon,C0070915,Neprilysin,4
phosphoric acid,C0031700,"Chromatography, High Pressure Liquid",22
phosphoric acid,C1161325,Pregnancy,20
phosphorus,C1615057,Phosphorus,2076
phosphorus,C3714498,Phosphorus,2076
phosphorus p-32,C0851287,Phosphorus Radioisotopes,11
phosphorylcholine,C0031716,Phosphorylcholine,348
photosensitizer,C0162713,Photochemotherapy,29
phthalate,C0136960,Phthalic Acids,2042
phthalate,C0220894,Phthalic Acids,1891
phthalic acid,C0070968,Phthalic Acids,88
phthalocyanine,C4310464,Aroclors,2
physostigmine,C0031849,Physostigmine,77
phytic acid,C0031855,Phytic Acid,136
phytosphingosine,C0071021,Biomarkers,4
phytosterols,C0031866,Cholesterol,233
pibrentasvir,C4519537,Pyrrolidines,5
picibanil,C0031875,Picibanil,147
picolinic acid,C0071038,Kynurenine,9
picotamide,C0071043,Phthalic Acids,3
picoxystrobin,C3180129,Birth Weight,2
picric acid,C0071044,Creatinine,9
picric acid,C3495137,Creatinine,9
picrotoxin,C0031890,Rats,3
pidilizumab,C2346821,"Antibodies, Monoclonal",1
pidolic acid,C0034330,Pregnancy,469
pidotimod,C0081002,Pyrrolidonecarboxylic Acid,24
piflufolastat F-18,C3492634,Chernobyl Nuclear Accident,2
pik3ca,C1451005,Phosphatidylinositol 3-Kinases,189
pik3ca,C4760708,Class I Phosphatidylinositol 3-Kinases,63
pilocarpine,C0031923,Pilocarpine,93
pilsicainide,C0164155,Anti-Arrhythmia Agents,2
pimagedine,C0282774,Pregnancy,6
pimecrolimus,C1099414,Tacrolimus,98
pimelic acid,C0031933,Gas Chromatography-Mass Spectrometry,2
pimobendan,C0071071,"Administration, Oral",1
pimonidazole,C0071072,Brain,2
pimozide,C0031935,Pimozide,59
pinazepam,C0071082,Anti-Anxiety Agents,3
pindolol,C0031937,Pindolol,58
pine tar,C0031938,Creosote,1
pineapple,C2740859,Fruit,7
pineapple,C3813540,Fruit,7
pioglitazone,C0071097,Pioglitazone,63
pipamperone,C0071098,Antipsychotic Agents,8
pipazethate,C0071099,Acidosis,1
pipecuronium,C0071102,Pipecuronium,12
pipemidic acid,C0031953,Pipemidic Acid,7
pipenzolate,C0071103,Eclampsia,2
piperacillin,C0031955,Piperacillin,356
piperaquine,C0071105,Antimalarials,365
piperazine,C0031957,Piperazines,21
piperazine hexahydrate,C0892282,"Epilepsy, Absence",1
piperazinedione,C0137098,Bone Marrow Transplantation,3
piperine,C0071112,Metabolome,4
piperonyl butoxide,C0031962,Piperonyl Butoxide,32
pipobroman,C0031965,Thrombosis,3
pipotiazine,C0031968,Antipsychotic Agents,1
piracetam,C0031977,Piracetam,496
pirarubicin,C0071126,Antineoplastic Combined Chemotherapy Protocols,52
pirbuterol,C0071129,Asthma,4
pirenzepine,C0031978,Pirenzepine,90
piretanide,C0071132,Azathioprine,1
pirfenidone,C0298067,Pyridones,8
piribedil,C0031979,Piribedil,4
pirimicarb,C0071137,Carbamates,1
pirimiphos methyl,C0071138,Insecticides,2
pirinitramide,C0031982,"Pain, Postoperative",30
piritrexim,C0054332,Antineoplastic Agents,2
piroxicam,C0031990,Piroxicam,65
piroxicam cinnamate,C0071149,Carnitine,2
pirprofen,C0071152,Phenylpropionates,3
pistachio,C2722056,Immunoglobulin E,10
pisum sativum whole,C5201254,Apgar Score,2
pitavastatin,C1101838,Quinolines,7
pitolisant,C3529928,Narcolepsy,4
pitressin tannate,C0071162,Diabetes Insipidus,4
pittsburgh compound b,C1568156,Positron-Emission Tomography,15
pivagabine,C0619323,Double-Blind Method,1
pivalic acid,C0071166,Carnitine,25
pivampicillin,C0032032,Pivampicillin,51
pizotifen,C0032036,Pizotyline,19
plant extract,C0032081,Plant Extracts,801
plant stanol ester,C0872973,Sitosterols,10
plantago lanceolata pollen,C2701770,"Administration, Inhalation",1
plasma protein fraction (human),C0071214,Pregnancy,16
plasminogen,C0032140,Plasminogen,364
plasminogen,C5441720,Plasminogen,364
plasminogen,C5574739,Plasminogen,364
platelet activating factor,C0032172,Platelet Activating Factor,175
platelet lysate,C5416840,Blood Platelets,7
platinum,C1171558,Antineoplastic Combined Chemotherapy Protocols,321
pleconaril,C0759032,Antiviral Agents,18
plerixafor,C1955474,Benzylamines,57
plicamycin,C0026234,Pregnancy,24
plitidepsin,C0388638,Antineoplastic Agents,3
plutonium,C0032259,Plutonium,59
pm-81,C1515682,"Antibodies, Monoclonal",3
pneumococcal conjugate vaccine,C1579319,Pneumococcal Vaccines,2171
poa pratensis pollen,C2684348,Allergens,1
pocapavir,C2350692,Antiviral Agents,2
podofilox,C0032334,Podophyllotoxin,154
podophyllin,C0032333,Podophyllin,25
polaprezinc,C0286382,Antineoplastic Agents,2
polidocanol,C0071330,Polidocanol,104
polidronium chloride,C3282161,Ophthalmic Solutions,4
polifeprosan 20,C0771904,Antineoplastic Agents,1
polihexanide,C0376892,Biguanides,12
pollen extracts,C0770737,Pollen,54
poloxalene,C0032393,Poloxalene,3
poloxamer,C0600615,Poloxamer,9
poloxamer 188,C0600611,"Anemia, Sickle Cell",4
poly(L-lactide),C0615693,"Antigens, Neoplasm",1
poly(lactic acid),C0071443,Delayed-Action Preparations,3
polyacrylamide,C0071499,"Electrophoresis, Polyacrylamide Gel",2094
polyacrylate polyalcohol copolymer,C5226924,Vesico-Ureteral Reflux,9
polyamide-12,C0069174,Aerosols,2
polycaprolactone,C0137734,"Adjuvants, Immunologic",1
polycarbophil,C4281718,"Administration, Intravaginal",4
polydatin,C0071538,Stilbenes,2
polydextrose,C0071545,Infant Formula,26
polydioxanone,C0085242,Polydioxanone,3
polyethylene glycol,C0032483,Polyethylene Glycols,1181
polyethylene glycol 400,C0032478,Polyethylene Glycols,14
polyethylene glycol 4000,C0032479,Polyethylene Glycols,17
polyethylene glycol electrolyte,C0349980,Polyethylene Glycols,5
polygeline,C0032493,Polygeline,19
polyhexamethyleneguanidine phosphate,C0958018,Disinfectants,2
polylactic acid-polyglycolic acid copolymer,C0071599,Polylactic Acid-Polyglycolic Acid Copolymer,48
polyribophosphate,C0071670,"Polysaccharides, Bacterial",15
polysorb,C0071681,Endometritis,1
polysorbate 20,C0032600,Autopsy,2
polysorbate 80,C0032601,Polysorbates,6
polysorbates,C0032602,Polysorbates,209
polystyrene,C0032604,Pregnancy,73
polystyrene sulfonate,C0137904,Hyperkalemia,5
polysulfone,C0137909,Ultraviolet Rays,11
polythiazide,C0032613,Calcium,1
pomalidomide,C2347624,Thalidomide,5
pomegranate,C1116537,Pomegranate,11
pomegranate,C1509685,Pomegranate,11
ponatinib,C2987417,Precursor Cell Lymphoblastic Leukemia-Lymphoma,10
ponceau 4R,C0068660,Food Coloring Agents,2
ponesimod,C2934701,Multiple Sclerosis,1
poppers,C0565926,Substance-Related Disorders,9
poppy seed,C2728189,Seeds,7
poractant,C0875945,"Respiratory Distress Syndrome, Newborn",31
poractant alfa,C0771648,Phospholipids,105
pork collagen,C3486131,"Administration, Oral",1
porphobilinogen,C0032704,Porphobilinogen,51
posaconazole,C0936148,Antifungal Agents,152
potassium,C0032821,Potassium,2652
potassium,C0304475,Potassium,2652
potassium,C3714637,Potassium,2652
potassium acetate,C0137984,Hydrogen-Ion Concentration,4
potassium alum,C0725101,"Adjuvants, Immunologic",142
potassium aminobenzoate,C0543464,4-Aminobenzoic Acid,1
potassium aspartate,C0032823,Aspartic Acid,2
potassium bicarbonate,C0071751,Electrolytes,9
potassium bromate,C0071753,Antidotes,1
potassium bromide,C0071754,Anticonvulsants,20
potassium carbonate,C0071755,Carbonates,3
potassium cation,C0597277,Potassium,44
potassium chlorate,C0163391,Bilirubin,2
potassium chloride,C0032825,Potassium Chloride,399
potassium citrate,C0137996,Potassium Citrate,53
potassium cyanide,C0032826,Potassium Cyanide,6
potassium gluconate,C0301527,Bartter Syndrome,2
potassium hydroxide,C0071767,Antifungal Agents,57
potassium iodate,C0071768,Iodine,32
potassium iodide,C0032831,Potassium Iodide,169
potassium lactate,C0982353,Potassium,5
potassium metabisulfite,C0071771,Amino Acids,1
potassium nitrate,C0071772,Nitrates,11
potassium orotate,C0032836,Anticonvulsants,1
potassium perchlorate,C0071774,Thyroid Gland,10
potassium permanganate,C0032838,Potassium Permanganate,18
potassium phosphate,C0071778,Phosphates,22
potassium sorbate,C0032841,Cross-Over Studies,1
potassium tartrate,C0138045,"Antibodies, Viral",1
potato,C2702372,Diet,126
poultry,C4284647,Diet,260
povidone,C0032856,Povidone,121
povidone-iodine,C0032857,Povidone-Iodine,379
pr-104,C1831907,Nitrogen Mustard Compounds,3
pracinostat,C3467801,Antineoplastic Agents,1
practolol,C0032896,Practolol,14
pradigastat,C4045466,Acetates,1
pradofloxacin,C1690852,Anti-Bacterial Agents,1
prajmaline,C0032899,Ajmaline,3
pralatrexate,C1721300,Glucans,19
pralidoxime,C0071808,Pralidoxime Compounds,34
pralmorelin,C0293969,Oligopeptides,9
pralsetinib,C5226874,"Biomarkers, Tumor",1
pramipexole,C0074710,Benzothiazoles,19
pramlintide,C0537551,Islet Amyloid Polypeptide,15
pramocaine,C0071810,"Anesthetics, Local",2
pranlukast,C0526058,Chromones,15
pranoprofen,C0072652,"Administration, Topical",1
prasterone,C0011185,Dehydroepiandrosterone,1637
prasterone enantate,C5448248,Androstenedione,1
prasterone sulfate,C0057277,Dehydroepiandrosterone Sulfate,1226
prasugrel,C1620287,Platelet Aggregation Inhibitors,17
pravastatin,C0085542,Pravastatin,103
prazepam,C0032910,Prazepam,6
praziquantel,C0032911,Praziquantel,923
prazosin,C0032912,Prazosin,77
prednicarbate,C0071836,"Administration, Topical",8
prednimustine,C0032949,Antineoplastic Combined Chemotherapy Protocols,5
prednisolone,C0032950,Prednisolone,3719
prednisolone acetate,C0071839,Prednisolone,10
prednisolone hemisuccinate,C0071840,Berlin,2
prednisolone phosphate,C0071842,Prednisolone,5
prednisone,C0032952,Prednisone,5166
prednisone acetate,C0770564,Prednisone,4
prednylidene,C0044955,Prednisone,46
pregabalin,C0657912,Pregabalin,67
pregnenolone,C0373704,Pregnenolone,198
preimplantation factor,C5432240,Biological Factors,4
prenatal vitamins,C0772413,Pregnancy,62832
prenoxdiazine,C0138305,"Abnormalities, Drug-Induced",1
pretomanid,C4310440,"Administration, Oral",1
previtamin d(3),C0071965,Vitamin D,5
prexasertib,C4287806,Central Nervous System Neoplasms,1
prilocaine,C0033124,Prilocaine,339
primaquine,C0033126,Antimalarials,258
primidone,C0033148,Primidone,162
pro 2000,C0769777,HIV Infections,5
proadrenomedullin,C0257634,Adrenomedullin,27
probenecid,C0033209,Probenecid,79
probucol,C0033215,Probucol,18
procainamide,C0033216,Procainamide,68
procaine,C0033218,Procaine,188
procaine benzylpenicillin,C0030830,Penicillin G Procaine,79
procalcitonin,C0072027,Biomarkers,777
procarbazine,C0033223,Procarbazine,553
procaterol,C0072032,Procaterol,36
prochloraz,C0072036,Pregnancy,14
prochlorperazine,C0033229,Prochlorperazine,56
prochlorperazine edisylate,C0033230,"Abortion, Induced",2
procyclidine,C0033254,Procyclidine,4
procymidone,C0072063,Pregnancy,15
profenamine,C0015042,Acetylcholinesterase,8
proflavine,C0033294,Proflavine,16
progabide,C0072076,gamma-Aminobutyric Acid,8
progesterone,C0033308,Progesterone,7820
progesterone,C2757070,Progesterone,7820
progesterone Vaginal Gel,C1251490,Pregnancy,20
progestin,C0033306,Pregnancy,2292
progestin,C0033307,Pregnancy,1054
progestin,C3536710,Pregnancy,1045
proglumetacin,C0072315,Drug Evaluation,2
progranulin,C0168913,Progranulins,37
progranulin,C1453193,Progranulins,37
proguanil,C0008241,Proguanil,175
proinsulin human,C5700372,Autoantibodies,2
prokinetic agent,C1268865,Gastrointestinal Agents,27
prolactin,C0033371,Prolactin,4914
prolactin,C5441683,Prolactin,4914
proline,C0033382,Pregnancy,2185
promazine,C0033399,Promazine,23
promegestone,C0033401,Estradiol,11
promestriene,C0072151,"Administration, Topical",1
promethazine,C0033405,Promethazine,171
propacetamol,C0084186,Acetaminophen,28
propafenone,C0033429,Propafenone,82
propamidine,C0072159,Acanthamoeba Keratitis,4
propane,C0033434,Propane,60
propanediol,C0043971,Cryopreservation,28
propanediol,C0072225,Pregnancy,70
propanidid,C0033439,Propanidid,30
propanoic acid,C0072186,Propionates,54
propantheline,C0033447,Propantheline,14
proparacaine,C0072510,Propoxycaine,22
propentofylline,C0072171,Antipsychotic Agents,1
propicillin,C0072176,Anus Diseases,1
propiconazole,C0072177,Pesticides,6
propidium,C0033468,Propidium,18
propiolactone,C0033472,"Antibodies, Viral",12
propiomazine,C0033473,"Drug Therapy, Combination",4
propionamide,C0072185,Acetylcysteine,2
propionate,C0033474,Propionates,432
propionate,C0392214,Propionates,109
propiverine,C0138666,Benzilates,11
propofol,C0033487,Propofol,1846
propolis,C0033488,Propolis,24
propoxycaine,C0033492,Propoxycaine,37
propoxyphene napsylate,C0033495,Dextropropoxyphene,5
propranolol,C0033497,Propranolol,1370
propyl alcohol,C0175804,Propanols,21
propyl gallate,C0033501,Butylated Hydroxytoluene,2
propylene oxide,C0072229,Biomarkers,8
propylhexedrine,C0033508,Propylamines,2
propyliodone,C0033509,"Anesthesia, Inhalation",1
propylparaben,C0072238,Parabens,147
propylthiouracil,C0033511,Propylthiouracil,395
propyphenazone,C0072245,Aminopyrine,3
proquazone,C0072247,Quinazolines,3
prostaglandin a,C0033555,Treatment Outcome,52
prostaglandin analog,C0033568,Pregnancy,464
prostaglandin analog,C3536889,Pregnancy,133
prostaglandin d2,C0033532,Prostaglandin D2,46
protamine,C0033603,Protamines,125
protamine sulfate,C0033602,Pregnancy,23
protein S,C0072393,Protein S,469
protein S,C2002622,Protein S,468
protein c,C5575474,Protein C,966
protein hydrolysate,C0033631,Protein Hydrolysates,272
prothionamide,C0033705,Antitubercular Agents,6
prothrombin,C0033706,Prothrombin,1219
prothrombin,C2828369,Prothrombin,1219
prothrombin,C5552806,Prothrombin,1219
prothrombin complex,C3541956,Pregnancy,29
prothrombin complex concentrates,C0072434,Blood Coagulation Factors,80
protirelin,C0040162,Thyrotropin-Releasing Hormone,1060
proton pump inhibitor,C0358591,Proton Pump Inhibitors,588
proton pump inhibitor,C3536754,Proton Pump Inhibitors,217
protopine,C0072495,Maternal-Fetal Exchange,2
protoporphyrin,C0033733,Protoporphyrins,519
protoporphyrin,C0072497,Protoporphyrins,244
protriptyline,C0033743,Protriptyline,5
proxyphylline,C0072511,Theophylline,5
prucalopride,C0913506,Benzofurans,9
prulifloxacin,C0527129,Fluoroquinolones,4
prussian blue,C0060234,Iron,27
psc 833,C0139121,"ATP Binding Cassette Transporter, Subfamily B, Member 1",10
pseudoephedrine,C0033798,Ephedrine,67
psicose,C0072565,Anxiety Disorders,2
psilocybin,C0033850,Hallucinogens,12
psoralen,C2919152,PUVA Therapy,56
psychoactive substances,C0682880,Substance-Related Disorders,184
psychotropic drug,C0033978,Psychotropic Drugs,1213
psyllium,C0033979,Psyllium,21
psyllium husk,C0353946,Treatment Outcome,2
ptc299,C2984037,Antineoplastic Agents,1
pteroic acid,C0072579,Drug Compounding,2
pterostilbene,C0664965,Acetone,1
puerarin,C0072591,Isoflavones,4
pumactant,C0104263,Pulmonary Surfactants,12
pumpkin,C1095888,Diet,10
pumpkin,C2726205,Diet,10
punicalagin,C0759922,Antioxidants,1
purified water,C0991883,Pregnancy,9
purslane,C3495485,Portulaca,3
putrescine,C0034170,Polyamines,104
pyraclostrobin,C1741217,Food Contamination,2
pyrantel,C0034235,Pyrantel,36
pyrazinamide,C0034239,Antitubercular Agents,341
pyrazine,C0034240,Pyrazines,123
pyrazole,C0072662,Pyrazoles,3
pyrazolone,C0072664,China,4
pyrene,C0072667,Polycyclic Aromatic Hydrocarbons,166
pyrethrins,C0034245,Pyrethrins,456
pyrethrum extract,C0347993,Anopheles,7
pyridaben,C0966945,Apoptosis,1
pyridostigmine,C0034261,Pyridostigmine Bromide,113
pyridoxal,C0034263,Pyridoxal Phosphate,116
pyridoxal phosphate,C0034266,Pyridoxal Phosphate,367
pyridoxamine,C0034268,Pyridoxamine,16
pyridoxine,C0034272,Pyridoxine,1001
pyridoxine,C3714638,Pyridoxine,1001
pyridoxine phosphate,C0072716,Pyridoxine,11
pyrifluquinazon,C3657313,"Genitalia, Male",4
pyrimethamine,C0034283,Pyrimethamine,1638
pyrimethanil,C0666175,Pesticides,10
pyriproxyfen,C0139497,Insecticides,13
pyrithioxin,C0034295,Pyrithioxin,15
pyrogallol,C0034303,Pyrogallol,9
pyrogenal,C0072746,Acne Vulgaris,2
pyroglutamate,C0600319,Pyrrolidonecarboxylic Acid,13
pyronaridine,C0072768,Antimalarials,23
pyrrole,C3489010,Biomarkers,2
pyrrolidine,C0072780,Piracetam,6
pyrrolidine dithiocarbamate,C0163305,NF-kappa B,3
pyrrolizidine alkaloid,C0034335,Pyrrolizidine Alkaloids,21
pyrroloquinoline quinone,C0066153,PQQ Cofactor,8
pyruvaldehyde,C0034338,Pyruvaldehyde,43
pyruvate,C0034354,Pyruvates,380
pyruvate,C0244104,Pyruvates,282
pyruvic acid,C0072802,Pyruvic Acid,301
pyrvinium,C0072804,Pyrvinium Compounds,5
quassia,C1365976,Chi-Square Distribution,1
quaternium-15,C0072826,"Dermatitis, Allergic Contact",3
quazepam,C0072828,Anti-Anxiety Agents,1
quercetin,C0034392,Quercetin,28
quetiapine,C0123091,Antipsychotic Agents,263
quifenadine,C0243449,Amiodarone,1
quinacrine,C0034403,Quinacrine,79
quinacrine mustard,C0034404,"Insemination, Artificial, Homologous",1
quinagolide,C0256089,Dopamine Agonists,14
quinapril,C0072857,Angiotensin-Converting Enzyme Inhibitors,6
quinaprilat,C0072858,Angiotensin-Converting Enzyme Inhibitors,4
quinestrol,C0034410,Quinestrol,32
quinfamide,C0072865,Quinolines,4
quingestanol,C0072866,"Contraceptives, Oral",2
quingestanol acetate,C0139693,Norpregnadienes,13
quinidine,C0034414,Quinidine,125
quinine,C0034417,Quinine,478
quinine dihydrochloride,C1273036,Quinine,32
quinoline,C0034423,Anti-Bacterial Agents,78
quinoline,C0034424,Quinolines,953
quinolinic acid,C0072879,Kynurenine,54
quinupristin/dalfopristin,C0526513,Anti-Bacterial Agents,14
quizartinib,C2980091,Antineoplastic Combined Chemotherapy Protocols,1
rabbit,C2093603,Rabbits,964
rabeprazole,C0378482,Rabeprazole,23
racanisodamine,C3179164,Atropine,2
racecadotril,C0050461,Antidiarrheals,11
racepinephrine,C0205758,Racepinephrine,74
racivir,C0170737,Rubella,43
raclopride,C0072953,Corpus Striatum,15
racotumomab,C2986854,"Antibodies, Monoclonal",1
ractopamine,C0072954,Adrenergic beta-Agonists,1
radiprodil,C4519099,Acetamides,2
radish,C1113645,Risk Assessment,13
radish,C2726211,Risk Assessment,13
radotinib,C3273827,Benzamides,2
raffinose,C0034632,Raffinose,30
ragweed pollen extract,C4256166,"Rhinitis, Allergic, Seasonal",2
rainbow trout,C4723998,Oncorhynchus mykiss,6
raloxifene,C0244404,Raloxifene Hydrochloride,16
raltegravir,C1871526,HIV Infections,137
raltitrexed,C0677667,Pregnancy,81
ramelteon,C1565316,Indenes,8
ramipril,C0072973,Ramipril,32
ramiprilat,C0072970,Angiotensin-Converting Enzyme Inhibitors,1
ramosetron,C0526950,Benzimidazoles,11
ramucirumab,C2742502,Ramucirumab,7
ranibizumab,C1566537,Angiogenesis Inhibitors,267
ranimustine,C0243666,Nitrosourea Compounds,24
ranitidine,C0034665,Ranitidine,284
ranolazine,C0073633,Electrocardiography,2
rapacuronium,C0876716,Neuromuscular Nondepolarizing Agents,16
rasagiline,C0525678,Pregnancy,167
rasburicase,C0937932,Urate Oxidase,68
raspberry,C2740867,Fruit,4
raspberry leaves,C3495484,Pregnancy,8
rauwolfia serpentina root,C0994459,Breast Neoplasms,4
ravulizumab,C4550350,"Antibodies, Monoclonal, Humanized",12
raxibacumab,C2717174,Anthrax,3
razoxane,C0034738,Razoxane,44
rebamipide,C0069562,Alanine,1
rebaudioside a,C0073011,"Diabetes Mellitus, Type 2",1
rebeccamycin,C0073012,Carbazoles,3
reboxetine,C0168388,Morpholines,20
recombinant botulinum a/b vaccine,C5815534,"Antibodies, Bacterial",1
recombinant cd40-ligand,C1527003,CD40 Ligand,6
recombinant cholera toxin b subunit,C4305448,Cholera Vaccines,10
recombinant human alkaline phosphatase,C5555460,Gestational Age,4
recombinant human plasma gelsolin,C5401612,Gelsolin,16
recombinant human thrombopoietin,C0392939,Thrombopoietin,32
rectal diazepam,C0360118,Diazepam,83
red currant,C2727018,Child Nutritional Physiological Phenomena,1
red pepper,C3486675,Diet,4
refined carbohydrates,C0175898,Diet,39
regadenoson,C1698215,Purines,5
regorafenib,C2980094,Phenylurea Compounds,8
regramostim,C0219461,Granulocyte-Macrophage Colony-Stimulating Factor,54
rehmannia glutinosa root,C2699024,"Drugs, Chinese Herbal",3
relatlimab,C4724799,Antineoplastic Combined Chemotherapy Protocols,2
relcovaptan,C0218068,"Administration, Oral",2
reldesemtiv,C5139877,Cohort Studies,1
relebactam,C4317244,Anti-Bacterial Agents,2
relugolix,C3896936,#,3
remacemide,C0140182,Acetamides,2
remdesivir,C4726677,SARS-CoV-2,100
remifentanil,C0246631,Remifentanil,711
remimazolam,C3179470,Benzodiazepines,25
remoxipride,C0073047,Antipsychotic Agents,2
repaglinide,C0246689,Hypoglycemic Agents,11
repotrectinib,C4524909,Benzamides,1
reproterol,C0073076,Bronchodilator Agents,6
resamirigene bilparvovec,C5447573,"Myopathies, Structural, Congenital",5
reserpine,C0035179,Reserpine,27
resiquimod,C0965594,Imidazoles,7
reslizumab,C1869620,"Antibodies, Monoclonal, Humanized",13
resmethrin,C0073083,Pesticides,4
resorcinol,C0073085,Resorcinols,8
respigam,C0388014,"Immunoglobulins, Intravenous",3
resveratrol,C0073096,Resveratrol,45
retapamulin,C1703334,Anti-Bacterial Agents,11
retene,C1120586,Polycyclic Aromatic Hydrocarbons,3
reteplase,C0256103,Fibrinolytic Agents,3
retinoid,C0035339,Pregnancy,147
retinoid,C3536891,Pregnancy,102
retosiban,C2699069,Double-Blind Method,10
retrorsine,C0073133,Pyrrolizidine Alkaloids,3
reviparin,C0254215,"Abortion, Habitual",1
rh immune globulin,C0073188,Pregnancy,777
rh immune globulin,C4553477,Pregnancy,219
rhamnose,C0035417,Rhamnose,53
rhein,C0073177,Germany,5
rhgad65,C4305824,Autoantibodies,11
rhigfbp-3,C4305866,Insulin-Like Growth Factor Binding Protein 3,18
rhinasal,C0073182,Acetaminophen,1
rhizopus arrhizus var. arrhizus,C0981959,Antifungal Agents,10
rhmbl,C4281740,Mannose-Binding Lectin,291
rhodamine 6g,C0073193,Pregnancy,3
rhodamine b,C0073194,Abdominal Pain,2
rhodotorula mucilaginosa,C2756160,Rhodotorula,4
rhodotorula rubra,C2723734,Antifungal Agents,3
rhthrombin,C2240523,Hemostatics,4
rhubarb,C0304561,Rheum,8
rhubarb,C2937996,Rheum,8
rhubarb peony decoction,C5198048,#,1
ribavirin,C0035525,Ribavirin,506
ribitol,C0035526,"Antibodies, Bacterial",62
ribociclib,C4045494,Aminopyridines,7
riboflavin,C0035527,Riboflavin,754
riboflavin,C3714502,Riboflavin,754
ribose,C0035549,Pregnancy,30
ribose-5-phosphate,C0140515,Ribosemonophosphates,7
ribostamycin,C0035554,Ribostamycin,4
rice,C1509547,Oryza,634
rice,C2702414,Oryza,634
rice,C3484401,Oryza,639
rice bran,C0982374,Oryza,18
rice bran oil,C0073354,Polychlorinated Biphenyls,6
rice bran oil,C3256183,Polychlorinated Biphenyls,6
ricinoleic acid,C0073358,Bile Acids and Salts,1
ridaforolimus,C2713007,TOR Serine-Threonine Kinases,4
rifabutin,C0140575,Rifabutin,44
rifampicin,C0035608,Rifampin,1295
rifamycin,C0035609,Rifamycins,55
rifamycin,C0073371,Rifamycins,18
rifapentine,C0073372,Rifampin,41
rifaximin,C0073374,Rifaximin,32
rikkunshito,C0248645,"Drugs, Chinese Herbal",6
rilonacept,C2343589,Treatment Outcome,9
rilpivirine,C1566826,HIV Infections,50
riluzole,C0073379,Riluzole,17
rimantadine,C0035629,"Influenza, Human",40
rimegepant,C4519126,Breast Feeding,2
rimexolone,C0140594,Pregnadienes,5
rimiducid,C4287808,Caspase 9,1
rimiterol,C0035633,Aerosols,1
rimonabant,C1142933,Anti-Obesity Agents,5
riociguat,C2717561,"Hypertension, Pulmonary",6
ripasudil,C4045501,Isoquinolines,4
ripretinib,C5139749,Gastrointestinal Neoplasms,1
risankizumab,C4505511,"Antibodies, Monoclonal",1
risdiplam,C5139676,"Muscular Atrophy, Spinal",37
risedronate sodium,C0166025,Arteries,2
risedronic acid,C0140610,Bone Density Conservation Agents,13
risperidone,C0073393,Antipsychotic Agents,672
ritanserin,C0085260,Ritanserin,3
ritlecitinib,C5418278,Alopecia Areata,4
ritodrine,C0035661,Pregnancy,990
ritonavir,C0292818,HIV Infections,628
rituximab,C0393022,Rituximab,1488
rivaroxaban,C1739768,Rivaroxaban,69
rivastigmine,C0649350,Rivastigmine,9
rivipansel,C4519206,"Anemia, Sickle Cell",4
rivoceranib,C2346836,Pyridines,14
rizatriptan,C0297635,Tryptamines,14
robatumumab,C4721939,"Antibodies, Monoclonal",1
rociverine,C0073547,Cyclohexanecarboxylic Acids,2
rocuronium,C0209337,Rocuronium,252
rofecoxib,C0762662,Lactones,37
roflumilast,C0965618,Aminopyridines,8
rokitamycin,C0073560,Miocamycin,30
rolitetracycline,C0035823,Rolitetracycline,2
romiplostim,C2364481,"Receptors, Fc",62
romosozumab,C3661283,Cardiovascular Diseases,2
ronnel,C0015822,Food Contamination,1
ropinirole,C0244821,Dopamine Agonists,7
ropivacaine,C0073571,Ropivacaine,883
roquinimex,C0244748,Bone Marrow Transplantation,2
rosa canina fruit,C3257441,Fruit,1
rose bengal,C0035857,Brucellosis,53
rosemary,C0939869,Rosmarinus,3
rosemary oil,C0304114,Cleft Lip,1
rosiglitazone,C0289313,Rosiglitazone,73
rosin,C0073589,Allergens,7
rosmarinic acid,C0073590,Cinnamates,2
rosoxacin,C0073591,4-Quinolones,1
rosuvastatin,C0965129,Rosuvastatin Calcium,34
rotavirus vaccine,C0597418,Rotavirus Vaccines,2125
rotavirus vaccine,C5397359,Rotavirus Vaccines,1443
rotenone,C0035871,Rotenone,11
rotigotine,C1700683,Tetrahydronaphthalenes,7
roxadustat,C4310578,Anemia,1
roxarsone,C0035890,Arsenic,2
roxatidine,C0378091,Histamine H2 Antagonists,3
roxithromycin,C0035891,Roxithromycin,51
royal jelly,C0073603,Fatty Acids,3
rozanolixizumab,C4726717,#,2
rsv vaccine,C0887894,Respiratory Syncytial Virus Infections,593
rubella virus vaccine,C0035923,Rubella,2905
rubella virus vaccine,C2242042,Rubella Vaccine,27
rucaparib,C3661315,Ovarian Neoplasms,2
rufinamide,C0213404,Anticonvulsants,67
rufloxacin,C0073704,Anti-Infective Agents,2
rupatadine,C0534301,Cyproheptadine,14
rurioctocog alfa pegol,C4765024,Factor VIII,6
rutin,C0035976,Rutin,29
ruxolitinib,C2931926,Nitriles,81
s-adenosyl-l-homocysteine,C0036001,S-Adenosylhomocysteine,88
s-nitrosoglutathione,C0073898,S-Nitrosoglutathione,8
saccharin,C0036023,Saccharin,58
saccharomyces cerevisiae,C1165801,Saccharomyces cerevisiae,247
sacituzumab govitecan,C4086837,"Antigens, Neoplasm",1
sacrosidase,C0718043,"Carbohydrate Metabolism, Inborn Errors",8
sacubitril,C4033447,Tetrazoles,4
sacubitrilat,C4294492,Tetrazoles,2
safflower,C1952586,Dietary Fats,7
safflower oil,C0036048,Safflower Oil,55
safrazine,C0073950,Retrospective Studies,4
sage,C2938117,Vaccination,47
sage,C3265310,Vaccination,47
salicylamide,C0036071,3-Hydroxybutyric Acid,39
salicylate,C0036075,Salicylates,153
salicylic acid,C0036079,Salicylic Acid,129
salmeterol,C0073992,Asthma,263
salmeterol xinafoate,C0245531,Salmeterol Xinafoate,214
salmon calcitonin,C0073994,Calcitonin,20
salsalate,C0073983,"Anti-Inflammatory Agents, Non-Steroidal",2
salsolinol,C0074002,Amniotic Fluid,2
samarium,C0036147,Samarium,15
samarium (153sm) lexidronam,C0772051,Organometallic Compounds,5
samarium sm-153,C0677942,Organometallic Compounds,6
sanguinarine,C0074027,Alkaloids,6
saposin c,C0141547,Saposins,9
saposin c,C5575472,Saposins,11
saposin c,C5703306,Saposins,9
sapropterin,C0048897,Biopterins,337
sapropterin dihydrochloride,C1996349,Biopterins,45
saquinavir,C0286738,HIV Infections,56
sarafloxacin,C0050308,Anti-Bacterial Agents,1
saralasin,C0036193,Saralasin,15
sarcosine,C0036228,Sarcosine,89
sarecycline,C4519292,Acne Vulgaris,3
sargramostim,C0216231,Granulocyte-Macrophage Colony-Stimulating Factor,579
sarilumab,C3885145,Pregnancy,4
"sars-cov-2 (covid-19) vaccine, mrna-1273",C5422751,COVID-19,1
"sars-cov-2 (covid-19) vaccine, mrna-bnt162b2",C5398043,COVID-19,694
satralizumab,C4726732,"Antibodies, Monoclonal",1
satraplatin,C1142934,"Administration, Oral",1
savlon,C0074089,Cetrimonium Compounds,2
saw palmetto,C0771607,Hot Flashes,2
saw palmetto,C4082853,Hot Flashes,2
saxagliptin,C1611934,United States,2
sc-236,C0767382,Amnion,2
scallop,C0885657,"Diagnosis, Differential",7
scallop,C2740876,Risk Assessment,5
scb-2019,C5416818,COVID-19,5
scopolamine,C0036442,Scopolamine,127
scorpion venom,C0036450,Scorpion Venoms,97
scorpion venom,C0885164,Scorpion Venoms,12
scutellaria lateriflora,C0877778,"Abnormalities, Drug-Induced",2
scyllo-inositol,C0074214,Magnetic Resonance Spectroscopy,14
sebacic acid,C0074238,Dicarboxylic Acids,9
sebelipase alfa,C4050579,Wolman Disease,17
secnidazole,C0074246,Metronidazole,15
secobarbital,C0036516,Secobarbital,28
secoisolariciresinol,C0074247,Phytoestrogens,6
secretin,C0036534,Secretin,122
secretin,C1659046,Secretin,122
secretin,C4724001,Hematopoietic Stem Cell Transplantation,1182
secretin,C4724173,Hematopoietic Stem Cell Transplantation,1182
secukinumab,C3179547,"Antibodies, Monoclonal, Humanized",25
segesterone,C1882993,"Contraceptive Devices, Female",3
segesterone acetate,C4723383,Ethinyl Estradiol,11
selegiline,C0036579,Selegiline,15
selenic acid,C0074279,Selenic Acid,8
selenious acid,C0074280,Selenium,19
selenite,C0036580,Selenium,37
selenium,C0036581,Selenium,2265
selenium,C0521939,Selenium,2265
selenium sulfide,C0074281,Tinea Capitis,6
selenocysteine,C0074289,Selenium,12
selenocystine,C0074292,Selenium,3
selenomethionine,C0036584,Selenium,41
selepressin,C4519663,Belgium,1
seletalisib,C4507489,CD8-Positive T-Lymphocytes,1
selexipag,C2000145,Acetamides,6
selinexor,C3852671,"Cell Line, Tumor",2
selpercatinib,C5235396,"Oncogene Proteins, Fusion",4
selumetinib,C2980074,Benzimidazoles,36
semaglutide,C3885068,Glucagon-Like Peptides,5
semustine,C0036637,Semustine,9
sennosides,C3489575,Constipation,27
sepiapterin,C0074349,Pterins,12
sepofarsen,C5419280,"Antigens, Neoplasm",1
seproxetine,C2699289,"ATP Binding Cassette Transporter, Subfamily B",1
serdexmethylphenidate,C5237972,Attention Deficit Disorder with Hyperactivity,3
serelaxin,C3700393,Recombinant Proteins,4
serine,C0036720,Pregnancy,596
sermorelin,C0142046,Growth Hormone,46
serotonin,C0036751,Serotonin,1234
serrapeptase,C0074389,"Anti-Inflammatory Agents, Non-Steroidal",1
sertaconazole,C0074391,Imidazoles,12
sertindole,C0084528,Antipsychotic Agents,1
sertraline,C0074393,Sertraline,314
sesame oil,C0036845,Pregnancy,32
sesame seed,C2741441,Seeds,5
sesame seed,C3495652,Seeds,5
setmelanotide,C4279595,Obesity,8
sevelamer,C0718050,Sevelamer,24
sevoflurane,C0074414,Sevoflurane,1272
sevuparin,C4507207,Acute Pain,1
sex hormone,C0036884,Gonadal Steroid Hormones,1887
sgs-742,C1506802,"Amino Acid Metabolism, Inborn Errors",1
shark liver oil,C0304888,Cervix Uteri,1
shea butter,C1366066,Risk Factors,3
shikimate-3-phosphate,C0142221,Asthma,1
sho-saiko-to,C1138004,"Drugs, Chinese Herbal",4
shrimp,C2702382,Allergens,59
sibutramine,C0074493,Cyclobutanes,31
sidnocarb,C0074500,Attention Deficit Disorder with Hyperactivity,2
sifalimumab,C2986882,"Antibodies, Monoclonal",2
sildenafil,C0529793,Sildenafil Citrate,410
silibinin,C0600334,Mushroom Poisoning,13
silicic acid,C0037105,Silicic Acid,57
silicones,C0037114,Silicones,163
silodosin,C1870115,Indoles,3
siltuximab,C1609931,Castleman Disease,4
silver,C0037125,Pregnancy,170
silver nitrate,C0037129,Silver Nitrate,119
silver nitrate,C1161347,Silver Nitrate,119
silver oxide,C0058460,Oxides,4
silver proteinate,C0086985,Astrocytes,2
silver sulfadiazine,C0037134,Silver Sulfadiazine,135
silymarin,C0037135,Silymarin,28
simendan,C0287806,Simendan,67
simeprevir,C2605855,Antiviral Agents,10
simethicone,C0037138,Simethicone,37
simoctocog alfa,C4064080,Factor VIII,3
simvastatin,C0074554,Simvastatin,99
sinapic acid,C0166524,Saliva,2
sinapultide,C0754923,Biological Products,4
sincalide,C0037167,Cell Proliferation,22
sinecatechins,C1960121,Condylomata Acuminata,4
sinomenine,C0074568,Ankle Fractures,1
sintilimab,C4760864,Immune Checkpoint Inhibitors,3
siplizumab,C1328709,Acute Disease,1
siponimod,C3657824,Azetidines,2
sirolimus,C0072980,Sirolimus,748
sisomicin,C0037209,Sisomicin,25
sitafloxacin,C0171447,Retrospective Studies,2
sitagliptin,C1565750,Sitagliptin Phosphate,14
sitamaquine,C1099477,Aminoquinolines,3
sitaxentan,C1704271,Endothelin Receptor Antagonists,7
sitosterols,C0037215,Sitosterols,95
sivelestat,C0130137,Glycine,12
skim milk,C5203663,Milk,81
smallpox vaccine,C0037355,Smallpox Vaccine,329
smallpox vaccine,C2700141,Smallpox Vaccine,329
smelt,C2727930,Diet,4
sn-38,C0142710,Irinotecan,36
snake antivenom,C4303996,Antivenins,12
sobrerol,C0074714,Expectorants,2
sodium,C0037473,Sodium,3864
sodium,C3541959,Sodium,3864
sodium,C3714642,Sodium,3864
sodium acetate,C0142785,Sodium Acetate,24
sodium amytal,C0592120,Retrospective Studies,3
sodium arsenite,C0074719,Arsenites,57
sodium ascorbate,C0887557,Ascorbic Acid,4
sodium aurothiomalate,C0018034,Gold Sodium Thiomalate,32
sodium benzoate,C0142805,"Amino Acid Metabolism, Inborn Errors",58
sodium bicarbonate,C0074722,Sodium Bicarbonate,332
sodium bisulfite,C0074726,DNA Methylation,9
sodium borate,C0053942,Boric Acids,4
sodium borate,C0074727,"Electrophoresis, Capillary",4
sodium bromate,C0074729,Bromates,3
sodium bromide,C0074730,Bromides,12
sodium carbonate,C0074732,Environmental Monitoring,3
sodium cellulose phosphate,C1145610,Pregnancy,274
sodium chlorite,C0142822,Chlorides,4
sodium chromate cr-51,C0304955,Blood Platelets,2
sodium citrate,C0142825,Citrates,64
sodium dichloroacetate,C0037501,Dichloroacetic Acid,15
sodium feredetate,C0357084,Edetic Acid,41
sodium ferric gluconate complex,C0875947,Ferric Compounds,7
sodium fluoride,C1171560,Sodium Fluoride,435
sodium fluorophosphate,C0142890,Fluorides,39
sodium gluconate,C0142853,Aging,2
sodium glycerophosphate,C0377349,Glycerophosphates,9
sodium hyaluronate,C0087000,Hyaluronic Acid,47
sodium hydroxide,C0037517,Sodium Hydroxide,44
sodium hypochlorite,C0037518,Sodium Hypochlorite,95
sodium iodate,C0074742,"Cells, Cultured",1
sodium iodide,C0037521,Sodium Iodide,29
sodium lactate,C0142874,Lactic Acid,16
sodium lactate,C1176295,Lactic Acid,16
sodium lauryl sulfate,C0037506,"Electrophoresis, Polyacrylamide Gel",201
sodium metabisulfite,C0074744,Sulfites,8
sodium metavanadate,C4730779,Drinking Water,1
sodium molybdate,C0074747,"Centrifugation, Density Gradient",3
sodium morrhuate,C0037530,Sodium Morrhuate,13
sodium nitrate,C0074748,Nitrates,12
sodium nitrite,C0037532,Sodium Nitrite,37
sodium oxybate,C0037537,Sodium Oxybate,88
sodium phosphate,C0074757,Phosphates,28
"sodium phosphate, dibasic",C0772024,Dexamethasone,5
"sodium phosphate, monobasic",C0770578,"Chromatography, High Pressure Liquid",6
sodium polystyrene sulfonate,C0142915,Polystyrenes,16
sodium salicylate,C0037549,Sodium Salicylate,17
sodium selenate,C0074765,Selenium,6
sodium selenite,C0142923,Selenium,45
sodium stibogluconate,C0030895,Antimony Sodium Gluconate,193
sodium sulfate,C0074769,Mice,12
sodium tetradecyl sulfate,C0037556,Sarcoma,181
sodium tripolyphosphate,C0301008,"Antibodies, Viral",1
sodium zirconium cyclosilicate,C4045824,Hyperkalemia,2
sofosbuvir,C2976303,Antiviral Agents,112
solcoseryl,C0001237,Actihaemyl,19
solenopsis invicta,C2723754,Ants,2
solenopsis richteri,C2918519,Ants,1
solifenacin,C1099677,Solifenacin Succinate,24
solithromycin,C3655918,Macrolides,9
somapacitan,C4726770,Human Growth Hormone,13
somatorelin,C1961852,"Administration, Intravenous",1
somatostatin,C0037659,Somatostatin,519
somatostatin,C5197618,Somatostatin,519
somatotropin,C0037663,Growth Hormone,5769
somatotropin,C0169964,Growth Hormone,5769
somatotropin,C0384570,Human Growth Hormone,713
somatotropin,C3714500,Growth Hormone,5769
somatrem,C0143083,Growth Hormone,31
somatrogon,C4726772,Human Growth Hormone,8
somavaratan,C4519725,Body Height,1
sonidegib,C3886731,Biphenyl Compounds,2
sonlicromanol,C5418528,Antioxidants,2
sorafenib,C1516119,Sorafenib,157
sorbinil,C0074909,Imidazoles,4
sorbitan,C2699492,"Dermatitis, Allergic Contact",2
sorbitol,C0037688,Sorbitol,182
sorghum,C3484402,Edible Grain,31
sotagliflozin,C3502471,Hypoglycemia,2
sotalol,C0037707,Anti-Arrhythmia Agents,132
soticlestat,C5237990,Anticonvulsants,2
sotrovimab,C5433947,COVID-19,25
sour cherry,C1613417,Adenoidectomy,1
sour cherry,C2728181,Adenoidectomy,1
soy,C2756587,Glycine max,367
soy isoflavones,C4076257,Isoflavones,80
soybean,C0947608,Glycine max,140
soybean,C2702409,Glycine max,140
soybean oil,C0037732,Soybean Oil,368
soybean protein,C0950114,Soybean Proteins,279
sparfloxacin,C0052585,Anti-Infective Agents,3
sparsentan,C4489760,Creatinine,2
sparteine,C0037760,Sparteine,12
spasmoplus,C0295835,Aminopyrine,2
spearmint,C1095801,"Administration, Inhalation",1
spearmint,C2741496,"Administration, Inhalation",1
spectinomycin,C0001268,Mastitis,18
spermicide,C0037862,Spermatocidal Agents,196
spermidine,C0037871,Polyamines,118
spermine,C0037874,Spermine,116
spesolimab,C5238146,Acute Disease,2
sphingosine,C0037907,Sphingosine,96
spinach,C1828748,Vegetables,54
spinach,C2741499,Vegetables,54
spinosad,C0961781,Drug Combinations,4
spiperone,C0037956,Spiperone,9
spiramycin,C0037962,Pregnancy,178
spirohydantoin mustard,C0075019,Antineoplastic Agents,1
spironolactone,C0037982,Spironolactone,247
squalamine,C0213314,Cholestanols,2
squalene,C0038071,Squalene,240
squaric acid dibutyl ester,C0075093,Cyclobutanes,29
squash,C2722043,Cross-Sectional Studies,12
st-36,C5761795,Acupuncture Points,30
st. john's wort,C0813171,Hypericum,25
stachybotrys chartarum,C2726215,Environmental Exposure,3
stachyose,C0075152,Gastrointestinal Microbiome,3
stannsoporfin,C0076693,Heme Oxygenase (Decyclizing),16
stanolone,C0038148,Testosterone,577
stanozolol,C0038149,Stanozolol,39
staphylococcal enterotoxin b,C0059386,Enterotoxins,44
starch,C0038179,Starch,245
"starch, corn",C1384515,Starch,66
"starch, tapioca",C2726216,Carbohydrates,1
statin,C0360714,Hydroxymethylglutaryl-CoA Reductase Inhibitors,487
stattic,C1873151,Inflammation Mediators,2
staurosporine,C0075193,Staurosporine,6
stavudine,C0164662,HIV Infections,335
stavudine triphosphate,C0045110,Anti-HIV Agents,3
stearic acid,C0038229,Fatty Acids,164
stepronin,C0075227,Bilirubin,1
sterile water,C0359299,Pain Measurement,91
steroid,C0038317,Pregnancy,5157
steroid,C5782153,Pregnancy,2994
stevioside,C0075246,Non-Nutritive Sweeteners,3
stiripentol,C0075262,Anticonvulsants,65
strawberry,C1337299,Mucocutaneous Lymph Node Syndrome,22
street drug,C0038388,Pregnancy,54
streptococcal pyrogenic exotoxin,C0059545,Streptococcus pyogenes,11
streptococcus pneumoniae type 4 capsular polysaccharide antigen,C2709766,California,1
streptokinase,C0038418,Streptokinase,193
streptomyces griseus,C2726217,Calibration,1
streptomycin,C0038425,Streptomycin,257
streptozocin,C0038432,"Diabetes Mellitus, Experimental",121
stronger neo-minophagen C,C0661352,Glycyrrhetinic Acid,5
strontium,C0038467,Strontium,141
strontium chloride,C0075333,Strontium,6
strontium ranelate,C0936139,Back Pain,2
strychnine,C0202474,Strychnine,19
strychnine nitrate,C0038481,"Amino Acid Metabolism, Inborn Errors",3
styrene,C0038515,Styrene,54
succimer,C0012384,Succimer,209
succinate,C0038617,Succinates,119
succinate,C0220918,Pregnancy,43
succinic acid,C0075429,Vesico-Ureteral Reflux,59
succinimide,C0038623,Succinimides,29
succinimide,C0075432,Succinimides,3
succinylated gelatin,C0143961,Gelatin,3
succinylcholine,C0038627,Succinylcholine,423
sucralfate,C0038633,Sucralfate,45
sucralose,C0077046,Sucrose,19
sucrose,C0038636,Sucrose,919
sucrose,C1161331,Sucrose,919
sufentanil,C0143993,Sufentanil,643
sugammadex,C1700695,Sugammadex,88
sugarcane,C2727011,Saccharum,17
sugarcane,C3503436,Saccharum,17
sulbactam,C0038665,Sulbactam,270
sulbenicillin,C0038666,Sulbenicillin,7
sulconazole,C0075503,Antifungal Agents,3
sulesomab,C0529257,"Antibodies, Monoclonal",5
sulfacetamide,C0038670,Sulfacetamide,18
sulfaclomide,C0075505,Half-Life,2
sulfadiazine,C0038675,Sulfadiazine,182
sulfadimethoxine,C0038676,Amphotericin B,2
sulfadoxine,C0038679,Sulfadoxine,1359
sulfaisodimidine,C0038744,Sulfisomidine,2
sulfalene,C0038683,Sulfalene,32
sulfamerazine,C0038684,Sulfamerazine,9
sulfameter,C0038685,Pregnancy,10
sulfamethazine,C0038686,"Trimethoprim, Sulfamethoxazole Drug Combination",52
sulfamethizole,C0038687,Sulfamethizole,21
sulfamethoxazole,C0038689,"Trimethoprim, Sulfamethoxazole Drug Combination",1132
sulfamethoxypyridazine,C0038693,Anti-Bacterial Agents,3
sulfametrole,C0075512,Sulfanilamides,4
sulfamoxole,C0038700,Drug Combinations,5
sulfanilamide,C0038702,Sulfanilamide,12
sulfanilamide,C1161332,Sulfanilamide,12
sulfaphenazole,C0038706,"Microsomes, Liver",7
sulfapyridine,C0038710,Sulfapyridine,33
sulfasalazine,C0036078,Sulfasalazine,248
sulfate ion,C3536965,Pregnancy,396
sulfated beef insulin,C0653718,Diabetes Mellitus,1
sulfathiazole,C0038722,Pregnancy,4
sulfathiourea,C0075539,"Abnormalities, Drug-Induced",2
sulfatide,C0038727,"Leukodystrophy, Metachromatic",103
sulfenazone,C0075623,Pseudotumor Cerebri,2
sulfinpyrazone,C0038742,Sulfinpyrazone,5
sulfisoxazole,C0038745,Sulfisoxazole,66
sulfobromophthalein,C0038753,Sulfobromophthalein,36
sulfone,C0038761,Sulfones,443
sulfone,C3536897,Dapsone,13
sulforaphane,C0163159,Sulfoxides,23
sulfoxaflor,C3178211,China,3
sulfoxone,C0075606,Age Factors,1
sulfur,C0038774,Sulfur,173
sulfur dioxide,C0038777,Air Pollutants,979
sulfuric acid,C0038784,Sulfuric Acids,36
sulindac,C0038792,Sulindac,40
sulisobenzone,C0075618,Benzophenones,4
sulodexide,C0061450,Anti-Bacterial Agents,1
sulpiride,C0038803,Sulpiride,93
sulprostone,C0075628,Pregnancy,260
sultamicillin,C2930041,Ampicillin,120
sulthiame,C0038807,Anticonvulsants,53
sultopride,C0075630,Amisulpride,1
sumatriptan,C0075632,Sumatriptan,74
sunflower oil,C0075639,Sunflower Oil,96
sunflower seed,C2741444,Seeds,3
sunflower seed,C3257532,Seeds,3
sunitinib,C1176020,Sunitinib,40
superoxide dismutase,C0038838,Superoxide Dismutase,1748
superwarfarin,C0752449,4-Hydroxycoumarins,14
suprofen,C0038878,Phenylpropionates,13
suptavumab,C4519738,Antiviral Agents,2
suramin,C0038880,Suramin,12
sutezolid,C4079994,Antitubercular Agents,1
suvorexant,C3179535,Azepines,3
sweet cherry,C2741489,"Cells, Cultured",1
sweet potato,C2741492,Ipomoea batatas,19
sweet potato,C4722710,Ipomoea batatas,19
swordfish,C2741474,Fishes,39
symmetric dimethylarginine,C0067305,Arginine,85
sympathomimetic amines,C0002509,Pregnancy,18
syncephalastrum racemosum,C2726218,Dermatomycoses,1
synephrine,C0039086,Neuroblastoma,2
synthetic glucocorticoids,C0017711,Pregnancy,71
syntometrine,C0075707,Ergonovine,39
t-Butyl Hydroperoxide,C0076150,Oxidative Stress,7
t-butylhydroquinone,C0046563,Pregnancy,7
tabalumab,C2984518,"Animals, Newborn",2
tacalcitol,C0953467,Dermatologic Agents,11
tacrine,C0039245,"Arthroplasty, Replacement, Hip",42
tacrolimus,C0085149,Immunosuppressive Agents,2056
tadalafil,C1176316,Tadalafil,60
tafamidis,C2745274,"Amyloid Neuropathies, Familial",3
tafenoquine,C0903411,Antimalarials,19
tafluprost,C1451502,Glaucoma,1
tagatose,C0075773,Body Fluids,1
tagraxofusp,C4746084,Dendritic Cells,2
tagraxofusp-erzs,C4746083,Dendritic Cells,2
tak-611,C5814297,Cerebroside-Sulfatase,4
tak-751s,C1692330,Colitis,1
talactoferrin alfa,C1872514,Lactoferrin,5
talampicillin,C0039266,Ampicillin,5
talazoparib,C4042960,Antineoplastic Combined Chemotherapy Protocols,2
talc,C0039267,Talc,33
taliglucerase alfa,C3273401,Gaucher Disease,6
talinolol,C0075783,Propranolol,4
talniflumate,C0772080,Ambulatory Care,1
talotrexin,C1765332,Aminopterin,1
tamibarotene,C1567753,Benzoates,2
tamoxifen,C0039286,Tamoxifen,295
tamsulosin,C0257343,Tamsulosin,22
tandospirone,C0074676,Anti-Anxiety Agents,2
tanespimycin,C0675974,Benzoquinones,4
tangerine,C2728174,Citrus,4
tangerine,C3257533,Citrus,4
tangerine peel,C3256960,"Drugs, Chinese Herbal",1
tannic acid,C0039294,Tannins,27
tapentadol,C2001271,"Analgesics, Opioid",9
tapinarof,C4541381,"Dermatitis, Atopic",4
tariquidar,C0879444,"ATP Binding Cassette Transporter, Subfamily B",1
tartaric acid,C0075821,Acid Phosphatase,3
tartrate,C0039328,Tartrates,33
tartrate,C0144544,Acid Phosphatase,23
tartrazine,C0039329,Tartrazine,25
tasidotin,C1610484,Apoptosis,1
tasidotin hydrochloride,C1615059,Apoptosis,1
tasimelteon,C1313052,Benzofurans,2
taurine,C0039350,Taurine,383
taurine deoxycholate,C0087064,"Administration, Intranasal",1
taurochenodeoxycholic acid,C0039356,Bile Acids and Salts,15
taurocholic acid,C0039358,Taurocholic Acid,44
taurolidine,C0144567,Taurine,20
tauroursodeoxycholic acid,C0075857,Bile Acids and Salts,7
tavaborole,C3642427,"Administration, Topical",2
taxane,C0215136,Retrospective Studies,36
taxane,C0796419,Retrospective Studies,50
taxifolin,C0075861,"Animals, Newborn",2
tazarotene,C0288792,Nicotinic Acids,36
tazemetostat,C4086895,Benzamides,3
tazobactam,C0075870,Anti-Bacterial Agents,221
tea tree oil,C0216194,Tea Tree Oil,15
tebipenem pivoxil,C2699902,Carbapenems,10
tebuconazole,C0254481,Pesticides,16
teceleukin,C2825351,"Antibodies, Monoclonal",1
technetium tc-99m disofenin,C0075932,Technetium Tc 99m Disofenin,20
technetium tc-99m medronate,C0039416,Technetium Tc 99m Medronate,97
technetium tc-99m sestamibi,C0162680,Technetium Tc 99m Sestamibi,68
technetium tc-99m succimer,C0075928,Technetium Tc 99m Dimercaptosuccinic Acid,240
technetium tc-99m tetrofosmin,C0211492,Coronary Circulation,2
tecovirimat,C2713595,"Mpox, Monkeypox",10
tedizolid,C2744850,Anti-Bacterial Agents,8
tedizolid phosphate,C2930762,Anti-Bacterial Agents,7
teduglutide,C1530889,Peptides,17
tefluthrin,C1506298,Insecticides,2
tegafur,C0016778,Tegafur,25
tegaserod,C0537147,Indoles,7
telaprevir,C1876229,Oligopeptides,7
telbivudine,C1453933,Antiviral Agents,119
telitacicept,C5238006,"Glomerulonephritis, IGA",1
telithromycin,C0907410,Anti-Bacterial Agents,11
tellurium,C0039462,Tellurium,19
telmesteine,C0293153,Hyperlipoproteinemias,1
telmisartan,C0248719,Benzimidazoles,13
telotristat ethyl,C4317559,Abdominal Pain,1
temafloxacin,C0076075,4-Quinolones,1
temazepam,C0039468,Temazepam,30
temefos,C0000714,Insecticides,4
temocapril,C0753183,"Anatomy, Cross-Sectional",2
temocillin,C0076079,Penicillins,6
temoporfin,C0379149,Photochemotherapy,7
temozolomide,C0076080,Temozolomide,302
tempol,C0045283,Antioxidants,5
temsavir,C4726829,"Administration, Intravenous",2
temsirolimus,C1707080,Sirolimus,22
tenamfetamine,C0000379,Malondialdehyde,985
tenecteplase,C0872913,Pregnancy,10
teneligliptin,C2981308,Adverse Drug Reaction Reporting Systems,1
tenidap,C0076092,"Anti-Inflammatory Agents, Non-Steroidal",2
teniposide,C0039512,Antineoplastic Combined Chemotherapy Protocols,129
tenofovir,C0384228,Tenofovir,672
tenofovir alafenamide,C3713958,Tenofovir,46
tenofovir diphosphate,C3712637,HIV Infections,56
tenofovir disoproxil,C0963398,HIV Infections,16
tenoxicam,C0076096,Piroxicam,19
teplizumab,C2743673,"Antibodies, Monoclonal, Humanized",13
teplizumab-mzwv,C5761814,"Antibodies, Monoclonal, Humanized",1
teprotumumab,C2987429,Exophthalmos,2
terameprocol,C0654036,Area Under Curve,1
teratogen,C0039536,Pregnancy,1394
terazosin,C0076107,Adrenergic alpha-Antagonists,4
terbinafine,C0076110,Antifungal Agents,163
terbufos,C0076112,Insecticides,5
terbutaline,C0039542,Terbutaline,681
terbuthylazine,C0076114,Reproducibility of Results,2
terconazole,C0076115,Triazoles,5
terfenadine,C0085173,Terfenadine,112
terguride,C0058446,Lisuride,9
teriflunomide,C1718383,Multiple Sclerosis,27
teriparatide,C0070093,Teriparatide,45
terizidone,C0145184,"Tuberculosis, Multidrug-Resistant",5
terlipressin,C0145185,Terlipressin,42
terodiline,C0076126,Butylamines,5
terpineol,C0348029,Brain,1
tert-butanol,C0076141,"Administration, Inhalation",2
testolactone,C0039600,Testolactone,30
testosterone,C0039601,Testosterone,8028
testosterone,C4721537,Testosterone,8028
testosterone cypionate,C0076181,Testosterone,10
testosterone decanoate,C0076188,Testosterone,4
testosterone enanthate,C0076189,Testosterone,139
testosterone isocaproate,C0253907,Age Determination by Skeleton,2
testosterone phenylpropionate,C0076184,Age Determination by Skeleton,2
testosterone propionate,C0039607,Testosterone,35
testosterone undecanoate,C0076195,Testosterone,57
tetanus toxin,C0039617,Tetanus Toxin,86
tetrabenazine,C0039623,Tetrabenazine,29
tetracaine,C0039629,Tetracaine,177
tetraconazole,C2001782,"Databases, Factual",1
tetracycline,C0039644,Anti-Bacterial Agents,390
tetracycline,C1744619,Anti-Bacterial Agents,489
tetraethylammonium,C0076252,Pregnancy,3
tetrahydrofolic acid,C0048898,"Anemia, Macrocytic",2
tetrahydrouridine,C0039677,Adenosine Deaminase,1
tetrahydrozoline,C0076286,Imidazoles,11
tetraiodothyroacetic acid,C0076289,Thyroxine,3
tetramethrin,C0076295,Environmental Exposure,5
tetramethylenedisulfotetramine,C0076299,Bridged-Ring Compounds,9
tetramisole,C0039692,Tetramisole,6
tetrandrine,C0076316,#,2
tetrathiomolybdate,C0076339,Hepatolenticular Degeneration,3
tetrazepam,C0076341,Benzodiazepines,2
tetridamine,C0145436,"Administration, Intravaginal",1
tetrodotoxin,C0039705,Pregnancy,12
tetrofosmin,C1366036,Organophosphorus Compounds,13
tezacaftor,C4519194,Cystic Fibrosis,94
tezepelumab,C4550163,Asthma,11
tezosentan,C0907956,Pyridines,2
tgaavcf,C5815544,"Administration, Inhalation",3
thalidomide,C0039736,Thalidomide,274
thallium sulfate,C0076370,Alopecia,1
theanine,C0076380,Glutamates,8
thenalidine,C0076382,Agranulocytosis,1
theobroma cacao whole,C3651730,Cacao,2
theobromine,C0039763,Theobromine,67
theodrenaline,C0068955,Pregnancy,18
theophylline,C0039771,Theophylline,1356
theophylline anhydrous,C0304441,Bronchopulmonary Dysplasia,2
thiabendazole,C0039832,Thiabendazole,71
thiacloprid,C0962702,Insecticides,18
thiamine,C0039840,Thiamine,638
thiamine,C3714802,Thiamine,638
thiamphenicol,C0039854,Thiamphenicol,24
thiamphenicol glycinate acetylcysteinate,C0076416,Acetylcysteine,2
thiamylal,C0039855,Pregnancy,36
thiethylperazine,C0039865,Thiethylperazine,5
thimerosal,C0039867,Thimerosal,178
thioamide,C0039875,Thioamides,5
thiocolchicoside,C0076456,Colchicine,5
thiocyanate,C0039887,Thiocyanates,335
thioguanine,C0039902,Thioguanine,389
thiopental,C0039925,Thiopental,543
thiophene,C0599532,"Administration, Oral",1
thiopurine,C1957678,Mercaptopurine,205
thioredoxin,C0039938,Thioredoxins,74
thioredoxin,C1504637,Pregnancy,87
thioredoxin,C1514764,Thioredoxins,64
thioredoxin,C3496084,Thioredoxins,64
thioridazine,C0039943,Thioridazine,73
thiosalicylic acid,C1099675,Benzoates,1
thiosulfate,C3848534,Metalloproteins,7
thiotepa,C0039871,Thiotepa,257
thiothixene,C0039955,Thiothixene,9
thiram,C0039962,Thiram,2
threonic acid,C0076545,Metabolomics,5
threonine,C0040005,Amino Acids,381
thrombin,C0040018,Thrombin,650
thrombin,C1337342,Thrombin,650
thrombomodulin alfa,C4284401,Disseminated Intravascular Coagulation,6
thrombopoietin,C0040052,Pregnancy,470
thrombopoietin,C3887665,Thrombopoietin,332
thymalfasin,C0076612,Thymosin,31
thyme,C1095902,Phytotherapy,4
thyme,C2726150,Phytotherapy,4
thyme oil,C0304119,Apraxias,1
thymol,C0040096,Thymol,58
thymopentin,C0080225,Thymopentin,26
thymoquinone,C0076611,Anticonvulsants,1
thymosin beta-4,C0076616,Thymosin,17
thymosin beta-4,C4521323,Thymosin,7
thyroglobulin,C0040123,Thyroglobulin,1253
thyroglobulin,C1527123,Thyroglobulin,1253
thyroglobulin,C5196781,Thyroglobulin,1253
thyrotropin,C0040160,Thyrotropin,7245
thyrotropin,C1535531,Thyrotropin,7245
thyrotropin,C3536753,Thyrotropin,7245
thyrotropin,C3540791,Thyrotropin,7245
thyrotropin alfa,C2587204,Thyroid Neoplasms,54
thyrotropin alfa,C4759807,Thyroid Neoplasms,8
thyrotropin releasing hormone,C4521441,Thyrotropin-Releasing Hormone,1060
tiagabine,C0068897,Anticonvulsants,44
tianeptine,C0076652,Thiazepines,10
tiapride,C0040180,Tiapamil Hydrochloride,16
tiaprofenic acid,C0076653,"Anti-Inflammatory Agents, Non-Steroidal",12
tiazofurin,C0076656,Ribavirin,2
tibolone,C0076660,Norpregnenes,20
ticagrelor,C1999375,Ticagrelor,12
ticalopride,C0648910,Cisapride,9
ticarcillin,C0040193,Ticarcillin,119
ticlopidine,C0040207,Ticlopidine,80
tideglusib,C3273375,Age of Onset,1
tienilic acid,C0040209,Fluorescent Antibody Technique,2
tigecycline,C1260298,Anti-Bacterial Agents,73
tilactase,C0083183,Lactose Intolerance,174
tilarginine,C0069477,Methylmalonic Acid,343
tilidine,C0040219,Tilidine,4
tilmicosin,C0076681,Tylosin,4
tiludronate,C0145942,Biomarkers,1
timolol,C0040233,Timolol,154
tin,C0040238,Pregnancy,65
tinidazole,C0040263,Tinidazole,88
tinzaparin,C0216278,"Heparin, Low-Molecular-Weight",42
tioconazole,C0076705,Imidazoles,4
tiopronin,C0025405,Tiopronin,25
tiotropium,C0213771,Tiotropium Bromide,22
tipepidine,C0076714,Piperidines,3
tipepidine hibenzate,C0145968,#,1
tipifarnib,C1176289,Antineoplastic Agents,9
tipranavir,C0663733,HIV Infections,10
tirapazamine,C0208407,Antineoplastic Combined Chemotherapy Protocols,1
tiratricol,C0046882,Triiodothyronine,26
tirilazad,C0245179,Pregnatrienes,4
tirofiban,C0247025,Tirofiban,6
tirzepatide,C5139934,Tirzepatide,3
titanium dioxide,C0076733,Titanium,34
tivantinib,C2987651,Neoplasms,2
tixagevimab,C5432264,COVID-19,3
tixocortol,C0146010,Anti-Inflammatory Agents,2
tixocortol pivalate,C0076748,"Dermatitis, Allergic Contact",6
tizanidine,C0146011,Clonidine,12
tnx-901,C1175165,Allergens,1
tobramycin,C0040341,Tobramycin,598
tobramycin Inhalation Powder,C3556836,"Administration, Inhalation",15
tocainide,C0085237,Tocainide,6
tocilizumab,C1609165,"Antibodies, Monoclonal, Humanized",172
tocofersolan,C0606070,Vitamin E,10
tocopherol,C0042874,Vitamin E,2350
tocopherol,C3255108,Vitamin E,366
tocopheryl nicotinate,C3505684,Erythrocytes,2
tocopherylquinone,C3555502,Aldehyde Dehydrogenase,2
tocotrienol,C0949647,Vitamin E,8
tofacitinib,C2930696,Piperidines,50
tofersen,C5139925,Amyotrophic Lateral Sclerosis,1
tofisopam,C0076784,"Abnormalities, Drug-Induced",2
tolazamide,C0040372,Tolazamide,4
tolazoline,C0040373,Tolazoline,95
tolbutamide,C0040374,Insulin,105
tolciclate,C0076793,Antifungal Agents,2
tolfenamic acid,C0076799,ortho-Aminobenzoates,5
tolmetin,C0040377,Tolmetin,77
tolnaftate,C0040379,Antifungal Agents,6
tolonium chloride,C0040380,Mast Cells,43
toloxatone,C0076804,Acute Disease,1
tolperisone,C0040382,Tolperisone,5
tolterodine,C0388753,Tolterodine Tartrate,39
toluene,C0040383,Toluene,288
tolvaptan,C1176308,Tolvaptan,31
tomato,C0885519,Solanum lycopersicum,48
tomato,C1145756,Solanum lycopersicum,48
tomato,C2702402,Solanum lycopersicum,48
topiramate,C0076829,Anticonvulsants,623
topotecan,C0146224,Topotecan,253
toralizumab,C4726893,CD40 Ligand,5
torasemide,C0076840,Torsemide,3
toremifene,C0076836,Toremifene,4
toripalimab,C4763386,"Antibodies, Monoclonal, Humanized",1
tosufloxacin,C0076843,Anti-Bacterial Agents,19
tovorafenib,C4287814,Fireflies,2
toxicant,C0599787,Pregnancy,761
tozinameran,C5398043,COVID-19,694
tozuleristide,C5139696,Fluorescence,1
tpi-287,C1710314,Antineoplastic Combined Chemotherapy Protocols,1
trabectedin,C1311070,Trabectedin,10
trace metals,C0723796,Trace Elements,191
trafermin,C0757422,Anti-Bacterial Agents,2
tragacanth,C0040602,17-alpha-Hydroxyprogesterone,1
tragacanth,C2727189,17-alpha-Hydroxyprogesterone,1
tralesinidase alfa,C4726898,Brain,1
tralokinumab,C3658667,"Antibodies, Monoclonal",4
tramadol,C0040610,Tramadol,407
tramazoline,C0076890,Imidazoles,2
trametinib,C2697961,Pyridones,53
trandolapril,C0076891,Indoles,4
tranexamic acid,C0040613,Tranexamic Acid,487
tranilast,C0146337,ortho-Aminobenzoates,18
transdermal clonidine,C1270887,Clonidine,12
transfluthrin,C3178479,Insecticides,10
transforming growth factor beta 1,C1704256,Transforming Growth Factor beta1,285
transforming growth factor beta 2,C0079441,Transforming Growth Factor beta,71
transforming growth factor beta 2,C1699342,Transforming Growth Factor beta,71
tranylcypromine,C0040778,Tranylcypromine,15
trapidil,C0040779,Trapidil,5
traseolide,C0671523,Benzopyrans,1
trastuzumab,C0728747,Breast Neoplasms,83
trastuzumab deruxtecan,C4726900,"Antibodies, Monoclonal, Humanized",1
trastuzumab emtansine,C2935436,Ado-Trastuzumab Emtansine,4
travoprost,C0937916,Travoprost,7
trazodone,C0040805,Trazodone,44
trebananib,C3660912,Age Factors,1
trefoil factor 2,C0905072,Trefoil Factor-2,16
trehalose,C0040815,Mice,10
tremelimumab,C2351038,Anilides,1
trenbolone,C0040829,Aquaculture,2
treosulfan,C0076959,Hematopoietic Stem Cell Transplantation,135
treprostinil,C1145760,Antihypertensive Agents,62
tretamine,C0040975,Pregnancy,117
tretinoin,C0040845,Tretinoin,836
tretinoin microsphere,C0724711,Acne Vulgaris,8
tretoquinol,C0040846,Tretoquinol,2
tri(chloroethyl)phosphate,C0077289,Bays,1
triacetin,C0040853,Pregnancy,29
triadimefon,C0076996,Analysis of Variance,2
triamcinolone,C0040864,Triamcinolone,213
triamcinolone acetonide,C0040866,Triamcinolone Acetonide,341
triamcinolone hexacetonide,C0077004,"Arthritis, Juvenile",37
triamterene,C0040869,Triamterene,19
triapine,C0210403,Antineoplastic Combined Chemotherapy Protocols,2
triazavirin,C5574997,Antiviral Agents,1
triaziquone,C0040878,Chromosome Aberrations,2
triazolam,C0040879,Triazolam,22
triazophos,C0077012,Pesticide Residues,7
tribenoside,C0077015,"Abnormalities, Drug-Induced",2
tribromoacetic acid,C0207115,Acetates,1
tribulus terrestris,C3537531,Cell Survival,1
tributyl phosphate,C0077021,Flame Retardants,39
tributyltin,C0077024,Pregnancy,27
tributyrin,C0077025,Enzyme Inhibitors,2
tricalcium phosphate,C0108136,Durapatite,51
tricarballylic acid,C0077031,Carboxylic Acids,1
trichlormethiazide,C0040899,Trichlormethiazide,5
trichloroacetaldehyde,C0077034,Chloral Hydrate,4
trichloroacetic acid,C0040900,Trichloroacetic Acid,97
trichloroethylene,C0040905,Trichloroethylene,119
trichoderma viride,C2726165,Fungi,3
trichophyton mentagrophytes,C0981984,Antifungal Agents,38
trichophyton rubrum,C1445442,Antifungal Agents,35
trichophyton schoenleinii,C2726166,Griseofulvin,3
trichophyton tonsurans,C2702401,Tinea Capitis,49
trichosporon cutaneum,C2980841,"Alveolitis, Extrinsic Allergic",4
trichostatin a,C0077063,Hydroxamic Acids,8
triclabendazole,C0077071,Triclabendazole,36
triclabendazole sulfoxide,C0250410,"Chromatography, Liquid",1
triclocarban,C0077072,Carbanilides,44
triclofos,C0077073,Organophosphates,18
triclopyr,C0077074,Pesticides,3
triclosan,C0040958,Triclosan,273
tricosanoic acid,C0645096,Cattle,2
tricyclic antidepressant,C0003290,"Antidepressive Agents, Tricyclic",198
tricyclic antidepressant,C3536819,"Antidepressive Agents, Tricyclic",116
trientine,C0040976,Hepatolenticular Degeneration,69
triethyl citrate,C0609416,Citrates,2
triethyl phosphate,C0077094,Organophosphates,3
triethylene glycol,C0077100,Polyethylene Glycols,4
trifarotene,C4519213,Acne Vulgaris,2
triflumizole,C0146730,Aldehyde Dehydrogenase,1
trifluoperazine,C0040979,Trifluoperazine,16
trifluoroethanol,C0040983,3-Hydroxysteroid Dehydrogenases,2
trifluperidol,C0040988,Ceruletide,1
triflupromazine,C0040989,Pregnancy,4
trifluridine,C0040987,Thyroid Function Tests,42
triheptanoin,C2604598,Triglycerides,26
trihexyphenidyl,C0041009,Trihexyphenidyl,49
trilostane,C0077144,Pregnancy,9
trimebutine,C0041023,Trimebutine,4
trimegestone,C0628822,Estradiol,3
trimetazidine,C0041037,Trimetazidine,2
trimethadione,C0041038,Trimethadione,18
trimethaphan,C0041040,Trimethaphan,9
trimethobenzamide,C0077163,"Abnormalities, Drug-Induced",2
trimethoprim,C0041041,"Trimethoprim, Sulfamethoxazole Drug Combination",1132
trimethylamine,C0077172,Methylamines,64
trimethyltin,C0077204,Lymphocytes,2
trimethyltin chloride,C0077205,Lymphocytes,2
trimetrexate,C0085176,Trimetrexate,13
trimipramine,C0041056,"Antidepressive Agents, Tricyclic",5
trioxsalen,C0041086,Trioxsalen,7
tripalmitin,C0041087,Triglycerides,9
tripelennamine,C0041090,Pregnancy,12
triphenyl phosphate,C0077249,Flame Retardants,82
triphenyltin,C0077259,Organotin Compounds,11
triphosphoric acid,C0077266,"Diet, Ketogenic",1
triprolidine,C0041098,Triprolidine,14
triptolide,C0077274,Biopsy,2
triptorelin,C0077275,Triptorelin Pamoate,269
"tris(1,3-dichloro-2-propyl)phosphate",C0077278,Flame Retardants,8
tris(2-butoxyethyl) phosphate,C0077284,Flame Retardants,29
tris-acryl gelatin microspheres,C1566001,Acrylic Resins,1
trisaccharide b,C5814337,ABO Blood-Group System,2
tritoqualine,C0077316,Chlorpheniramine,1
trivexan,C0077320,Drug Combinations,2
trofinetide,C4726916,Rett Syndrome,6
trofosfamide,C0077375,Cyclophosphamide,14
troglitazone,C0245514,Thiazolidinediones,20
trolamine,C0077089,"Electrophoresis, Capillary",4
trolamine polypeptide oleate condensate,C2936656,Cerumen,2
troleandomycin,C0041165,Troleandomycin,24
tromethamine,C0041175,Flame Retardants,109
tropicamide,C0041190,Tropicamide,119
tropifexor,C4726919,Cell Proliferation,1
tropisetron,C0063322,Indoles,43
trospium,C0772089,#,1
trout,C2725895,Fishes,11
trovafloxacin,C0379881,Anti-Infective Agents,5
troxacitabine,C0877874,Cytosine,2
troxerutin,C0077410,Pregnancy,6
trypan blue,C0041213,Pregnancy,23
trypsin,C0041236,Trypsin,504
tryptamine,C0041248,Tryptamines,118
tryptamine,C0077431,Pregnancy,13
tryptophan,C0041249,Tryptophan,806
tubercidin,C0041286,Adenine,1
tuberculosis vaccine,C0041305,Tuberculosis Vaccines,240
tubocurarine,C0041345,Tubocurarine,85
tucatinib,C4519167,Breast Neoplasms,1
tucidinostat,C2932486,Aminopyridines,9
tulobuterol,C0077497,Terbutaline,14
tunicamycin,C0041385,Endoplasmic Reticulum Stress,4
turkey,C2722024,Turkey,5123
turmeric,C0077524,Curcumin,11
turnip,C2726168,Brassica napus,5
turoctocog alfa,C3529563,Factor VIII,7
turoctocog alfa pegol,C4727763,Factor VIII,9
turpentine,C0041411,Turpentine,11
tylosin,C0041441,Tylosin,5
tyloxapol,C0077539,Follow-Up Studies,3
"typhoid Vi polysaccharide vaccine, S typhi Ty2 strain",C0078221,"Polysaccharides, Bacterial",7
typhoid vaccine,C0041469,Typhoid-Paratyphoid Vaccines,124
typhoid vaccine,C5240296,Typhoid-Paratyphoid Vaccines,105
typhoid vi polysaccharide vaccine,C0078221,"Polysaccharides, Bacterial",7
tyramine,C0041479,Tyramine,32
tyrosinase,C0012524,Monophenol Monooxygenase,82
tyrosinase,C0041484,Monophenol Monooxygenase,91
tyrosinase,C4048300,Tyrosine,94
tyrosine,C0041485,Tyrosine,1056
tyrosol,C0048386,Olive Oil,3
ubenimex,C0053355,Leucine,11
ubidecarenone,C0041536,Ubiquinone,350
ubiquinol,C0077656,Ubiquinone,15
ubrogepant,C4505936,Calcitonin Gene-Related Peptide,1
udenafil,C1742789,Sulfonamides,4
ulinastatin,C0077906,Glycoproteins,51
ulipristal,C0300205,Norpregnadienes,14
umeclidinium,C3661274,"Administration, Inhalation",3
umifenovir,C0254211,Antiviral Agents,5
undecanoic acid,C0077819,Amyloid,2
undecylenic acid,C0041660,"Administration, Topical",2
unithiol,C0041738,DNA Methylation,27
upadacitinib,C4726929,"Heterocyclic Compounds, 3-Ring",18
uracil,C0041917,Uracil,104
uranium acetate,C0077854,Mice,3
urapidil,C0077857,Antihypertensive Agents,18
urea,C0041942,Urea,1752
urea 40%,C1168599,Urea,3
urea c-13,C0732290,Helicobacter pylori,142
urethane,C0041964,Rats,7
urethane,C0678237,Rats,7
uric acid,C0041980,Uric Acid,2592
uridine,C0041984,Glucuronosyltransferase,110
urocortin-2,C0969397,Corticotropin-Releasing Hormone,5
urofollitropin,C0524639,Pregnancy,27
urokinase,C0042071,Urokinase-Type Plasminogen Activator,380
urokinase,C1522670,Urokinase-Type Plasminogen Activator,434
urolithin a,C1619908,Ellagic Acid,2
ursodeoxycholic acid,C0042105,Ursodeoxycholic Acid,472
ursolic acid,C0077938,Adiposity,2
urtoxazumab,C4726932,Anti-Bacterial Agents,1
ustekinumab,C1608841,Ustekinumab,114
uteroglobin,C0042147,Uteroglobin,155
vaborbactam,C4519317,Boronic Acids,4
vaccine,C0042210,Vaccination,19207
vaccine,C5399710,Vaccination,17096
vadimezan,C2930490,Angiogenesis Inhibitors,1
valaciclovir,C0249458,Valacyclovir,144
valbenazine,C4078701,Retrospective Studies,1
valdecoxib,C0913246,Isoxazoles,8
valerate,C0042280,Valerates,164
valerate,C3503281,Pregnancy,54
valerian,C0795674,Valerian,8
valethamate,C0077981,Cervix Uteri,3
valganciclovir,C0909381,Cytomegalovirus Infections,239
valine,C0042285,Valine,464
valnoctamide,C0077995,Amides,1
valoctocogene roxaparvovec,C4726937,Factor VIII,1
valproate,C0080356,Anticonvulsants,1276
valproic acid,C0042291,Valproic Acid,2831
valsartan,C0216784,Valsartan,41
valspodar,C0753474,Cyclosporins,4
vamorolone,C4726940,"Muscular Dystrophy, Duchenne",11
vanadium,C0042306,Pregnancy,102
vandetanib,C1121849,Piperidines,22
vanilla,C0885854,Odorants,24
vanilla,C2741480,Odorants,24
vanillic acid,C0042315,Homovanillic Acid,8
vardenafil,C0971579,Piperazines,7
varenicline,C1569608,Smoking Cessation,18
varespladib,C2713485,Acetates,3
varicella-zoster immune globulin,C0078049,Chickenpox,86
vasoactive intestinal peptide,C0042395,Vasoactive Intestinal Peptide,258
vasoactive intestinal peptide,C3887671,Vasoactive Intestinal Peptide,258
vasopressin,C1098706,Deamino Arginine Vasopressin,796
vasopressin,C1705480,Vasopressins,575
vatreptacog alfa,C4044785,Cross-Over Studies,1
vaxsyn,C5815531,AIDS Vaccines,3
vecuronium,C0242531,Vecuronium Bromide,167
vedolizumab,C2742797,"Antibodies, Monoclonal, Humanized",83
velaglucerase alfa,C2919267,Gaucher Disease,24
veliparib,C1958300,Benzimidazoles,3
velmanase alfa,C4519112,alpha-Mannosidosis,8
velpatasvir,C4079582,Antiviral Agents,8
vemurafenib,C3192263,Vemurafenib,31
venetoclax,C4079830,"Bridged Bicyclo Compounds, Heterocyclic",19
venison,C2725898,Meat,5
venlafaxine,C0078569,Venlafaxine Hydrochloride,136
veralipride,C0078168,Climacteric,1
verapamil,C0042523,Verapamil,351
vericiguat,C4078709,Adrenergic beta-Antagonists,1
vernakalant,C2001572,Adenosine,1
verteporfin,C0387288,Photochemotherapy,25
vestronidase alfa,C4519728,Glucuronidase,5
vibegron,C4279743,Pyrimidinones,3
vicriviroc,C1452204,Piperazines,4
vidarabine,C0042646,Vidarabine,729
vigabatrin,C0048044,Anticonvulsants,430
vilanterol,C2935023,Asthma,20
vilaprisan,C4508937,Steroids,3
vilazodone,C1530072,Selective Serotonin Reuptake Inhibitors,10
vildagliptin,C1570906,Vildagliptin,3
viloxazine,C0042665,Viloxazine,18
viltolarsen,C5139804,Dystrophin,3
vinblastine,C0042670,Vinblastine,876
vinca alkaloid,C0042672,Vinca Alkaloids,25
vinca alkaloid,C3536905,Vinblastine,16
vincamine,C0042674,"Administration, Oral",1
vinclozolin,C0078245,Pregnancy,22
vincristine,C0042679,Vincristine,4309
vindesine,C0042682,Vindesine,73
vinorelbine,C0078257,Vinorelbine,65
vinpocetine,C0059752,Vinca Alkaloids,10
vinyl chloride,C0042684,Vinyl Chloride,51
vinyl ether,C0078264,Plasmalogens,5
viper antivenom,C0305048,Antivenins,4
visilizumab,C3887822,Acute Disease,2
vismodegib,C2987716,Anilides,4
vistusertib,C4287801,"Administration, Oral",1
vitamin B,C0042849,Folic Acid,1908
vitamin B,C1704763,Folic Acid,1176
vitamin B,C5442122,Folic Acid,903
vitamin B12,C2936883,Vitamin B 12,2855
vitamin B6,C0087162,Folic Acid,708
vitamin K,C0042878,Vitamin K,818
vitamin K,C2936884,Vitamin K,818
vitamin K,C3541380,Vitamin K,818
vitamin K,C3714648,Vitamin K,818
vitamin a,C0042839,Vitamin A,3839
vitamin a,C2825076,Vitamin A,3503
vitamin a,C3714656,Vitamin A,3503
vitamin c,C2349136,Ascorbic Acid,1261
vitamin c,C3714687,Ascorbic Acid,1261
vitamin c,C4522080,Ascorbic Acid,1261
vitamin d,C0042866,Vitamin D,9272
vitamin d,C3537249,Vitamin D,9272
vitamin d,C3714503,Vitamin D,9272
vitamin e,C3714803,Vitamin E,2350
vitexin,C0078388,Diet,2
vixotrigine,C4505506,"Contraceptives, Oral, Combined",1
voglibose,C0532578,"Diabetes Mellitus, Type 2",2
volanesorsen,C4726970,Apolipoprotein C-III,1
volasertib,C2698841,"Dose-Response Relationship, Drug",1
von Willebrand factor,C0042971,von Willebrand Factor,1069
von Willebrand factor,C0795677,von Willebrand Factor,1069
vonoprazan,C4080009,Helicobacter Infections,6
vorapaxar,C2974521,Atherosclerosis,1
voriconazole,C0393080,Antifungal Agents,479
vorinostat,C0672708,Medulloblastoma,61
vortioxetine,C3661282,Vortioxetine,14
vosoritide,C4519745,Achondroplasia,12
voxelotor,C4723629,"Anemia, Sickle Cell",15
voxilaprevir,C4507236,Aminoisobutyric Acids,2
vpm1002,C5391453,BCG Vaccine,7
warfarin,C0043031,Warfarin,733
water,C0043047,Pregnancy,4375
watercress,C0947610,Fascioliasis,7
watercress,C2728178,Fascioliasis,7
watermelon,C0874041,Fruit,12
watermelon,C2741453,Citrullus,9
wheat,C0981883,Triticum,453
wheat,C1095911,Triticum,376
wheat bran,C2728179,Dietary Fiber,28
wheat bran,C3257534,Dietary Fiber,29
wheat germ oil,C0244994,Dietary Supplements,2
white fish,C2741458,Diet,14
white mustard seed,C3700897,"Biodegradation, Environmental",1
white pepper,C2728192,Aflatoxin B1,1
willow bark,C0874039,Air Pollutants,1
witch hazel,C0301421,Anti-Inflammatory Agents,1
wormwood,C0885023,Double-Blind Method,2
wormwood,C0939883,Allergens,43
wormwood,C1095890,Double-Blind Method,3
wortmannin,C0078517,Signal Transduction,9
xamoterol,C0078595,"Cardiomyopathy, Dilated",1
xanthan gum,C0078596,Food Additives,4
xanthinol,C0301387,Autonomic Nervous System,1
xanthohumol,C0536128,"Adipose Tissue, White",1
xenon,C0043339,Cerebrovascular Circulation,127
ximelagatran,C0966370,Anticoagulants,3
xipamide,C0043355,Adrenal Cortex Hormones,1
xylazine,C0043366,"Analgesics, Opioid",4
xylene,C0043367,Xylenes,70
xylitol,C0043369,Xylitol,190
xyloglucan,C0078641,Glucans,2
xylometazoline,C0078643,Imidazoles,19
xylose,C0043375,Xylose,188
y-27632,C0667301,Reactive Oxygen Species,3
yellow fever vaccine,C0301508,Yellow Fever,275
yellow fever vaccine,C2356374,Yellow Fever Vaccine,224
yellowfin tuna,C4724781,Tuna,4
yellowfin tuna,C5203659,Tuna,4
yersinia pestis 195/p antigen (formaldehyde inactivated),C2700293,Plague Vaccine,16
yohimbine,C0724441,Yohimbine,17
yttrium-90 citrate colloid,C1337404,Citrates,1
zafirlukast,C0378466,Tosyl Compounds,28
zalcitabine,C0012132,Aromatic-L-Amino-Acid Decarboxylases,26
zaleplon,C0251504,Hypnotics and Sedatives,8
zanamivir,C0216660,"Influenza, Human",146
zea mays pollen,C2701231,"Administration, Oral",1
zeaxanthin,C0078752,Carotenoids,153
zebularine,C0084253,Antineoplastic Agents,1
zein,C0043458,Zein,18
zeranol,C0043465,Zeranol,12
zibotentan,C2713006,Area Under Curve,1
ziconotide,C0211011,omega-Conotoxins,5
zidovudine,C0043474,HIV Infections,2139
zileuton,C0081408,Hydroxyurea,5
zimelidine,C0043479,Zimeldine,6
zinc,C0043481,Zinc,5837
zinc,C3541396,Zinc,5837
zinc,C3714650,Zinc,5837
zinc acetate,C0149368,Zinc,25
zinc carbonate,C0078772,Zinc,2
zinc chloride,C0078774,Zinc,13
zinc citrate,C0772239,Citrates,5
zinc gluconate,C0149381,Zinc,44
zinc glycinate,C0078781,Attention Deficit Disorder with Hyperactivity,1
zinc iodide,C0078784,Deficiency Diseases,1
zinc oxide,C0043491,"Tooth, Deciduous",74
zinc phosphide,C0078789,Phosphines,5
zinc protoporphyrin,C0078791,Protoporphyrins,193
zinc sulfate,C0078794,Zinc,234
zinc supplement,C1268859,Zinc,77
zinc-DTPA,C0043501,"Administration, Oral",1
zipeprol,C0078811,Antitussive Agents,4
ziprasidone,C0380393,Antipsychotic Agents,74
zirconium dioxide,C0078814,Crowns,10
ziresovir,C5139844,Quinazolines,2
ziritaxestat,C5139703,"Contraceptives, Oral",2
zoledronate,C0392938,Zoledronic Acid,35
zoledronic acid,C0257685,Zoledronic Acid,110
zolmitriptan,C0528166,Migraine Disorders,19
zolpidem,C0078839,Zolpidem,57
zomepirac,C0078840,Anti-Inflammatory Agents,1
zonisamide,C0078844,Anticonvulsants,206
zopiclone,C0078847,Hypnotics and Sedatives,16
zorubicin,C0206788,Remission Induction,4
zotarolimus,C1700035,Sirolimus,2
zotepine,C0078849,Antipsychotic Agents,3
zuclopenthixol,C0376160,Clopenthixol,17
zuranolone,C5227595,Double-Blind Method,9
zycov-d,C5421802,COVID-19,1
